user_id,age,gender,occupation_type,chronotype,bedtime_phone_minutes,primary_bedtime_app,screen_brightness_pct,blue_light_filter_active,caffeine_post_5pm_mg,physical_activity_min,sleep_latency_min,total_sleep_hours,deep_sleep_pct,rem_sleep_pct,morning_alarm_snoozes,next_day_fatigue_score,sleep_debt_category
USR-00001,29,Female,Healthcare / Shift Worker,Intermediate,179,Instagram / Reddit,54,1,0,21,84.4,3.2,23.5,22.2,7,10.0,Severe Sleep Debt
USR-00002,58,Female,Student,Intermediate,163,YouTube,76,1,92,72,86.7,4.06,18.0,21.5,7,10.0,Severe Sleep Debt
USR-00003,41,Female,Healthcare / Shift Worker,Night Owl,100,TikTok / Reels,59,0,45,23,70.5,3.2,18.1,20.5,7,10.0,Severe Sleep Debt
USR-00004,36,Non-Binary,Remote Tech,Intermediate,34,YouTube,52,0,97,49,38.1,6.99,21.6,22.4,1,1.7,Mild Deficit
USR-00005,23,Female,Healthcare / Shift Worker,Intermediate,27,TikTok / Reels,82,1,0,38,32.3,4.58,24.1,22.8,4,5.3,Moderate Debt
USR-00006,23,Male,Healthcare / Shift Worker,Intermediate,76,TikTok / Reels,39,0,136,42,50.6,5.87,21.4,17.5,4,5.0,Moderate Debt
USR-00007,20,Female,Remote Tech,Night Owl,53,TikTok / Reels,32,0,0,64,36.2,4.43,22.7,19.0,6,6.4,Moderate Debt
USR-00008,49,Male,Remote Tech,Morning Lark,113,YouTube,34,1,39,58,60.2,5.94,19.3,19.9,3,4.5,Moderate Debt
USR-00009,36,Male,Freelance / Creative,Morning Lark,65,News / Reading,35,1,0,25,28.2,8.0,22.2,18.5,1,1.0,Optimal Recovery
USR-00010,40,Female,Student,Night Owl,70,Streaming (Netflix/Hulu),63,1,115,59,53.7,4.7,23.5,16.6,4,7.3,Moderate Debt
USR-00011,18,Female,Freelance / Creative,Intermediate,23,YouTube,49,0,0,34,19.7,7.54,25.4,22.1,2,1.0,Mild Deficit
USR-00012,60,Male,Healthcare / Shift Worker,Intermediate,29,TikTok / Reels,75,1,91,70,44.3,5.54,15.9,15.9,4,5.0,Moderate Debt
USR-00013,47,Male,Student,Intermediate,58,TikTok / Reels,64,1,0,52,42.3,7.64,21.9,20.0,2,1.0,Mild Deficit
USR-00014,24,Male,Corporate 9-to-5,Night Owl,47,Instagram / Reddit,62,1,0,46,33.2,5.76,23.0,23.9,1,3.3,Moderate Debt
USR-00015,23,Female,Corporate 9-to-5,Morning Lark,42,YouTube,20,1,128,68,26.5,8.01,24.3,16.7,0,1.0,Optimal Recovery
USR-00016,23,Female,Freelance / Creative,Morning Lark,23,TikTok / Reels,66,0,0,87,27.6,8.76,27.5,19.1,0,1.0,Optimal Recovery
USR-00017,27,Male,Corporate 9-to-5,Night Owl,28,Streaming (Netflix/Hulu),80,1,0,52,36.7,6.67,21.9,15.7,2,1.7,Moderate Debt
USR-00018,33,Male,Corporate 9-to-5,Intermediate,15,YouTube,57,1,21,32,20.8,7.36,26.2,16.7,1,1.0,Mild Deficit
USR-00019,30,Female,Student,Intermediate,36,YouTube,36,1,0,25,36.8,7.3,22.4,21.2,2,2.0,Mild Deficit
USR-00020,26,Male,Student,Night Owl,48,News / Reading,24,1,0,62,26.1,5.71,25.2,19.2,4,3.3,Moderate Debt
USR-00021,36,Female,Corporate 9-to-5,Intermediate,50,TikTok / Reels,75,0,62,9,49.1,7.21,20.7,14.5,3,2.4,Mild Deficit
USR-00022,22,Female,Corporate 9-to-5,Morning Lark,111,Instagram / Reddit,57,0,0,17,65.8,6.68,19.0,21.3,3,4.0,Moderate Debt
USR-00023,26,Female,Remote Tech,Morning Lark,8,Messaging / Chat,28,0,0,55,18.2,8.97,27.5,21.5,0,1.0,Optimal Recovery
USR-00024,28,Female,Corporate 9-to-5,Intermediate,151,TikTok / Reels,63,1,0,9,81.4,4.37,18.4,19.8,4,7.8,Moderate Debt
USR-00025,31,Male,Healthcare / Shift Worker,Night Owl,81,Messaging / Chat,55,1,0,11,50.5,3.2,22.3,20.9,5,8.0,Moderate Debt
USR-00026,44,Female,Corporate 9-to-5,Morning Lark,56,Instagram / Reddit,87,0,0,45,39.8,6.91,21.9,21.2,2,2.8,Mild Deficit
USR-00027,24,Female,Healthcare / Shift Worker,Morning Lark,26,Streaming (Netflix/Hulu),39,1,0,48,28.6,7.38,23.5,23.8,1,1.3,Mild Deficit
USR-00028,33,Male,Healthcare / Shift Worker,Night Owl,38,YouTube,62,0,0,35,17.7,4.2,20.0,19.8,4,6.2,Moderate Debt
USR-00029,36,Male,Student,Morning Lark,79,News / Reading,79,1,0,19,33.2,7.24,26.2,21.6,2,1.9,Mild Deficit
USR-00030,19,Male,Corporate 9-to-5,Intermediate,30,Instagram / Reddit,64,1,0,49,31.7,6.94,22.4,21.4,1,1.3,Mild Deficit
USR-00031,36,Male,Remote Tech,Morning Lark,84,Streaming (Netflix/Hulu),52,0,32,38,46.3,6.65,17.0,22.7,1,2.5,Moderate Debt
USR-00032,23,Female,Remote Tech,Intermediate,52,Streaming (Netflix/Hulu),48,1,130,29,45.0,7.12,19.4,15.0,2,2.7,Mild Deficit
USR-00033,20,Male,Corporate 9-to-5,Intermediate,52,YouTube,49,0,0,17,33.5,7.22,20.3,20.4,3,2.6,Mild Deficit
USR-00034,57,Male,Healthcare / Shift Worker,Morning Lark,79,YouTube,45,0,0,45,47.0,6.02,24.6,20.5,3,4.3,Moderate Debt
USR-00035,60,Male,Remote Tech,Intermediate,22,YouTube,41,0,93,32,18.6,7.13,23.1,21.0,1,1.7,Mild Deficit
USR-00036,45,Female,Healthcare / Shift Worker,Intermediate,42,YouTube,78,1,0,47,33.9,5.04,19.5,17.3,3,4.7,Moderate Debt
USR-00037,27,Female,Corporate 9-to-5,Intermediate,48,Instagram / Reddit,76,1,62,61,36.5,6.23,22.9,17.1,3,2.7,Moderate Debt
USR-00038,21,Male,Corporate 9-to-5,Intermediate,77,Streaming (Netflix/Hulu),70,1,0,65,43.6,6.9,21.4,23.0,3,2.4,Mild Deficit
USR-00039,39,Female,Freelance / Creative,Intermediate,105,Instagram / Reddit,59,0,0,61,68.6,5.19,18.5,20.9,5,7.3,Moderate Debt
USR-00040,30,Male,Remote Tech,Intermediate,20,Instagram / Reddit,59,1,117,25,25.4,6.38,15.7,15.9,2,2.8,Moderate Debt
USR-00041,22,Male,Remote Tech,Intermediate,52,Instagram / Reddit,24,1,125,12,58.5,6.32,19.1,18.0,3,5.3,Moderate Debt
USR-00042,32,Male,Remote Tech,Intermediate,19,YouTube,69,1,66,29,16.1,7.62,21.3,21.1,1,1.0,Mild Deficit
USR-00043,19,Male,Corporate 9-to-5,Intermediate,52,Instagram / Reddit,55,0,0,37,35.9,8.35,18.0,22.4,0,1.0,Optimal Recovery
USR-00044,53,Male,Student,Intermediate,70,TikTok / Reels,31,1,0,63,48.0,6.91,27.9,23.2,3,2.5,Mild Deficit
USR-00045,26,Female,Corporate 9-to-5,Morning Lark,38,TikTok / Reels,76,0,135,34,47.0,7.55,17.3,14.6,3,2.8,Mild Deficit
USR-00046,38,Male,Remote Tech,Morning Lark,108,Streaming (Netflix/Hulu),52,1,204,59,59.4,5.64,15.4,13.3,5,6.4,Moderate Debt
USR-00047,27,Male,Remote Tech,Intermediate,71,TikTok / Reels,70,0,163,38,60.5,6.15,18.9,15.9,4,6.9,Moderate Debt
USR-00048,33,Female,Freelance / Creative,Night Owl,67,TikTok / Reels,64,0,0,41,47.1,5.27,14.0,22.1,4,5.7,Moderate Debt
USR-00049,34,Female,Remote Tech,Night Owl,57,Streaming (Netflix/Hulu),37,0,0,71,23.4,6.05,21.3,20.8,3,2.7,Moderate Debt
USR-00050,24,Female,Corporate 9-to-5,Intermediate,79,YouTube,70,0,0,68,35.5,5.86,25.5,20.5,2,3.0,Moderate Debt
USR-00051,60,Male,Remote Tech,Intermediate,114,Instagram / Reddit,42,1,0,9,59.5,5.42,22.9,17.5,5,7.2,Moderate Debt
USR-00052,43,Female,Corporate 9-to-5,Morning Lark,59,News / Reading,22,0,0,40,24.2,7.5,20.8,20.1,1,1.0,Mild Deficit
USR-00053,56,Male,Corporate 9-to-5,Night Owl,40,Streaming (Netflix/Hulu),70,1,0,35,27.1,6.06,26.2,22.4,2,1.8,Moderate Debt
USR-00054,52,Female,Corporate 9-to-5,Night Owl,180,Streaming (Netflix/Hulu),59,0,0,4,84.7,3.27,16.8,23.4,6,10.0,Severe Sleep Debt
USR-00055,36,Female,Remote Tech,Morning Lark,58,YouTube,57,0,0,49,39.3,8.66,22.4,18.2,1,1.0,Optimal Recovery
USR-00056,54,Male,Corporate 9-to-5,Night Owl,48,Streaming (Netflix/Hulu),70,0,0,35,34.4,4.43,21.4,18.2,4,6.5,Moderate Debt
USR-00057,21,Female,Remote Tech,Intermediate,76,TikTok / Reels,32,0,97,57,53.1,4.96,24.8,15.4,4,6.2,Moderate Debt
USR-00058,24,Male,Freelance / Creative,Intermediate,11,YouTube,36,0,23,14,19.3,7.57,24.3,20.5,0,1.0,Mild Deficit
USR-00059,19,Male,Student,Night Owl,19,TikTok / Reels,33,1,0,49,26.5,6.15,28.0,16.6,4,3.1,Moderate Debt
USR-00060,27,Male,Corporate 9-to-5,Intermediate,9,TikTok / Reels,46,1,0,5,8.7,8.36,25.0,18.5,0,1.0,Optimal Recovery
USR-00061,29,Female,Corporate 9-to-5,Night Owl,11,YouTube,62,0,0,41,26.4,5.38,25.7,16.1,3,3.7,Moderate Debt
USR-00062,26,Male,Student,Morning Lark,25,Instagram / Reddit,96,1,0,21,28.4,7.81,21.5,20.0,1,1.0,Optimal Recovery
USR-00063,46,Male,Healthcare / Shift Worker,Intermediate,38,YouTube,50,0,0,24,22.3,5.59,23.3,20.5,2,4.1,Moderate Debt
USR-00064,28,Male,Corporate 9-to-5,Intermediate,37,YouTube,58,0,220,53,39.3,6.37,19.0,15.8,1,3.5,Moderate Debt
USR-00065,26,Female,Healthcare / Shift Worker,Intermediate,48,YouTube,26,0,0,0,27.9,4.27,19.8,20.6,3,5.7,Moderate Debt
USR-00066,34,Male,Remote Tech,Intermediate,65,Streaming (Netflix/Hulu),44,0,188,50,43.5,5.93,22.1,18.1,3,5.3,Moderate Debt
USR-00067,22,Male,Remote Tech,Intermediate,39,TikTok / Reels,14,1,56,3,31.6,7.82,20.0,18.4,1,1.0,Optimal Recovery
USR-00068,45,Male,Freelance / Creative,Intermediate,66,Instagram / Reddit,100,0,0,39,44.8,6.3,19.7,21.4,3,5.0,Moderate Debt
USR-00069,20,Female,Student,Intermediate,113,TikTok / Reels,17,1,0,0,63.2,5.55,19.3,21.4,2,4.2,Moderate Debt
USR-00070,63,Female,Healthcare / Shift Worker,Night Owl,165,YouTube,45,1,0,26,61.9,3.2,17.6,20.0,6,8.9,Severe Sleep Debt
USR-00071,43,Female,Remote Tech,Intermediate,125,Instagram / Reddit,52,0,0,39,69.0,4.61,20.2,15.9,6,8.0,Moderate Debt
USR-00072,24,Female,Remote Tech,Intermediate,151,TikTok / Reels,90,0,0,27,102.2,3.54,18.3,17.3,6,10.0,Severe Sleep Debt
USR-00073,18,Female,Student,Morning Lark,49,YouTube,59,1,0,56,27.6,7.86,19.4,21.8,1,1.0,Optimal Recovery
USR-00074,45,Female,Corporate 9-to-5,Intermediate,12,News / Reading,27,0,0,0,17.5,6.7,23.3,21.3,2,1.0,Moderate Debt
USR-00075,40,Male,Remote Tech,Morning Lark,46,Streaming (Netflix/Hulu),49,1,71,54,30.7,7.8,20.6,16.3,2,1.0,Optimal Recovery
USR-00076,41,Female,Corporate 9-to-5,Morning Lark,23,Messaging / Chat,56,1,0,59,21.7,8.58,25.3,20.9,0,1.0,Optimal Recovery
USR-00077,43,Male,Corporate 9-to-5,Intermediate,50,Streaming (Netflix/Hulu),42,0,20,44,32.4,6.79,21.3,21.0,2,1.0,Mild Deficit
USR-00078,20,Female,Remote Tech,Morning Lark,19,Streaming (Netflix/Hulu),40,0,68,0,19.0,8.75,22.9,18.2,0,1.0,Optimal Recovery
USR-00079,28,Female,Student,Intermediate,56,TikTok / Reels,39,1,48,17,53.7,6.06,25.5,16.5,4,5.8,Moderate Debt
USR-00080,21,Female,Freelance / Creative,Night Owl,29,YouTube,39,0,0,42,26.4,3.77,20.7,19.1,4,6.4,Moderate Debt
USR-00081,49,Female,Remote Tech,Morning Lark,29,Streaming (Netflix/Hulu),36,1,177,22,44.3,8.83,21.2,18.2,1,1.0,Optimal Recovery
USR-00082,37,Male,Student,Night Owl,105,Messaging / Chat,37,0,58,20,54.0,4.15,18.8,17.1,6,8.3,Moderate Debt
USR-00083,27,Male,Corporate 9-to-5,Morning Lark,57,TikTok / Reels,48,0,0,58,36.1,6.83,23.8,23.5,2,1.0,Mild Deficit
USR-00084,20,Female,Freelance / Creative,Intermediate,52,TikTok / Reels,70,0,0,29,39.8,7.18,23.5,20.9,2,2.0,Mild Deficit
USR-00085,27,Female,Remote Tech,Intermediate,89,News / Reading,29,1,20,39,29.7,6.45,19.3,22.2,3,1.7,Moderate Debt
USR-00086,27,Female,Healthcare / Shift Worker,Night Owl,66,TikTok / Reels,38,1,0,0,47.7,3.2,20.3,18.0,5,8.3,Moderate Debt
USR-00087,41,Male,Healthcare / Shift Worker,Morning Lark,88,TikTok / Reels,56,0,0,24,55.1,5.54,20.6,18.4,3,4.8,Moderate Debt
USR-00088,37,Male,Corporate 9-to-5,Intermediate,47,Instagram / Reddit,65,1,0,42,32.2,7.18,26.1,20.3,1,1.0,Mild Deficit
USR-00089,51,Male,Remote Tech,Morning Lark,84,Instagram / Reddit,84,1,58,32,52.1,6.5,21.1,18.7,2,3.5,Moderate Debt
USR-00090,31,Male,Freelance / Creative,Intermediate,13,Messaging / Chat,69,0,0,51,27.9,6.7,23.3,19.1,1,1.0,Moderate Debt
USR-00091,22,Male,Corporate 9-to-5,Night Owl,46,YouTube,58,0,0,51,23.4,6.32,22.7,22.6,3,2.3,Moderate Debt
USR-00092,40,Female,Student,Night Owl,62,Instagram / Reddit,54,0,0,87,45.1,5.86,28.0,24.3,3,4.3,Moderate Debt
USR-00093,43,Female,Freelance / Creative,Night Owl,38,YouTube,52,1,0,32,35.1,5.21,24.5,24.7,3,4.1,Moderate Debt
USR-00094,34,Male,Corporate 9-to-5,Intermediate,48,Instagram / Reddit,31,0,0,20,37.1,7.27,23.3,19.5,2,1.4,Mild Deficit
USR-00095,43,Male,Healthcare / Shift Worker,Night Owl,91,YouTube,62,1,77,54,47.5,3.2,24.7,16.4,6,10.0,Severe Sleep Debt
USR-00096,32,Male,Freelance / Creative,Intermediate,93,TikTok / Reels,46,1,0,49,67.6,5.43,27.5,17.9,3,4.3,Moderate Debt
USR-00097,33,Male,Student,Morning Lark,62,News / Reading,58,0,0,27,34.1,7.04,20.4,19.5,1,1.0,Mild Deficit
USR-00098,30,Female,Corporate 9-to-5,Night Owl,117,TikTok / Reels,36,0,109,51,75.5,3.37,22.7,14.6,7,10.0,Severe Sleep Debt
USR-00099,18,Male,Corporate 9-to-5,Intermediate,22,Instagram / Reddit,53,0,129,11,39.9,6.91,22.0,15.5,2,3.1,Mild Deficit
USR-00100,21,Male,Corporate 9-to-5,Morning Lark,43,Messaging / Chat,36,0,0,40,26.2,8.19,22.4,22.5,2,1.0,Optimal Recovery
USR-00101,19,Female,Healthcare / Shift Worker,Morning Lark,44,TikTok / Reels,65,0,0,33,53.4,7.26,23.7,19.2,1,2.1,Mild Deficit
USR-00102,37,Male,Healthcare / Shift Worker,Intermediate,110,YouTube,49,0,0,26,52.0,4.92,19.6,21.4,5,7.3,Moderate Debt
USR-00103,27,Male,Student,Intermediate,71,YouTube,58,1,0,23,49.0,7.12,20.7,21.2,2,2.1,Mild Deficit
USR-00104,33,Female,Remote Tech,Intermediate,129,YouTube,46,1,55,67,69.3,4.9,19.5,19.9,3,6.4,Moderate Debt
USR-00105,53,Female,Corporate 9-to-5,Night Owl,14,Streaming (Netflix/Hulu),68,0,0,23,14.3,6.64,21.8,19.1,2,2.4,Moderate Debt
USR-00106,25,Female,Student,Night Owl,63,TikTok / Reels,62,0,0,33,51.8,5.3,21.1,17.9,6,6.2,Moderate Debt
USR-00107,29,Male,Student,Night Owl,52,News / Reading,38,1,0,31,39.0,5.63,25.3,19.3,4,4.3,Moderate Debt
USR-00108,42,Female,Freelance / Creative,Intermediate,5,Messaging / Chat,36,1,0,17,33.5,8.05,20.0,17.9,0,1.0,Optimal Recovery
USR-00109,25,Male,Student,Night Owl,28,Streaming (Netflix/Hulu),72,0,0,34,17.1,4.9,28.0,18.4,4,3.6,Moderate Debt
USR-00110,20,Male,Healthcare / Shift Worker,Night Owl,23,TikTok / Reels,10,0,0,62,31.8,3.63,26.7,14.9,4,8.1,Moderate Debt
USR-00111,26,Female,Student,Intermediate,70,TikTok / Reels,82,1,0,1,43.1,7.73,19.3,18.0,2,1.5,Mild Deficit
USR-00112,23,Male,Student,Intermediate,107,TikTok / Reels,40,0,0,35,56.3,5.97,21.4,16.6,2,4.0,Moderate Debt
USR-00113,55,Non-Binary,Remote Tech,Intermediate,40,Streaming (Netflix/Hulu),67,0,0,69,28.0,7.94,18.2,19.0,1,1.0,Optimal Recovery
USR-00114,45,Female,Freelance / Creative,Morning Lark,22,TikTok / Reels,62,1,20,0,29.8,7.72,17.3,16.2,0,1.0,Mild Deficit
USR-00115,37,Female,Student,Intermediate,18,Messaging / Chat,47,0,0,22,29.5,7.28,19.6,20.6,3,1.6,Mild Deficit
USR-00116,50,Male,Remote Tech,Intermediate,134,Instagram / Reddit,61,1,0,49,82.4,5.4,22.3,19.3,5,6.3,Moderate Debt
USR-00117,45,Male,Corporate 9-to-5,Morning Lark,31,Instagram / Reddit,56,0,0,0,29.9,7.0,16.6,19.3,3,2.7,Mild Deficit
USR-00118,24,Female,Corporate 9-to-5,Morning Lark,2,YouTube,70,0,70,0,23.3,8.29,16.0,19.1,2,1.0,Optimal Recovery
USR-00119,52,Female,Remote Tech,Intermediate,34,Instagram / Reddit,39,1,0,15,31.7,8.56,23.2,18.3,1,1.0,Optimal Recovery
USR-00120,34,Female,Corporate 9-to-5,Night Owl,14,YouTube,68,1,63,20,23.7,5.85,24.4,20.6,4,4.7,Moderate Debt
USR-00121,45,Non-Binary,Corporate 9-to-5,Night Owl,54,YouTube,16,1,0,27,29.8,5.72,25.4,20.8,4,3.2,Moderate Debt
USR-00122,52,Female,Remote Tech,Intermediate,51,Instagram / Reddit,66,1,0,42,49.1,5.67,24.1,20.2,3,4.7,Moderate Debt
USR-00123,27,Female,Corporate 9-to-5,Intermediate,40,Instagram / Reddit,55,1,0,12,26.6,7.35,19.9,19.1,3,1.5,Mild Deficit
USR-00124,21,Male,Healthcare / Shift Worker,Intermediate,16,TikTok / Reels,64,0,0,14,28.4,4.7,19.3,20.2,3,4.8,Moderate Debt
USR-00125,25,Female,Remote Tech,Morning Lark,49,Streaming (Netflix/Hulu),67,1,0,38,30.5,7.81,26.2,19.0,0,1.0,Optimal Recovery
USR-00126,30,Male,Remote Tech,Morning Lark,44,Messaging / Chat,84,1,0,59,24.5,7.37,20.9,19.6,1,1.0,Mild Deficit
USR-00127,46,Female,Corporate 9-to-5,Night Owl,48,YouTube,57,0,20,29,41.1,5.88,22.1,22.9,3,4.1,Moderate Debt
USR-00128,49,Male,Corporate 9-to-5,Intermediate,37,Instagram / Reddit,37,0,0,68,32.3,6.73,19.7,19.7,1,2.0,Moderate Debt
USR-00129,18,Female,Remote Tech,Night Owl,81,TikTok / Reels,91,0,51,32,63.7,3.47,17.5,16.6,5,9.8,Severe Sleep Debt
USR-00130,33,Male,Healthcare / Shift Worker,Night Owl,94,YouTube,62,1,0,35,47.8,3.58,18.7,22.1,5,8.0,Moderate Debt
USR-00131,30,Male,Student,Morning Lark,18,Messaging / Chat,72,0,89,21,32.4,8.98,20.7,15.6,1,1.0,Optimal Recovery
USR-00132,25,Female,Corporate 9-to-5,Intermediate,77,News / Reading,47,1,119,43,31.6,6.31,21.9,14.6,2,2.8,Moderate Debt
USR-00133,22,Female,Student,Intermediate,98,YouTube,47,0,113,61,51.7,5.68,16.0,17.8,4,6.9,Moderate Debt
USR-00134,28,Female,Corporate 9-to-5,Intermediate,175,Messaging / Chat,57,0,0,48,75.5,4.06,19.4,18.8,5,9.5,Severe Sleep Debt
USR-00135,57,Female,Freelance / Creative,Intermediate,57,Streaming (Netflix/Hulu),66,1,0,16,27.6,6.48,22.4,14.6,2,1.7,Moderate Debt
USR-00136,27,Male,Freelance / Creative,Night Owl,37,YouTube,60,0,20,37,19.6,5.7,19.7,19.6,4,4.4,Moderate Debt
USR-00137,33,Male,Remote Tech,Night Owl,85,Instagram / Reddit,35,0,0,18,38.5,4.8,20.2,16.1,4,5.8,Moderate Debt
USR-00138,40,Female,Student,Night Owl,38,YouTube,85,0,60,32,36.0,4.21,23.2,14.9,5,6.9,Moderate Debt
USR-00139,28,Male,Healthcare / Shift Worker,Morning Lark,101,TikTok / Reels,31,0,0,55,51.6,5.7,27.4,20.1,2,2.4,Moderate Debt
USR-00140,60,Male,Student,Morning Lark,47,Instagram / Reddit,62,1,0,26,36.1,7.85,21.2,20.6,3,1.1,Optimal Recovery
USR-00141,59,Male,Student,Morning Lark,29,Instagram / Reddit,55,0,221,48,40.5,7.94,19.1,18.9,2,2.2,Optimal Recovery
USR-00142,25,Female,Freelance / Creative,Intermediate,55,YouTube,100,0,0,63,34.7,7.27,23.5,18.8,3,2.7,Mild Deficit
USR-00143,32,Female,Remote Tech,Intermediate,43,Streaming (Netflix/Hulu),46,1,0,37,35.6,5.98,27.5,21.4,3,1.9,Moderate Debt
USR-00144,27,Female,Student,Intermediate,40,TikTok / Reels,30,0,0,23,34.3,6.17,22.7,18.7,1,4.0,Moderate Debt
USR-00145,26,Male,Healthcare / Shift Worker,Intermediate,9,TikTok / Reels,68,1,0,77,17.4,6.49,24.0,20.1,3,1.0,Moderate Debt
USR-00146,19,Female,Student,Night Owl,97,YouTube,45,0,20,0,57.3,3.42,17.5,20.6,5,8.1,Moderate Debt
USR-00147,36,Female,Student,Night Owl,96,YouTube,76,0,0,42,61.0,4.08,21.4,17.9,5,8.6,Severe Sleep Debt
USR-00148,32,Female,Corporate 9-to-5,Morning Lark,69,News / Reading,73,0,23,11,38.9,7.24,17.0,21.4,1,1.0,Mild Deficit
USR-00149,19,Male,Remote Tech,Night Owl,73,Instagram / Reddit,69,0,0,39,43.7,4.37,22.8,20.1,5,7.7,Moderate Debt
USR-00150,26,Female,Corporate 9-to-5,Intermediate,25,TikTok / Reels,39,0,0,55,41.3,7.16,22.5,22.5,1,1.3,Mild Deficit
USR-00151,53,Female,Remote Tech,Intermediate,5,Streaming (Netflix/Hulu),72,1,0,39,25.5,7.39,26.4,19.9,1,1.0,Mild Deficit
USR-00152,25,Female,Remote Tech,Night Owl,58,YouTube,100,1,0,78,40.0,5.28,25.7,18.6,4,3.9,Moderate Debt
USR-00153,22,Female,Freelance / Creative,Morning Lark,47,YouTube,47,0,0,68,29.8,8.45,24.0,21.4,1,1.0,Optimal Recovery
USR-00154,32,Male,Student,Night Owl,58,News / Reading,51,0,0,40,39.4,4.52,23.1,21.9,3,6.4,Moderate Debt
USR-00155,63,Female,Healthcare / Shift Worker,Intermediate,3,Streaming (Netflix/Hulu),52,0,0,85,10.2,6.36,22.5,19.7,1,1.0,Moderate Debt
USR-00156,25,Female,Corporate 9-to-5,Night Owl,79,Streaming (Netflix/Hulu),49,0,57,44,44.5,4.05,19.2,19.1,6,9.2,Severe Sleep Debt
USR-00157,39,Male,Healthcare / Shift Worker,Night Owl,25,News / Reading,58,0,203,27,42.4,3.53,15.3,19.3,4,8.9,Severe Sleep Debt
USR-00158,43,Female,Student,Intermediate,21,TikTok / Reels,55,0,0,17,24.8,6.77,21.2,17.1,3,2.8,Mild Deficit
USR-00159,25,Female,Student,Morning Lark,142,TikTok / Reels,54,1,0,46,82.7,5.6,20.2,19.0,4,6.3,Moderate Debt
USR-00160,41,Male,Corporate 9-to-5,Morning Lark,122,Instagram / Reddit,37,1,125,41,69.6,6.34,22.9,21.1,4,4.0,Moderate Debt
USR-00161,28,Female,Remote Tech,Intermediate,9,Instagram / Reddit,79,0,0,42,18.5,9.03,27.1,18.0,0,1.0,Optimal Recovery
USR-00162,37,Female,Student,Morning Lark,30,Messaging / Chat,62,0,0,28,25.9,9.23,15.4,19.4,0,1.0,Optimal Recovery
USR-00163,37,Female,Remote Tech,Night Owl,41,Messaging / Chat,74,0,0,43,34.6,6.1,23.4,21.8,2,2.3,Moderate Debt
USR-00164,33,Female,Freelance / Creative,Intermediate,113,Instagram / Reddit,67,0,0,86,61.0,6.2,28.0,17.8,5,4.6,Moderate Debt
USR-00165,21,Male,Healthcare / Shift Worker,Night Owl,83,Instagram / Reddit,10,1,24,42,42.5,4.98,19.0,19.2,5,7.0,Moderate Debt
USR-00166,47,Male,Freelance / Creative,Night Owl,16,Streaming (Netflix/Hulu),73,0,0,61,16.8,6.92,27.3,20.2,2,1.0,Mild Deficit
USR-00167,27,Male,Student,Morning Lark,54,TikTok / Reels,71,0,77,60,39.0,8.56,23.9,17.0,0,1.0,Optimal Recovery
USR-00168,24,Female,Freelance / Creative,Intermediate,41,TikTok / Reels,60,0,0,6,30.8,7.31,20.3,21.3,1,1.0,Mild Deficit
USR-00169,19,Female,Healthcare / Shift Worker,Intermediate,42,Instagram / Reddit,98,0,196,42,47.2,5.64,20.0,19.2,4,5.7,Moderate Debt
USR-00170,35,Male,Corporate 9-to-5,Intermediate,32,Streaming (Netflix/Hulu),76,0,0,27,29.4,7.74,20.8,21.9,1,1.0,Mild Deficit
USR-00171,39,Male,Remote Tech,Intermediate,41,Instagram / Reddit,75,1,48,10,33.6,6.18,17.6,14.1,3,4.5,Moderate Debt
USR-00172,18,Female,Corporate 9-to-5,Morning Lark,77,TikTok / Reels,21,0,35,0,57.3,6.25,28.0,19.6,5,4.7,Moderate Debt
USR-00173,33,Female,Corporate 9-to-5,Intermediate,45,YouTube,82,0,0,69,28.1,7.6,23.2,22.9,2,1.0,Mild Deficit
USR-00174,25,Female,Corporate 9-to-5,Intermediate,48,Instagram / Reddit,69,1,0,59,34.6,6.74,23.3,20.7,3,2.9,Moderate Debt
USR-00175,38,Female,Corporate 9-to-5,Night Owl,83,News / Reading,28,1,0,15,47.0,4.79,22.7,21.7,4,5.8,Moderate Debt
USR-00176,23,Female,Student,Night Owl,66,Messaging / Chat,61,1,0,28,24.4,5.73,23.2,19.8,2,3.8,Moderate Debt
USR-00177,39,Female,Remote Tech,Morning Lark,84,Instagram / Reddit,21,0,29,42,41.1,7.83,27.0,19.3,0,1.0,Optimal Recovery
USR-00178,29,Male,Corporate 9-to-5,Morning Lark,26,Streaming (Netflix/Hulu),69,0,0,43,13.9,8.88,25.8,19.1,0,1.0,Optimal Recovery
USR-00179,56,Male,Student,Night Owl,51,TikTok / Reels,59,1,63,34,51.3,5.79,21.2,16.2,4,4.4,Moderate Debt
USR-00180,22,Female,Healthcare / Shift Worker,Night Owl,50,Streaming (Netflix/Hulu),43,1,66,22,37.6,3.57,24.3,22.8,4,8.1,Moderate Debt
USR-00181,28,Female,Freelance / Creative,Intermediate,45,YouTube,69,0,29,61,32.8,6.24,23.4,19.6,3,3.2,Moderate Debt
USR-00182,21,Male,Student,Intermediate,39,Instagram / Reddit,40,1,0,6,26.4,8.27,20.1,19.0,1,1.0,Optimal Recovery
USR-00183,55,Female,Remote Tech,Morning Lark,119,TikTok / Reels,57,1,69,10,81.7,5.22,21.8,17.4,6,8.5,Moderate Debt
USR-00184,50,Male,Corporate 9-to-5,Intermediate,36,Messaging / Chat,77,1,144,39,38.6,6.81,16.8,18.1,2,2.8,Mild Deficit
USR-00185,26,Female,Corporate 9-to-5,Intermediate,101,YouTube,48,0,0,34,57.3,4.21,25.1,17.8,5,7.2,Moderate Debt
USR-00186,38,Male,Corporate 9-to-5,Intermediate,155,YouTube,36,1,0,20,65.0,5.23,23.6,22.1,4,6.3,Moderate Debt
USR-00187,46,Female,Remote Tech,Intermediate,22,YouTube,77,1,0,0,20.2,6.95,20.9,22.5,2,1.9,Mild Deficit
USR-00188,34,Female,Freelance / Creative,Intermediate,16,YouTube,57,0,0,48,18.3,8.09,25.5,21.0,1,1.0,Optimal Recovery
USR-00189,33,Female,Corporate 9-to-5,Morning Lark,8,Instagram / Reddit,95,1,0,8,15.5,9.14,21.6,20.0,0,1.0,Optimal Recovery
USR-00190,25,Female,Corporate 9-to-5,Intermediate,100,TikTok / Reels,65,0,0,23,75.2,5.43,21.4,22.6,5,7.2,Moderate Debt
USR-00191,21,Female,Corporate 9-to-5,Night Owl,102,YouTube,70,1,0,53,75.7,5.2,19.2,22.2,4,7.2,Moderate Debt
USR-00192,52,Male,Student,Intermediate,23,Messaging / Chat,62,0,0,30,33.0,6.59,22.6,19.7,2,1.2,Moderate Debt
USR-00193,52,Female,Remote Tech,Night Owl,84,News / Reading,66,1,0,3,34.7,3.62,18.4,23.9,4,7.1,Moderate Debt
USR-00194,37,Female,Remote Tech,Intermediate,28,YouTube,67,0,0,16,32.5,7.26,27.8,16.1,2,1.4,Mild Deficit
USR-00195,28,Male,Corporate 9-to-5,Intermediate,53,TikTok / Reels,69,0,64,72,47.6,6.96,22.9,14.6,1,2.2,Mild Deficit
USR-00196,28,Male,Remote Tech,Morning Lark,96,YouTube,33,0,88,28,61.7,5.72,20.0,16.9,4,6.0,Moderate Debt
USR-00197,41,Male,Corporate 9-to-5,Intermediate,67,TikTok / Reels,38,0,72,28,55.8,7.09,20.6,17.4,3,3.8,Mild Deficit
USR-00198,52,Male,Remote Tech,Intermediate,26,Messaging / Chat,68,0,110,53,25.9,7.7,19.7,17.6,2,1.7,Mild Deficit
USR-00199,51,Female,Corporate 9-to-5,Intermediate,55,Instagram / Reddit,57,1,0,24,31.3,6.0,23.9,20.2,3,2.7,Moderate Debt
USR-00200,44,Male,Healthcare / Shift Worker,Night Owl,39,Streaming (Netflix/Hulu),40,0,0,93,18.2,3.54,26.9,20.5,4,5.5,Moderate Debt
USR-00201,37,Male,Remote Tech,Night Owl,84,TikTok / Reels,61,0,0,41,62.2,4.83,18.8,19.4,4,6.7,Moderate Debt
USR-00202,20,Male,Student,Morning Lark,66,Instagram / Reddit,87,1,0,48,41.9,8.63,22.0,17.6,0,1.0,Optimal Recovery
USR-00203,23,Female,Remote Tech,Night Owl,65,News / Reading,59,1,0,10,21.5,5.23,18.5,20.6,3,2.8,Moderate Debt
USR-00204,52,Female,Remote Tech,Intermediate,25,Instagram / Reddit,63,0,42,26,36.5,7.43,22.1,17.2,2,1.0,Mild Deficit
USR-00205,36,Female,Corporate 9-to-5,Intermediate,24,News / Reading,64,0,42,45,23.6,7.8,23.0,23.7,0,1.0,Optimal Recovery
USR-00206,18,Female,Remote Tech,Intermediate,57,TikTok / Reels,43,1,64,39,47.8,5.77,22.7,14.7,3,3.6,Moderate Debt
USR-00207,21,Male,Remote Tech,Intermediate,91,TikTok / Reels,54,1,0,25,54.9,5.99,19.8,19.3,6,5.6,Moderate Debt
USR-00208,38,Female,Remote Tech,Morning Lark,134,News / Reading,13,0,0,47,47.3,5.79,24.3,21.4,4,4.8,Moderate Debt
USR-00209,18,Female,Student,Intermediate,11,Instagram / Reddit,36,1,0,56,9.3,8.04,20.0,15.9,0,1.0,Optimal Recovery
USR-00210,23,Male,Healthcare / Shift Worker,Intermediate,53,TikTok / Reels,53,0,146,76,55.0,5.04,21.4,13.9,5,9.1,Severe Sleep Debt
USR-00211,34,Male,Student,Intermediate,96,YouTube,31,1,0,16,45.5,6.41,20.2,22.7,4,4.2,Moderate Debt
USR-00212,39,Female,Corporate 9-to-5,Morning Lark,79,Instagram / Reddit,55,0,0,90,49.9,8.1,25.3,20.9,3,2.2,Optimal Recovery
USR-00213,38,Male,Student,Morning Lark,64,Streaming (Netflix/Hulu),49,1,0,74,27.3,7.51,26.6,18.1,1,1.0,Mild Deficit
USR-00214,25,Female,Corporate 9-to-5,Morning Lark,95,Streaming (Netflix/Hulu),81,1,0,78,41.9,7.18,21.9,16.2,2,3.4,Mild Deficit
USR-00215,40,Male,Student,Intermediate,23,TikTok / Reels,95,0,0,28,29.9,7.16,25.8,21.5,2,1.6,Mild Deficit
USR-00216,25,Male,Remote Tech,Night Owl,80,Instagram / Reddit,54,1,0,46,46.0,3.68,17.0,22.4,6,9.7,Severe Sleep Debt
USR-00217,27,Male,Corporate 9-to-5,Morning Lark,99,YouTube,63,0,0,52,41.9,5.53,19.2,18.2,3,4.6,Moderate Debt
USR-00218,42,Male,Healthcare / Shift Worker,Intermediate,20,Streaming (Netflix/Hulu),79,0,65,21,21.4,5.22,18.9,22.3,3,4.9,Moderate Debt
USR-00219,38,Male,Student,Intermediate,66,Instagram / Reddit,55,1,0,7,40.6,6.4,22.6,18.1,2,1.0,Moderate Debt
USR-00220,48,Female,Remote Tech,Night Owl,84,Instagram / Reddit,63,0,161,21,62.0,4.61,17.6,18.0,5,10.0,Severe Sleep Debt
USR-00221,38,Female,Corporate 9-to-5,Morning Lark,89,YouTube,27,0,0,48,43.1,7.18,21.6,15.6,2,1.4,Mild Deficit
USR-00222,35,Male,Remote Tech,Morning Lark,10,Instagram / Reddit,65,0,0,28,29.2,9.34,22.0,18.2,0,1.0,Optimal Recovery
USR-00223,21,Female,Freelance / Creative,Morning Lark,32,TikTok / Reels,81,0,0,84,32.5,8.12,26.1,17.7,2,1.0,Optimal Recovery
USR-00224,28,Female,Remote Tech,Night Owl,4,TikTok / Reels,33,0,0,46,17.7,6.02,21.9,16.0,3,1.7,Moderate Debt
USR-00225,26,Male,Freelance / Creative,Intermediate,118,TikTok / Reels,22,0,0,48,60.6,4.87,26.0,18.9,5,6.8,Moderate Debt
USR-00226,25,Male,Corporate 9-to-5,Morning Lark,40,TikTok / Reels,81,0,0,21,21.3,8.43,19.1,19.9,0,1.0,Optimal Recovery
USR-00227,61,Female,Remote Tech,Intermediate,23,Instagram / Reddit,49,1,0,43,27.6,7.61,22.5,20.8,1,1.0,Mild Deficit
USR-00228,29,Female,Healthcare / Shift Worker,Morning Lark,21,TikTok / Reels,39,0,74,31,25.5,8.03,23.1,18.2,0,1.0,Optimal Recovery
USR-00229,52,Female,Remote Tech,Morning Lark,34,Instagram / Reddit,57,1,0,14,27.5,8.11,26.9,22.6,1,1.0,Optimal Recovery
USR-00230,37,Female,Corporate 9-to-5,Night Owl,100,News / Reading,44,1,137,36,41.5,4.39,17.0,18.4,2,7.0,Moderate Debt
USR-00231,44,Female,Remote Tech,Intermediate,26,TikTok / Reels,34,0,0,75,31.8,8.44,25.6,18.2,0,1.0,Optimal Recovery
USR-00232,32,Male,Student,Intermediate,128,YouTube,25,0,31,14,51.4,5.62,19.0,21.3,3,5.1,Moderate Debt
USR-00233,35,Female,Student,Intermediate,16,Streaming (Netflix/Hulu),91,1,0,10,22.6,7.1,18.2,21.9,1,1.0,Mild Deficit
USR-00234,32,Female,Student,Intermediate,180,TikTok / Reels,88,1,75,0,106.8,3.2,18.4,16.1,7,10.0,Severe Sleep Debt
USR-00235,24,Female,Student,Intermediate,34,YouTube,50,0,20,0,33.5,8.0,25.6,17.7,1,1.0,Optimal Recovery
USR-00236,41,Non-Binary,Student,Intermediate,130,YouTube,100,1,0,64,74.9,5.39,26.1,22.4,6,8.2,Moderate Debt
USR-00237,26,Female,Corporate 9-to-5,Intermediate,118,TikTok / Reels,82,1,0,56,73.3,6.16,22.2,19.0,3,5.1,Moderate Debt
USR-00238,18,Female,Remote Tech,Morning Lark,118,Streaming (Netflix/Hulu),54,1,0,76,48.5,6.21,28.0,20.0,4,3.9,Moderate Debt
USR-00239,38,Female,Student,Intermediate,49,YouTube,100,1,0,37,30.6,6.32,24.7,20.7,3,2.7,Moderate Debt
USR-00240,23,Male,Freelance / Creative,Night Owl,18,TikTok / Reels,14,0,94,22,26.2,6.2,18.4,17.1,2,3.6,Moderate Debt
USR-00241,56,Male,Corporate 9-to-5,Morning Lark,61,TikTok / Reels,51,1,0,26,43.4,8.08,19.3,15.8,2,1.1,Optimal Recovery
USR-00242,58,Female,Remote Tech,Night Owl,28,YouTube,90,0,0,31,23.4,4.9,20.3,20.8,4,5.6,Moderate Debt
USR-00243,54,Female,Corporate 9-to-5,Morning Lark,119,YouTube,48,0,0,49,63.2,6.7,17.5,22.5,4,5.4,Moderate Debt
USR-00244,28,Female,Corporate 9-to-5,Intermediate,59,TikTok / Reels,78,0,0,66,38.3,6.84,22.7,16.0,3,1.8,Mild Deficit
USR-00245,18,Male,Remote Tech,Intermediate,53,Instagram / Reddit,35,1,50,73,39.4,6.03,21.8,16.8,2,2.6,Moderate Debt
USR-00246,55,Female,Student,Intermediate,29,Streaming (Netflix/Hulu),42,1,0,43,18.1,7.23,24.0,18.6,1,1.0,Mild Deficit
USR-00247,30,Female,Corporate 9-to-5,Morning Lark,38,Instagram / Reddit,63,1,0,23,27.7,8.58,22.2,22.7,0,1.0,Optimal Recovery
USR-00248,60,Female,Healthcare / Shift Worker,Night Owl,75,Streaming (Netflix/Hulu),68,1,51,46,43.4,3.2,25.8,19.9,5,8.4,Moderate Debt
USR-00249,59,Female,Healthcare / Shift Worker,Night Owl,67,Messaging / Chat,59,1,0,17,49.0,3.2,22.4,21.2,5,8.2,Moderate Debt
USR-00250,48,Female,Freelance / Creative,Morning Lark,84,News / Reading,47,0,136,20,39.7,7.09,16.6,18.2,1,2.3,Mild Deficit
USR-00251,27,Male,Corporate 9-to-5,Night Owl,89,YouTube,36,0,102,52,68.3,4.01,17.9,18.0,4,8.6,Severe Sleep Debt
USR-00252,29,Female,Remote Tech,Intermediate,94,Messaging / Chat,100,0,79,15,57.0,5.97,13.3,14.5,3,5.1,Moderate Debt
USR-00253,48,Female,Remote Tech,Night Owl,21,Instagram / Reddit,62,1,0,24,16.0,5.95,27.0,19.9,3,2.2,Moderate Debt
USR-00254,27,Female,Corporate 9-to-5,Morning Lark,69,Instagram / Reddit,77,1,0,2,48.1,7.87,21.1,19.0,2,1.7,Optimal Recovery
USR-00255,23,Male,Remote Tech,Night Owl,66,YouTube,75,0,43,29,45.7,5.51,14.9,20.6,4,6.1,Moderate Debt
USR-00256,34,Male,Healthcare / Shift Worker,Morning Lark,16,Messaging / Chat,46,0,0,69,12.8,7.63,26.5,17.3,1,1.0,Mild Deficit
USR-00257,56,Female,Corporate 9-to-5,Night Owl,72,Instagram / Reddit,56,1,20,50,37.5,5.61,27.7,18.7,3,2.3,Moderate Debt
USR-00258,40,Female,Freelance / Creative,Intermediate,118,Streaming (Netflix/Hulu),40,1,59,46,51.9,5.32,20.4,14.9,4,5.2,Moderate Debt
USR-00259,35,Female,Healthcare / Shift Worker,Intermediate,73,Instagram / Reddit,70,1,0,19,47.8,5.36,22.9,19.0,3,4.6,Moderate Debt
USR-00260,21,Female,Student,Morning Lark,17,Streaming (Netflix/Hulu),52,1,0,26,28.7,8.45,23.4,19.9,1,1.0,Optimal Recovery
USR-00261,36,Female,Student,Night Owl,28,News / Reading,88,0,0,0,24.4,6.15,22.4,20.0,2,3.2,Moderate Debt
USR-00262,63,Male,Remote Tech,Intermediate,63,YouTube,23,0,64,51,37.2,6.87,26.7,21.8,2,1.3,Mild Deficit
USR-00263,22,Male,Student,Intermediate,25,YouTube,65,0,0,51,21.2,7.05,20.2,20.6,3,2.1,Mild Deficit
USR-00264,33,Male,Remote Tech,Intermediate,77,TikTok / Reels,100,0,122,51,62.4,5.63,18.2,16.8,4,8.2,Moderate Debt
USR-00265,50,Female,Healthcare / Shift Worker,Night Owl,54,TikTok / Reels,40,1,0,65,31.9,3.48,21.6,16.1,5,6.9,Moderate Debt
USR-00266,42,Male,Corporate 9-to-5,Intermediate,93,News / Reading,58,0,0,43,32.5,4.63,19.5,20.8,3,5.3,Moderate Debt
USR-00267,40,Male,Corporate 9-to-5,Morning Lark,43,Instagram / Reddit,48,0,62,6,33.6,7.9,19.9,16.5,1,1.0,Optimal Recovery
USR-00268,40,Female,Remote Tech,Night Owl,64,YouTube,73,1,0,38,45.4,5.46,21.5,19.4,4,4.6,Moderate Debt
USR-00269,28,Female,Corporate 9-to-5,Intermediate,31,Instagram / Reddit,15,1,0,62,39.6,7.44,28.0,24.3,2,1.0,Mild Deficit
USR-00270,27,Female,Remote Tech,Intermediate,161,YouTube,31,1,0,44,60.8,4.29,25.0,19.3,5,6.0,Moderate Debt
USR-00271,45,Female,Remote Tech,Morning Lark,52,YouTube,35,1,20,39,20.0,8.84,20.3,16.6,0,1.0,Optimal Recovery
USR-00272,45,Female,Healthcare / Shift Worker,Night Owl,20,YouTube,73,1,53,31,37.8,4.33,24.8,19.3,4,5.9,Moderate Debt
USR-00273,49,Male,Remote Tech,Morning Lark,101,Streaming (Netflix/Hulu),51,1,0,61,49.3,6.56,25.6,19.6,2,3.2,Moderate Debt
USR-00274,54,Female,Remote Tech,Intermediate,42,YouTube,42,1,0,13,29.7,7.41,23.7,18.1,3,1.0,Mild Deficit
USR-00275,33,Male,Corporate 9-to-5,Night Owl,98,TikTok / Reels,63,1,0,10,61.6,4.63,21.6,21.4,4,7.5,Moderate Debt
USR-00276,32,Female,Remote Tech,Morning Lark,42,YouTube,60,1,97,53,37.9,8.34,22.0,17.4,1,1.0,Optimal Recovery
USR-00277,45,Non-Binary,Remote Tech,Night Owl,24,Messaging / Chat,51,1,41,49,22.1,6.89,20.8,17.0,2,1.0,Mild Deficit
USR-00278,38,Female,Student,Intermediate,51,TikTok / Reels,45,1,0,65,36.3,7.13,22.6,15.4,2,1.0,Mild Deficit
USR-00279,40,Male,Corporate 9-to-5,Intermediate,19,Messaging / Chat,37,0,97,2,24.2,6.9,21.1,13.7,1,1.7,Mild Deficit
USR-00280,44,Female,Corporate 9-to-5,Intermediate,41,Streaming (Netflix/Hulu),84,0,126,50,34.6,7.13,22.1,22.5,2,1.1,Mild Deficit
USR-00281,51,Female,Remote Tech,Intermediate,90,TikTok / Reels,85,0,0,45,61.7,3.76,20.5,15.9,5,8.8,Severe Sleep Debt
USR-00282,28,Male,Remote Tech,Intermediate,71,Instagram / Reddit,29,0,31,55,61.9,7.05,22.4,18.6,2,4.2,Mild Deficit
USR-00283,29,Female,Remote Tech,Morning Lark,57,YouTube,47,0,0,43,32.9,7.59,21.0,19.5,1,1.0,Mild Deficit
USR-00284,21,Male,Healthcare / Shift Worker,Night Owl,42,Streaming (Netflix/Hulu),64,0,0,56,21.2,4.46,27.7,18.7,3,4.0,Moderate Debt
USR-00285,35,Male,Corporate 9-to-5,Morning Lark,123,News / Reading,37,0,106,11,46.5,5.86,18.0,21.4,3,5.2,Moderate Debt
USR-00286,19,Female,Remote Tech,Night Owl,58,TikTok / Reels,70,0,0,50,52.9,4.8,21.5,18.2,4,5.8,Moderate Debt
USR-00287,31,Female,Student,Morning Lark,32,Messaging / Chat,59,0,117,31,34.7,7.58,26.0,17.9,3,1.6,Mild Deficit
USR-00288,34,Male,Corporate 9-to-5,Intermediate,88,YouTube,72,1,0,50,41.7,5.03,20.1,21.6,3,5.0,Moderate Debt
USR-00289,26,Female,Student,Night Owl,75,TikTok / Reels,100,1,63,21,78.8,4.1,18.3,16.1,7,10.0,Severe Sleep Debt
USR-00290,35,Male,Remote Tech,Morning Lark,28,YouTube,22,1,55,39,16.5,8.33,15.8,18.6,1,1.0,Optimal Recovery
USR-00291,19,Male,Remote Tech,Night Owl,109,Instagram / Reddit,84,0,67,45,68.8,3.55,17.1,20.9,6,10.0,Severe Sleep Debt
USR-00292,19,Female,Healthcare / Shift Worker,Intermediate,60,TikTok / Reels,45,1,144,42,46.3,3.41,26.3,15.4,5,8.5,Moderate Debt
USR-00293,46,Female,Corporate 9-to-5,Intermediate,65,Instagram / Reddit,69,0,0,40,39.7,6.36,27.5,20.1,3,2.7,Moderate Debt
USR-00294,28,Male,Healthcare / Shift Worker,Intermediate,113,Streaming (Netflix/Hulu),66,1,0,19,64.0,3.57,21.6,21.7,6,9.4,Severe Sleep Debt
USR-00295,22,Female,Remote Tech,Intermediate,17,Instagram / Reddit,83,1,0,27,20.9,7.9,23.2,25.3,1,1.0,Optimal Recovery
USR-00296,33,Female,Student,Intermediate,29,Messaging / Chat,57,1,0,0,21.5,6.62,19.9,17.6,1,1.1,Moderate Debt
USR-00297,43,Female,Healthcare / Shift Worker,Night Owl,114,TikTok / Reels,40,0,65,31,73.7,3.2,17.3,15.2,6,10.0,Severe Sleep Debt
USR-00298,24,Female,Healthcare / Shift Worker,Intermediate,28,YouTube,61,1,0,40,29.0,4.91,26.5,20.7,5,5.4,Moderate Debt
USR-00299,37,Female,Student,Morning Lark,53,News / Reading,90,1,145,36,42.9,6.91,17.8,16.1,3,4.2,Mild Deficit
USR-00300,20,Female,Student,Night Owl,124,TikTok / Reels,63,0,0,12,71.7,3.84,17.4,18.9,6,10.0,Severe Sleep Debt
USR-00301,19,Male,Remote Tech,Night Owl,22,Instagram / Reddit,45,0,0,56,34.7,6.19,21.6,19.1,3,2.8,Moderate Debt
USR-00302,33,Female,Remote Tech,Intermediate,9,YouTube,53,0,0,44,16.9,8.55,25.5,19.0,0,1.0,Optimal Recovery
USR-00303,34,Female,Corporate 9-to-5,Intermediate,20,Streaming (Netflix/Hulu),61,0,0,37,26.4,7.93,23.9,23.3,1,1.0,Optimal Recovery
USR-00304,37,Non-Binary,Corporate 9-to-5,Intermediate,53,Streaming (Netflix/Hulu),58,0,0,21,27.6,6.2,20.7,20.9,3,2.7,Moderate Debt
USR-00305,41,Male,Healthcare / Shift Worker,Intermediate,45,News / Reading,56,0,0,17,26.5,5.48,23.6,23.9,2,3.1,Moderate Debt
USR-00306,61,Male,Corporate 9-to-5,Intermediate,41,Instagram / Reddit,76,1,0,50,31.1,6.81,23.8,18.1,2,1.5,Mild Deficit
USR-00307,33,Female,Corporate 9-to-5,Night Owl,39,Messaging / Chat,96,1,0,54,25.2,5.82,21.8,20.4,1,2.3,Moderate Debt
USR-00308,27,Male,Healthcare / Shift Worker,Morning Lark,27,TikTok / Reels,75,0,112,22,30.9,6.82,21.2,13.6,3,2.8,Mild Deficit
USR-00309,44,Female,Corporate 9-to-5,Intermediate,40,Instagram / Reddit,68,0,0,0,34.4,7.28,23.1,21.4,2,1.8,Mild Deficit
USR-00310,26,Female,Corporate 9-to-5,Night Owl,69,YouTube,77,0,121,43,61.9,4.03,14.1,14.9,6,9.3,Severe Sleep Debt
USR-00311,30,Female,Remote Tech,Intermediate,83,Instagram / Reddit,69,1,208,82,61.3,5.38,18.9,14.8,5,7.5,Moderate Debt
USR-00312,20,Female,Remote Tech,Night Owl,73,YouTube,59,1,0,15,49.2,5.77,17.8,19.0,3,3.3,Moderate Debt
USR-00313,18,Male,Student,Intermediate,39,Messaging / Chat,44,0,39,33,34.7,6.3,26.7,17.4,2,2.3,Moderate Debt
USR-00314,59,Female,Remote Tech,Intermediate,45,TikTok / Reels,44,1,20,39,35.9,6.6,19.9,22.4,3,4.2,Moderate Debt
USR-00315,47,Male,Remote Tech,Night Owl,90,YouTube,56,1,0,35,49.6,4.7,23.4,22.1,5,6.7,Moderate Debt
USR-00316,40,Male,Student,Intermediate,90,News / Reading,62,1,20,63,36.1,6.97,23.2,19.0,1,2.2,Mild Deficit
USR-00317,29,Male,Remote Tech,Night Owl,153,YouTube,79,0,0,12,79.2,3.2,20.0,20.3,6,10.0,Severe Sleep Debt
USR-00318,23,Female,Student,Morning Lark,42,YouTube,54,1,0,67,34.4,8.37,27.9,21.1,1,1.0,Optimal Recovery
USR-00319,23,Male,Healthcare / Shift Worker,Night Owl,19,TikTok / Reels,49,1,0,36,31.4,6.15,24.6,18.9,1,2.5,Moderate Debt
USR-00320,25,Female,Remote Tech,Intermediate,55,TikTok / Reels,61,0,0,45,31.1,6.58,20.8,18.5,1,2.1,Moderate Debt
USR-00321,34,Female,Remote Tech,Intermediate,76,TikTok / Reels,65,0,0,38,49.3,6.49,18.2,20.8,1,3.5,Moderate Debt
USR-00322,40,Non-Binary,Corporate 9-to-5,Intermediate,94,TikTok / Reels,44,0,0,33,71.3,5.94,21.2,18.3,4,6.0,Moderate Debt
USR-00323,38,Female,Student,Intermediate,36,Streaming (Netflix/Hulu),42,1,53,24,22.2,6.89,19.0,22.6,2,1.8,Mild Deficit
USR-00324,26,Female,Corporate 9-to-5,Morning Lark,62,Instagram / Reddit,69,0,24,30,50.6,7.88,18.8,20.3,2,2.9,Optimal Recovery
USR-00325,58,Male,Remote Tech,Intermediate,81,Messaging / Chat,54,0,0,80,40.6,6.1,28.0,18.8,3,3.4,Moderate Debt
USR-00326,42,Female,Healthcare / Shift Worker,Intermediate,52,YouTube,80,0,64,61,40.8,6.0,24.1,17.1,3,4.3,Moderate Debt
USR-00327,34,Male,Remote Tech,Morning Lark,45,YouTube,62,1,90,34,32.8,7.16,23.1,17.3,1,1.6,Mild Deficit
USR-00328,36,Female,Corporate 9-to-5,Night Owl,69,Instagram / Reddit,55,1,22,52,51.5,5.8,16.3,17.0,3,5.1,Moderate Debt
USR-00329,30,Female,Healthcare / Shift Worker,Intermediate,8,TikTok / Reels,32,0,41,50,24.1,6.35,20.4,14.9,2,1.6,Moderate Debt
USR-00330,25,Female,Corporate 9-to-5,Intermediate,42,Streaming (Netflix/Hulu),56,1,104,0,35.7,7.34,19.5,19.1,1,1.8,Mild Deficit
USR-00331,28,Female,Student,Intermediate,168,YouTube,36,0,0,25,73.1,5.26,19.9,19.5,6,7.9,Moderate Debt
USR-00332,42,Female,Student,Intermediate,67,News / Reading,30,0,0,3,31.4,6.1,20.3,23.6,3,2.3,Moderate Debt
USR-00333,18,Male,Corporate 9-to-5,Night Owl,170,TikTok / Reels,86,0,20,36,104.5,3.2,14.5,16.8,7,10.0,Severe Sleep Debt
USR-00334,21,Male,Freelance / Creative,Morning Lark,58,TikTok / Reels,46,0,42,61,50.9,6.62,25.7,17.8,2,2.4,Moderate Debt
USR-00335,19,Male,Corporate 9-to-5,Intermediate,108,TikTok / Reels,74,1,89,48,78.0,4.59,18.1,17.1,4,7.3,Moderate Debt
USR-00336,19,Female,Freelance / Creative,Morning Lark,38,TikTok / Reels,34,1,0,39,28.2,8.19,24.4,15.7,0,1.0,Optimal Recovery
USR-00337,48,Female,Corporate 9-to-5,Night Owl,43,Streaming (Netflix/Hulu),42,0,125,20,41.6,6.85,15.7,17.5,2,4.1,Mild Deficit
USR-00338,40,Male,Corporate 9-to-5,Intermediate,33,News / Reading,40,0,0,0,33.6,6.06,23.6,19.8,4,3.8,Moderate Debt
USR-00339,31,Male,Corporate 9-to-5,Night Owl,103,TikTok / Reels,70,1,0,46,64.0,3.2,20.2,21.7,5,8.6,Severe Sleep Debt
USR-00340,21,Female,Corporate 9-to-5,Intermediate,27,TikTok / Reels,65,1,29,35,26.0,6.48,19.1,17.6,2,2.7,Moderate Debt
USR-00341,32,Male,Student,Night Owl,12,YouTube,30,1,0,39,12.7,7.06,20.5,20.3,2,1.0,Mild Deficit
USR-00342,31,Male,Student,Intermediate,96,Instagram / Reddit,28,0,0,33,46.6,4.97,23.7,16.8,5,6.4,Moderate Debt
USR-00343,23,Female,Healthcare / Shift Worker,Night Owl,25,YouTube,66,0,0,38,19.8,4.65,27.2,21.2,3,3.9,Moderate Debt
USR-00344,30,Male,Corporate 9-to-5,Morning Lark,87,Streaming (Netflix/Hulu),82,1,0,29,51.2,7.61,18.1,21.7,2,2.3,Mild Deficit
USR-00345,29,Female,Remote Tech,Intermediate,44,Instagram / Reddit,81,1,0,38,41.3,7.82,23.1,14.2,0,1.0,Optimal Recovery
USR-00346,36,Male,Student,Night Owl,180,Instagram / Reddit,40,0,0,28,92.9,3.2,20.2,20.2,7,10.0,Severe Sleep Debt
USR-00347,37,Male,Remote Tech,Intermediate,152,Streaming (Netflix/Hulu),47,1,77,64,68.5,4.19,15.1,19.5,5,8.7,Severe Sleep Debt
USR-00348,19,Male,Student,Morning Lark,180,Streaming (Netflix/Hulu),65,1,0,26,69.3,5.19,19.8,21.0,4,6.6,Moderate Debt
USR-00349,29,Female,Student,Night Owl,22,YouTube,67,1,0,83,17.1,6.9,23.0,20.7,1,1.0,Mild Deficit
USR-00350,37,Female,Corporate 9-to-5,Intermediate,52,TikTok / Reels,60,0,0,49,43.1,6.28,22.3,15.4,2,3.7,Moderate Debt
USR-00351,32,Male,Healthcare / Shift Worker,Morning Lark,12,YouTube,48,0,0,4,10.2,8.52,20.3,20.8,0,1.0,Optimal Recovery
USR-00352,49,Female,Student,Intermediate,72,TikTok / Reels,65,1,238,88,66.9,5.89,23.0,14.0,3,6.2,Moderate Debt
USR-00353,38,Female,Student,Intermediate,25,YouTube,58,1,0,77,35.7,7.56,27.0,19.3,1,1.0,Mild Deficit
USR-00354,23,Male,Corporate 9-to-5,Night Owl,54,TikTok / Reels,59,0,0,0,48.5,5.26,21.1,19.4,3,5.0,Moderate Debt
USR-00355,20,Female,Corporate 9-to-5,Intermediate,6,TikTok / Reels,73,0,20,35,8.1,7.41,18.6,19.4,2,1.0,Mild Deficit
USR-00356,37,Female,Remote Tech,Intermediate,7,Streaming (Netflix/Hulu),77,1,0,0,10.6,8.06,23.3,24.3,0,1.0,Optimal Recovery
USR-00357,18,Female,Corporate 9-to-5,Intermediate,28,YouTube,62,0,157,6,26.4,7.15,19.4,15.1,3,3.1,Mild Deficit
USR-00358,35,Female,Corporate 9-to-5,Intermediate,31,YouTube,61,0,69,16,52.2,6.74,21.0,19.9,4,4.4,Moderate Debt
USR-00359,56,Male,Healthcare / Shift Worker,Night Owl,123,Streaming (Netflix/Hulu),52,0,160,47,58.5,3.2,19.7,19.2,6,10.0,Severe Sleep Debt
USR-00360,35,Male,Student,Night Owl,40,Streaming (Netflix/Hulu),58,1,0,34,20.9,4.98,25.1,25.2,3,4.2,Moderate Debt
USR-00361,29,Female,Remote Tech,Intermediate,76,TikTok / Reels,70,1,0,50,47.5,5.35,24.6,14.2,5,6.8,Moderate Debt
USR-00362,37,Male,Corporate 9-to-5,Morning Lark,11,News / Reading,65,0,0,63,24.6,9.3,28.0,23.4,0,1.0,Optimal Recovery
USR-00363,31,Male,Freelance / Creative,Night Owl,65,TikTok / Reels,44,1,0,2,40.3,5.67,17.0,15.6,3,5.2,Moderate Debt
USR-00364,34,Male,Corporate 9-to-5,Morning Lark,62,Streaming (Netflix/Hulu),43,1,0,49,32.0,6.76,24.4,21.3,2,1.0,Mild Deficit
USR-00365,57,Female,Healthcare / Shift Worker,Morning Lark,85,News / Reading,42,0,28,53,36.3,5.17,28.0,19.9,4,4.7,Moderate Debt
USR-00366,29,Male,Freelance / Creative,Morning Lark,60,Instagram / Reddit,78,0,29,0,48.3,6.96,21.4,20.5,4,3.8,Mild Deficit
USR-00367,59,Female,Student,Morning Lark,161,Streaming (Netflix/Hulu),22,1,32,77,61.5,5.79,23.5,23.3,4,4.3,Moderate Debt
USR-00368,53,Male,Freelance / Creative,Night Owl,41,News / Reading,28,0,48,47,26.3,5.49,25.7,18.2,2,2.6,Moderate Debt
USR-00369,24,Male,Student,Intermediate,26,TikTok / Reels,43,1,0,36,29.7,7.3,22.1,17.5,1,1.0,Mild Deficit
USR-00370,20,Female,Corporate 9-to-5,Night Owl,87,TikTok / Reels,70,0,0,28,61.7,4.59,22.4,19.6,6,9.0,Severe Sleep Debt
USR-00371,21,Male,Corporate 9-to-5,Morning Lark,65,Instagram / Reddit,50,0,75,83,38.5,8.59,21.1,16.2,0,1.0,Optimal Recovery
USR-00372,18,Female,Corporate 9-to-5,Intermediate,27,Streaming (Netflix/Hulu),38,1,0,13,31.1,6.23,22.3,19.1,3,2.3,Moderate Debt
USR-00373,21,Male,Corporate 9-to-5,Night Owl,77,Instagram / Reddit,62,0,147,93,48.8,5.08,22.9,17.0,4,5.7,Moderate Debt
USR-00374,39,Female,Student,Night Owl,104,News / Reading,63,0,116,0,53.5,4.46,12.4,14.8,5,7.9,Moderate Debt
USR-00375,20,Male,Corporate 9-to-5,Night Owl,67,TikTok / Reels,71,0,62,17,44.3,5.0,20.9,16.1,4,7.5,Moderate Debt
USR-00376,27,Female,Healthcare / Shift Worker,Morning Lark,60,Streaming (Netflix/Hulu),82,0,0,33,34.3,6.5,24.7,20.3,2,1.6,Moderate Debt
USR-00377,48,Female,Remote Tech,Night Owl,16,News / Reading,80,1,149,56,32.8,5.8,21.3,18.2,2,3.7,Moderate Debt
USR-00378,18,Female,Remote Tech,Intermediate,40,YouTube,66,0,0,20,35.9,6.42,20.2,21.4,4,3.9,Moderate Debt
USR-00379,45,Female,Freelance / Creative,Intermediate,26,News / Reading,53,1,0,19,18.5,6.97,25.0,21.3,1,1.0,Mild Deficit
USR-00380,26,Female,Corporate 9-to-5,Intermediate,79,TikTok / Reels,64,0,0,38,50.7,5.65,23.6,19.4,4,3.9,Moderate Debt
USR-00381,22,Male,Student,Intermediate,17,Messaging / Chat,47,1,0,11,22.3,7.32,23.6,18.5,1,1.0,Mild Deficit
USR-00382,40,Female,Student,Night Owl,18,News / Reading,73,1,37,52,23.7,6.37,25.2,19.5,2,1.5,Moderate Debt
USR-00383,37,Female,Corporate 9-to-5,Intermediate,24,TikTok / Reels,45,1,0,0,12.6,8.32,19.5,21.0,1,1.0,Optimal Recovery
USR-00384,50,Female,Remote Tech,Morning Lark,30,Instagram / Reddit,40,1,30,13,26.8,6.83,22.5,16.9,2,2.1,Mild Deficit
USR-00385,41,Male,Remote Tech,Intermediate,21,Instagram / Reddit,74,0,0,19,17.4,8.28,21.7,16.7,1,1.0,Optimal Recovery
USR-00386,45,Male,Student,Intermediate,39,TikTok / Reels,26,0,0,34,35.1,5.97,23.9,20.4,3,3.8,Moderate Debt
USR-00387,26,Male,Student,Intermediate,42,TikTok / Reels,43,1,0,34,42.3,7.27,20.5,18.1,1,1.6,Mild Deficit
USR-00388,23,Male,Remote Tech,Intermediate,96,TikTok / Reels,67,0,0,90,62.9,6.03,25.2,17.4,3,4.9,Moderate Debt
USR-00389,42,Female,Student,Morning Lark,26,Instagram / Reddit,53,0,47,38,31.0,9.28,24.5,18.9,0,1.0,Optimal Recovery
USR-00390,45,Female,Corporate 9-to-5,Intermediate,30,Instagram / Reddit,52,1,0,30,29.9,8.11,21.2,21.6,1,1.0,Optimal Recovery
USR-00391,64,Female,Student,Night Owl,75,News / Reading,34,0,67,27,35.6,4.71,22.4,17.2,4,5.5,Moderate Debt
USR-00392,29,Male,Healthcare / Shift Worker,Intermediate,86,TikTok / Reels,36,1,0,46,54.7,5.0,24.9,15.2,4,4.9,Moderate Debt
USR-00393,29,Non-Binary,Healthcare / Shift Worker,Intermediate,57,Instagram / Reddit,51,0,0,0,35.5,4.27,20.8,18.7,5,6.9,Moderate Debt
USR-00394,43,Female,Healthcare / Shift Worker,Night Owl,75,TikTok / Reels,25,0,20,1,53.2,3.2,16.5,17.0,6,8.9,Severe Sleep Debt
USR-00395,28,Female,Remote Tech,Morning Lark,11,Instagram / Reddit,55,1,72,0,19.6,7.65,22.4,19.8,1,1.0,Mild Deficit
USR-00396,55,Female,Freelance / Creative,Night Owl,90,News / Reading,78,0,0,14,43.5,4.97,19.9,22.7,5,6.1,Moderate Debt
USR-00397,49,Female,Remote Tech,Intermediate,50,YouTube,76,0,90,73,48.0,7.54,22.1,16.1,2,2.2,Mild Deficit
USR-00398,30,Male,Student,Night Owl,77,YouTube,66,0,88,23,42.0,4.62,23.3,17.0,5,7.1,Moderate Debt
USR-00399,42,Female,Corporate 9-to-5,Morning Lark,61,Streaming (Netflix/Hulu),59,1,0,2,48.4,7.75,22.7,22.0,2,2.1,Optimal Recovery
USR-00400,42,Male,Freelance / Creative,Morning Lark,38,YouTube,53,0,0,40,34.7,6.99,24.8,20.3,3,2.4,Mild Deficit
USR-00401,21,Female,Student,Intermediate,67,YouTube,56,0,0,63,35.1,5.62,21.3,17.4,4,3.7,Moderate Debt
USR-00402,52,Male,Student,Intermediate,34,YouTube,38,1,0,46,27.2,8.17,19.5,22.0,0,1.0,Optimal Recovery
USR-00403,32,Male,Corporate 9-to-5,Night Owl,180,YouTube,44,0,0,48,95.4,3.2,19.3,19.5,6,10.0,Severe Sleep Debt
USR-00404,46,Male,Student,Morning Lark,15,Streaming (Netflix/Hulu),25,0,0,65,25.4,8.84,27.9,22.7,2,1.0,Optimal Recovery
USR-00405,27,Male,Student,Intermediate,89,Messaging / Chat,72,1,0,29,40.7,7.05,22.4,17.8,1,1.6,Mild Deficit
USR-00406,52,Male,Student,Morning Lark,64,Streaming (Netflix/Hulu),53,0,0,7,35.5,6.35,24.8,20.6,3,3.3,Moderate Debt
USR-00407,29,Male,Corporate 9-to-5,Night Owl,52,TikTok / Reels,91,1,40,48,47.8,5.27,19.6,19.0,5,6.0,Moderate Debt
USR-00408,18,Male,Remote Tech,Night Owl,29,TikTok / Reels,44,0,0,35,32.3,4.76,26.2,18.6,3,3.9,Moderate Debt
USR-00409,53,Male,Corporate 9-to-5,Intermediate,66,News / Reading,55,1,0,15,37.0,5.48,17.8,17.8,3,4.7,Moderate Debt
USR-00410,21,Non-Binary,Remote Tech,Morning Lark,51,Messaging / Chat,68,0,0,0,32.3,7.89,20.7,21.3,1,1.0,Optimal Recovery
USR-00411,27,Male,Corporate 9-to-5,Intermediate,13,TikTok / Reels,63,0,173,57,36.2,7.0,15.6,17.8,2,2.6,Mild Deficit
USR-00412,58,Male,Corporate 9-to-5,Morning Lark,79,News / Reading,54,1,0,13,38.8,7.0,17.1,20.6,2,2.0,Mild Deficit
USR-00413,58,Male,Corporate 9-to-5,Morning Lark,68,News / Reading,87,0,0,43,27.3,8.13,21.6,21.3,2,1.0,Optimal Recovery
USR-00414,35,Female,Corporate 9-to-5,Intermediate,26,YouTube,38,1,42,26,30.8,7.85,18.6,21.0,1,1.0,Optimal Recovery
USR-00415,37,Female,Corporate 9-to-5,Night Owl,99,Streaming (Netflix/Hulu),66,0,0,63,41.9,3.81,19.8,21.7,5,7.6,Moderate Debt
USR-00416,31,Female,Freelance / Creative,Night Owl,96,Instagram / Reddit,47,1,0,51,74.9,3.97,24.6,20.5,6,8.7,Severe Sleep Debt
USR-00417,27,Male,Remote Tech,Intermediate,20,TikTok / Reels,53,1,28,45,24.5,6.34,23.3,15.4,4,1.5,Moderate Debt
USR-00418,27,Male,Remote Tech,Intermediate,68,TikTok / Reels,60,0,20,41,63.0,6.49,20.2,19.9,2,3.1,Moderate Debt
USR-00419,39,Female,Remote Tech,Night Owl,85,YouTube,53,1,93,0,47.3,4.89,21.8,21.2,3,5.2,Moderate Debt
USR-00420,42,Male,Student,Intermediate,16,News / Reading,52,1,0,38,22.5,7.61,20.8,19.6,1,1.0,Mild Deficit
USR-00421,44,Male,Freelance / Creative,Intermediate,9,Messaging / Chat,27,0,0,24,26.4,7.21,25.2,21.7,1,1.0,Mild Deficit
USR-00422,44,Female,Corporate 9-to-5,Night Owl,44,YouTube,71,0,0,37,30.4,4.98,19.6,23.3,3,3.9,Moderate Debt
USR-00423,21,Male,Corporate 9-to-5,Morning Lark,35,YouTube,27,1,63,30,31.2,8.65,24.0,15.9,1,1.0,Optimal Recovery
USR-00424,32,Male,Freelance / Creative,Morning Lark,50,Instagram / Reddit,81,1,30,3,41.2,7.65,18.4,17.0,2,1.0,Mild Deficit
USR-00425,20,Female,Remote Tech,Intermediate,138,YouTube,53,0,0,34,63.6,5.25,22.3,21.9,3,5.7,Moderate Debt
USR-00426,34,Male,Corporate 9-to-5,Morning Lark,86,Streaming (Netflix/Hulu),72,0,0,0,55.2,7.06,16.7,21.6,2,3.6,Mild Deficit
USR-00427,30,Male,Corporate 9-to-5,Intermediate,31,Instagram / Reddit,11,0,0,58,28.6,8.31,23.7,17.9,0,1.0,Optimal Recovery
USR-00428,51,Female,Corporate 9-to-5,Intermediate,59,YouTube,54,0,0,45,42.3,6.43,22.5,22.2,2,2.3,Moderate Debt
USR-00429,28,Female,Freelance / Creative,Intermediate,54,TikTok / Reels,55,1,36,20,43.1,5.72,18.1,18.1,5,6.0,Moderate Debt
USR-00430,21,Non-Binary,Corporate 9-to-5,Night Owl,94,YouTube,39,0,52,22,53.3,3.85,19.7,21.3,6,8.6,Severe Sleep Debt
USR-00431,22,Female,Freelance / Creative,Morning Lark,89,Instagram / Reddit,70,0,0,0,53.8,7.1,23.4,17.1,2,2.4,Mild Deficit
USR-00432,43,Female,Freelance / Creative,Intermediate,49,Instagram / Reddit,44,0,51,37,34.0,6.96,18.5,18.1,1,1.3,Mild Deficit
USR-00433,36,Female,Remote Tech,Morning Lark,77,Streaming (Netflix/Hulu),39,1,130,23,47.6,7.46,22.0,19.7,0,2.8,Mild Deficit
USR-00434,21,Male,Corporate 9-to-5,Intermediate,105,Instagram / Reddit,49,0,0,72,64.6,5.59,17.8,20.2,4,6.2,Moderate Debt
USR-00435,20,Male,Corporate 9-to-5,Night Owl,80,YouTube,72,1,68,37,47.4,3.57,22.6,17.5,5,7.3,Moderate Debt
USR-00436,40,Male,Remote Tech,Intermediate,30,News / Reading,60,0,0,62,27.5,6.57,28.0,20.0,2,1.0,Moderate Debt
USR-00437,20,Female,Remote Tech,Morning Lark,31,TikTok / Reels,62,0,111,33,42.0,8.8,19.8,16.3,1,1.0,Optimal Recovery
USR-00438,46,Male,Student,Intermediate,14,News / Reading,69,1,138,63,29.5,7.31,21.6,18.7,2,2.0,Mild Deficit
USR-00439,40,Female,Remote Tech,Intermediate,29,YouTube,51,1,0,18,29.5,5.66,18.3,14.2,3,3.5,Moderate Debt
USR-00440,20,Female,Freelance / Creative,Morning Lark,32,YouTube,74,0,47,47,25.8,8.47,18.3,21.0,0,1.0,Optimal Recovery
USR-00441,20,Female,Remote Tech,Intermediate,6,YouTube,62,1,0,26,16.4,8.31,24.6,19.9,0,1.0,Optimal Recovery
USR-00442,63,Female,Student,Intermediate,22,YouTube,70,0,0,63,33.5,6.49,26.1,19.8,3,1.8,Moderate Debt
USR-00443,29,Male,Healthcare / Shift Worker,Night Owl,18,Messaging / Chat,41,0,0,17,18.5,4.86,24.3,18.5,3,5.4,Moderate Debt
USR-00444,28,Male,Corporate 9-to-5,Night Owl,38,TikTok / Reels,57,0,0,25,41.6,6.05,23.3,16.5,3,3.6,Moderate Debt
USR-00445,45,Female,Corporate 9-to-5,Night Owl,56,Streaming (Netflix/Hulu),72,1,0,44,39.4,5.72,20.6,23.2,2,4.8,Moderate Debt
USR-00446,57,Male,Corporate 9-to-5,Night Owl,29,Messaging / Chat,88,0,0,21,28.5,4.98,21.5,20.9,2,4.8,Moderate Debt
USR-00447,63,Male,Corporate 9-to-5,Night Owl,127,YouTube,74,0,0,55,67.8,3.65,15.7,20.2,6,10.0,Severe Sleep Debt
USR-00448,42,Male,Remote Tech,Night Owl,22,News / Reading,75,0,0,47,20.7,6.2,22.7,21.3,1,2.0,Moderate Debt
USR-00449,29,Female,Corporate 9-to-5,Morning Lark,5,YouTube,27,0,0,90,13.6,9.52,28.0,20.4,0,1.0,Optimal Recovery
USR-00450,20,Male,Remote Tech,Intermediate,48,Messaging / Chat,50,0,0,65,31.5,7.46,22.3,21.7,2,1.3,Mild Deficit
USR-00451,43,Female,Freelance / Creative,Night Owl,83,Streaming (Netflix/Hulu),66,0,130,44,56.1,4.51,18.7,20.5,4,7.9,Moderate Debt
USR-00452,34,Male,Corporate 9-to-5,Intermediate,37,Streaming (Netflix/Hulu),30,0,41,24,31.5,7.51,25.9,15.8,3,1.0,Mild Deficit
USR-00453,30,Female,Remote Tech,Morning Lark,40,YouTube,63,1,0,50,40.4,8.07,21.0,21.5,1,1.0,Optimal Recovery
USR-00454,53,Male,Corporate 9-to-5,Intermediate,152,Streaming (Netflix/Hulu),48,0,84,30,67.7,5.0,19.9,18.1,5,7.6,Moderate Debt
USR-00455,21,Female,Corporate 9-to-5,Intermediate,88,TikTok / Reels,49,1,0,76,59.5,4.09,20.4,16.8,5,8.7,Severe Sleep Debt
USR-00456,32,Female,Remote Tech,Intermediate,59,Instagram / Reddit,56,1,0,34,32.4,7.24,25.5,17.7,2,2.4,Mild Deficit
USR-00457,18,Male,Freelance / Creative,Intermediate,50,TikTok / Reels,62,1,109,9,53.1,6.8,16.8,20.1,3,4.2,Mild Deficit
USR-00458,31,Male,Remote Tech,Intermediate,8,YouTube,70,1,0,36,28.4,6.54,28.0,20.1,3,2.2,Moderate Debt
USR-00459,20,Male,Corporate 9-to-5,Night Owl,110,TikTok / Reels,33,0,0,42,71.4,3.99,19.8,18.1,5,8.8,Severe Sleep Debt
USR-00460,22,Male,Remote Tech,Night Owl,50,Messaging / Chat,74,1,99,38,38.5,5.03,22.6,14.8,3,6.0,Moderate Debt
USR-00461,21,Female,Corporate 9-to-5,Night Owl,16,Instagram / Reddit,68,0,33,55,29.2,5.17,28.0,17.7,3,3.0,Moderate Debt
USR-00462,38,Male,Corporate 9-to-5,Night Owl,74,Streaming (Netflix/Hulu),50,0,71,10,40.8,4.93,18.6,21.9,3,5.4,Moderate Debt
USR-00463,42,Female,Student,Intermediate,90,Messaging / Chat,74,1,0,38,47.0,7.09,25.9,17.8,2,1.8,Mild Deficit
USR-00464,35,Female,Corporate 9-to-5,Intermediate,39,Streaming (Netflix/Hulu),22,1,0,12,29.3,6.56,25.0,20.2,2,1.0,Moderate Debt
USR-00465,59,Male,Remote Tech,Morning Lark,33,TikTok / Reels,58,0,67,0,48.0,7.08,22.9,16.4,3,2.4,Mild Deficit
USR-00466,29,Male,Student,Night Owl,45,Instagram / Reddit,44,0,53,26,36.6,6.31,21.4,18.9,2,3.3,Moderate Debt
USR-00467,26,Male,Remote Tech,Morning Lark,28,News / Reading,34,1,20,16,34.4,7.48,26.3,20.0,2,1.0,Mild Deficit
USR-00468,49,Male,Corporate 9-to-5,Night Owl,21,YouTube,25,0,0,68,15.9,5.89,22.5,18.6,3,2.4,Moderate Debt
USR-00469,25,Male,Freelance / Creative,Intermediate,48,Instagram / Reddit,68,0,0,38,28.6,6.9,22.7,20.3,1,1.6,Mild Deficit
USR-00470,59,Female,Remote Tech,Night Owl,87,Instagram / Reddit,65,1,0,37,49.6,4.63,23.0,18.5,5,6.6,Moderate Debt
USR-00471,18,Female,Student,Intermediate,143,YouTube,79,0,23,40,88.3,4.98,22.7,22.9,6,8.6,Severe Sleep Debt
USR-00472,60,Male,Corporate 9-to-5,Night Owl,50,News / Reading,68,0,40,41,32.9,6.73,21.1,18.6,2,1.4,Moderate Debt
USR-00473,19,Female,Remote Tech,Intermediate,128,TikTok / Reels,49,0,0,73,81.0,4.95,20.7,21.1,4,8.7,Severe Sleep Debt
USR-00474,51,Female,Remote Tech,Intermediate,21,TikTok / Reels,100,1,0,13,24.1,7.41,23.6,18.5,1,1.0,Mild Deficit
USR-00475,33,Female,Corporate 9-to-5,Intermediate,85,News / Reading,75,0,0,0,47.9,6.7,18.8,21.8,2,4.4,Moderate Debt
USR-00476,64,Male,Corporate 9-to-5,Night Owl,38,Streaming (Netflix/Hulu),32,0,33,27,29.8,4.81,25.4,20.7,3,5.0,Moderate Debt
USR-00477,20,Female,Remote Tech,Intermediate,177,TikTok / Reels,52,0,0,31,104.8,3.2,22.4,15.9,7,10.0,Severe Sleep Debt
USR-00478,34,Male,Healthcare / Shift Worker,Night Owl,31,YouTube,60,0,0,40,33.6,4.16,21.3,22.5,4,4.7,Moderate Debt
USR-00479,60,Male,Student,Night Owl,59,News / Reading,50,1,59,72,34.4,5.59,17.6,20.3,3,4.3,Moderate Debt
USR-00480,33,Female,Corporate 9-to-5,Night Owl,13,YouTube,96,0,0,46,27.6,6.02,25.3,20.8,2,2.7,Moderate Debt
USR-00481,37,Male,Remote Tech,Intermediate,36,Instagram / Reddit,49,1,82,39,34.3,7.8,22.2,20.8,0,1.0,Optimal Recovery
USR-00482,40,Male,Healthcare / Shift Worker,Intermediate,95,YouTube,47,0,156,53,60.3,3.95,23.0,17.0,7,9.9,Severe Sleep Debt
USR-00483,31,Male,Student,Morning Lark,83,News / Reading,70,1,91,21,45.4,6.79,16.5,19.4,2,3.3,Mild Deficit
USR-00484,37,Male,Corporate 9-to-5,Night Owl,60,Streaming (Netflix/Hulu),57,1,0,0,28.9,5.91,21.8,21.8,1,1.7,Moderate Debt
USR-00485,35,Female,Healthcare / Shift Worker,Night Owl,85,Instagram / Reddit,51,1,87,17,45.2,3.51,16.3,16.5,7,9.1,Severe Sleep Debt
USR-00486,52,Male,Corporate 9-to-5,Night Owl,47,Streaming (Netflix/Hulu),98,1,0,39,31.7,5.47,21.6,20.4,3,4.4,Moderate Debt
USR-00487,19,Female,Remote Tech,Intermediate,136,Messaging / Chat,86,1,78,87,77.7,4.69,19.0,14.0,5,8.4,Moderate Debt
USR-00488,26,Male,Remote Tech,Morning Lark,12,Messaging / Chat,27,0,77,34,24.1,9.0,24.1,16.8,0,1.0,Optimal Recovery
USR-00489,58,Male,Healthcare / Shift Worker,Night Owl,58,Messaging / Chat,92,0,0,53,37.0,3.2,24.5,18.9,4,7.9,Moderate Debt
USR-00490,51,Male,Freelance / Creative,Morning Lark,14,Messaging / Chat,51,0,0,71,17.4,8.56,22.8,20.8,0,1.0,Optimal Recovery
USR-00491,31,Female,Freelance / Creative,Night Owl,22,YouTube,78,0,84,57,33.6,5.93,16.9,17.1,2,4.0,Moderate Debt
USR-00492,37,Female,Corporate 9-to-5,Intermediate,34,YouTube,95,0,28,53,32.5,6.13,23.3,21.7,3,3.9,Moderate Debt
USR-00493,26,Female,Freelance / Creative,Intermediate,39,Streaming (Netflix/Hulu),71,0,102,47,37.8,5.75,24.8,22.4,4,3.9,Moderate Debt
USR-00494,24,Female,Corporate 9-to-5,Night Owl,48,Instagram / Reddit,100,1,0,16,40.5,4.74,21.4,18.9,4,6.9,Moderate Debt
USR-00495,31,Female,Corporate 9-to-5,Morning Lark,48,News / Reading,72,0,0,54,25.0,7.92,25.1,21.1,0,1.0,Optimal Recovery
USR-00496,28,Male,Remote Tech,Intermediate,32,TikTok / Reels,68,1,0,55,25.0,6.81,26.6,17.6,2,1.0,Mild Deficit
USR-00497,35,Female,Remote Tech,Night Owl,51,Streaming (Netflix/Hulu),75,1,0,0,36.5,5.3,20.8,17.0,2,4.1,Moderate Debt
USR-00498,20,Non-Binary,Student,Intermediate,18,Instagram / Reddit,30,1,250,41,42.1,7.17,20.3,15.5,2,3.0,Mild Deficit
USR-00499,61,Female,Remote Tech,Night Owl,89,Messaging / Chat,51,1,0,30,49.4,4.52,15.4,26.0,4,6.3,Moderate Debt
USR-00500,63,Male,Freelance / Creative,Night Owl,76,TikTok / Reels,34,0,0,16,40.3,5.13,18.8,16.9,4,5.1,Moderate Debt
USR-00501,40,Male,Corporate 9-to-5,Morning Lark,134,Messaging / Chat,51,1,0,40,59.3,5.84,24.7,19.4,4,5.0,Moderate Debt
USR-00502,34,Male,Corporate 9-to-5,Morning Lark,68,YouTube,64,0,0,28,68.7,7.35,22.8,20.9,3,2.8,Mild Deficit
USR-00503,27,Male,Freelance / Creative,Intermediate,73,Instagram / Reddit,52,0,0,72,52.3,6.48,25.4,18.1,4,4.0,Moderate Debt
USR-00504,45,Female,Corporate 9-to-5,Intermediate,72,Streaming (Netflix/Hulu),52,1,0,40,32.0,8.23,23.8,22.5,1,1.0,Optimal Recovery
USR-00505,39,Male,Student,Intermediate,26,Instagram / Reddit,28,1,0,9,23.9,7.65,24.3,18.1,2,1.0,Mild Deficit
USR-00506,23,Female,Student,Night Owl,58,Instagram / Reddit,45,1,0,69,44.1,4.38,25.3,17.5,5,5.8,Moderate Debt
USR-00507,53,Female,Remote Tech,Morning Lark,37,News / Reading,88,0,0,8,35.2,7.41,17.1,22.7,2,2.9,Mild Deficit
USR-00508,46,Male,Student,Intermediate,62,YouTube,44,1,0,88,38.5,6.66,26.8,25.0,2,2.4,Moderate Debt
USR-00509,58,Female,Corporate 9-to-5,Morning Lark,69,Streaming (Netflix/Hulu),48,0,82,41,43.2,7.23,18.0,18.3,2,2.0,Mild Deficit
USR-00510,41,Male,Healthcare / Shift Worker,Morning Lark,82,YouTube,60,1,130,19,67.7,5.52,17.1,20.1,5,7.0,Moderate Debt
USR-00511,36,Female,Corporate 9-to-5,Intermediate,72,Messaging / Chat,62,1,0,51,37.1,6.47,24.7,21.8,2,2.5,Moderate Debt
USR-00512,30,Female,Remote Tech,Night Owl,73,Instagram / Reddit,52,1,112,40,44.9,5.71,16.5,14.1,3,6.3,Moderate Debt
USR-00513,56,Female,Corporate 9-to-5,Morning Lark,39,Instagram / Reddit,27,0,38,12,26.1,8.35,22.7,20.8,1,1.0,Optimal Recovery
USR-00514,49,Female,Remote Tech,Intermediate,180,Streaming (Netflix/Hulu),66,0,88,24,88.7,3.2,12.6,23.7,7,10.0,Severe Sleep Debt
USR-00515,19,Female,Student,Intermediate,70,YouTube,93,1,102,69,45.5,6.33,21.3,18.6,4,5.3,Moderate Debt
USR-00516,18,Female,Freelance / Creative,Morning Lark,53,TikTok / Reels,92,1,0,46,48.4,7.91,24.6,17.8,1,1.0,Optimal Recovery
USR-00517,29,Female,Student,Intermediate,105,News / Reading,41,1,0,10,38.2,5.96,21.1,24.4,3,3.6,Moderate Debt
USR-00518,45,Male,Remote Tech,Night Owl,42,Streaming (Netflix/Hulu),63,0,0,58,33.5,7.58,23.3,22.6,0,1.0,Mild Deficit
USR-00519,63,Female,Freelance / Creative,Intermediate,15,Streaming (Netflix/Hulu),100,1,124,49,22.1,7.02,22.7,17.4,2,2.3,Mild Deficit
USR-00520,23,Male,Remote Tech,Morning Lark,30,Instagram / Reddit,55,0,55,0,23.7,8.5,23.2,18.3,0,1.0,Optimal Recovery
USR-00521,36,Female,Remote Tech,Intermediate,21,Messaging / Chat,60,1,0,60,19.4,7.25,28.0,16.7,0,1.0,Mild Deficit
USR-00522,29,Male,Remote Tech,Intermediate,63,TikTok / Reels,25,0,36,66,33.2,5.94,25.1,18.9,3,2.9,Moderate Debt
USR-00523,60,Female,Remote Tech,Morning Lark,88,TikTok / Reels,76,0,0,24,59.9,6.17,25.3,17.4,4,4.1,Moderate Debt
USR-00524,47,Female,Healthcare / Shift Worker,Morning Lark,19,YouTube,61,0,0,47,20.6,5.48,20.6,16.7,3,3.7,Moderate Debt
USR-00525,47,Male,Corporate 9-to-5,Morning Lark,76,Instagram / Reddit,37,0,0,80,49.4,8.37,24.0,22.4,2,1.0,Optimal Recovery
USR-00526,31,Female,Remote Tech,Morning Lark,72,YouTube,69,0,66,18,47.2,7.14,17.9,17.9,2,2.3,Mild Deficit
USR-00527,30,Male,Student,Intermediate,130,Streaming (Netflix/Hulu),75,0,0,68,62.3,5.23,20.7,21.3,4,6.2,Moderate Debt
USR-00528,26,Female,Freelance / Creative,Intermediate,98,TikTok / Reels,41,0,0,65,76.3,5.91,27.0,15.7,5,6.3,Moderate Debt
USR-00529,20,Non-Binary,Healthcare / Shift Worker,Intermediate,30,Instagram / Reddit,22,0,0,13,26.8,4.57,20.2,18.5,4,6.0,Moderate Debt
USR-00530,49,Female,Remote Tech,Night Owl,39,Streaming (Netflix/Hulu),58,0,0,1,26.5,5.9,22.6,21.2,2,1.7,Moderate Debt
USR-00531,45,Female,Student,Intermediate,42,YouTube,69,1,0,22,34.2,5.99,20.8,20.8,2,1.8,Moderate Debt
USR-00532,65,Male,Remote Tech,Night Owl,119,YouTube,60,1,123,13,60.7,3.21,15.8,15.7,6,10.0,Severe Sleep Debt
USR-00533,65,Female,Remote Tech,Intermediate,136,Messaging / Chat,78,1,45,19,66.5,5.33,14.6,18.8,3,8.0,Moderate Debt
USR-00534,34,Male,Freelance / Creative,Morning Lark,70,Streaming (Netflix/Hulu),21,1,195,53,56.6,7.14,20.6,18.7,2,3.2,Mild Deficit
USR-00535,43,Female,Freelance / Creative,Intermediate,16,Messaging / Chat,35,0,0,50,17.8,7.72,20.1,21.8,0,1.0,Mild Deficit
USR-00536,57,Male,Healthcare / Shift Worker,Night Owl,46,YouTube,59,1,20,51,29.4,5.05,23.6,19.8,3,4.3,Moderate Debt
USR-00537,48,Female,Corporate 9-to-5,Morning Lark,171,News / Reading,24,1,0,28,45.2,6.69,22.2,19.0,3,3.4,Moderate Debt
USR-00538,25,Male,Healthcare / Shift Worker,Morning Lark,54,Instagram / Reddit,40,1,0,96,46.0,7.05,25.6,19.0,0,2.0,Mild Deficit
USR-00539,31,Male,Freelance / Creative,Intermediate,3,TikTok / Reels,44,0,0,72,19.4,7.63,24.2,18.4,1,1.0,Mild Deficit
USR-00540,22,Female,Remote Tech,Intermediate,50,YouTube,75,0,27,41,36.5,7.12,25.9,18.3,2,1.6,Mild Deficit
USR-00541,58,Female,Remote Tech,Intermediate,109,Streaming (Netflix/Hulu),81,0,0,50,66.2,5.63,18.3,18.0,3,5.3,Moderate Debt
USR-00542,36,Female,Student,Morning Lark,13,TikTok / Reels,69,0,0,41,17.4,8.53,23.1,19.2,0,1.0,Optimal Recovery
USR-00543,25,Non-Binary,Remote Tech,Intermediate,17,Messaging / Chat,92,1,66,41,18.2,7.45,22.1,18.7,0,1.0,Mild Deficit
USR-00544,39,Female,Freelance / Creative,Intermediate,116,Streaming (Netflix/Hulu),83,0,0,55,67.3,4.5,22.5,23.6,6,9.3,Severe Sleep Debt
USR-00545,36,Female,Remote Tech,Intermediate,78,TikTok / Reels,71,1,0,34,47.5,6.96,23.8,18.1,3,2.9,Mild Deficit
USR-00546,28,Female,Student,Intermediate,76,Messaging / Chat,70,1,75,23,30.8,6.09,18.2,17.7,2,3.2,Moderate Debt
USR-00547,21,Female,Healthcare / Shift Worker,Intermediate,10,YouTube,43,0,185,42,40.3,4.83,22.2,11.4,4,6.7,Moderate Debt
USR-00548,39,Male,Remote Tech,Intermediate,32,Instagram / Reddit,27,1,0,26,29.0,6.33,23.3,22.6,3,3.6,Moderate Debt
USR-00549,33,Male,Healthcare / Shift Worker,Morning Lark,72,Messaging / Chat,41,0,0,29,32.0,6.29,24.3,16.4,3,2.9,Moderate Debt
USR-00550,43,Male,Remote Tech,Intermediate,21,Streaming (Netflix/Hulu),72,1,123,4,35.3,7.14,17.0,15.1,5,2.2,Mild Deficit
USR-00551,33,Male,Remote Tech,Morning Lark,68,Instagram / Reddit,49,1,0,44,32.8,7.68,23.2,21.1,3,1.0,Mild Deficit
USR-00552,48,Male,Corporate 9-to-5,Intermediate,22,YouTube,67,0,0,42,24.8,7.73,25.1,20.5,1,1.0,Mild Deficit
USR-00553,34,Female,Remote Tech,Intermediate,15,Instagram / Reddit,18,0,0,41,29.3,6.97,24.8,19.7,1,1.0,Mild Deficit
USR-00554,34,Female,Student,Morning Lark,70,Instagram / Reddit,66,1,0,28,40.8,8.31,23.8,18.6,2,1.0,Optimal Recovery
USR-00555,50,Male,Freelance / Creative,Intermediate,54,Streaming (Netflix/Hulu),38,0,69,43,41.8,6.13,24.7,15.6,3,3.6,Moderate Debt
USR-00556,29,Male,Corporate 9-to-5,Morning Lark,46,Instagram / Reddit,40,0,128,41,40.2,8.18,21.8,17.7,1,1.0,Optimal Recovery
USR-00557,22,Male,Remote Tech,Morning Lark,49,Instagram / Reddit,88,0,119,23,50.1,8.1,18.7,18.5,1,1.9,Optimal Recovery
USR-00558,19,Female,Corporate 9-to-5,Intermediate,49,YouTube,98,0,52,61,36.1,7.7,21.7,16.5,1,1.5,Mild Deficit
USR-00559,42,Female,Student,Night Owl,12,Instagram / Reddit,34,1,0,2,27.4,6.85,22.3,20.0,2,1.9,Mild Deficit
USR-00560,37,Female,Freelance / Creative,Intermediate,88,YouTube,50,0,119,56,61.8,5.49,18.9,20.3,4,7.6,Moderate Debt
USR-00561,40,Male,Student,Intermediate,112,TikTok / Reels,53,1,217,43,82.5,5.54,13.7,10.6,6,9.0,Moderate Debt
USR-00562,24,Male,Student,Intermediate,144,Instagram / Reddit,70,0,0,51,77.0,4.09,18.1,19.1,7,10.0,Severe Sleep Debt
USR-00563,22,Male,Remote Tech,Intermediate,62,TikTok / Reels,46,1,0,28,43.8,5.98,21.1,16.8,4,3.9,Moderate Debt
USR-00564,18,Female,Corporate 9-to-5,Night Owl,15,TikTok / Reels,39,1,73,24,34.6,6.13,20.3,15.0,4,3.9,Moderate Debt
USR-00565,28,Female,Student,Night Owl,86,TikTok / Reels,61,1,0,26,61.1,3.8,21.6,18.9,6,9.6,Severe Sleep Debt
USR-00566,35,Female,Student,Night Owl,56,YouTube,57,1,74,53,44.8,4.31,21.7,19.0,4,7.3,Moderate Debt
USR-00567,29,Female,Student,Night Owl,59,TikTok / Reels,72,0,98,40,45.3,5.15,23.0,17.2,3,5.3,Moderate Debt
USR-00568,30,Female,Healthcare / Shift Worker,Morning Lark,26,YouTube,41,0,0,16,23.2,7.08,21.4,21.3,2,1.0,Mild Deficit
USR-00569,53,Female,Healthcare / Shift Worker,Intermediate,68,TikTok / Reels,51,1,75,34,59.1,5.97,20.9,17.5,3,4.7,Moderate Debt
USR-00570,28,Female,Healthcare / Shift Worker,Night Owl,88,TikTok / Reels,71,0,0,35,74.7,3.2,20.7,20.6,7,10.0,Severe Sleep Debt
USR-00571,33,Male,Freelance / Creative,Intermediate,57,TikTok / Reels,54,0,0,59,40.4,6.03,20.5,17.8,4,4.8,Moderate Debt
USR-00572,44,Male,Freelance / Creative,Night Owl,36,YouTube,21,1,0,2,23.6,6.59,20.1,22.3,1,1.1,Moderate Debt
USR-00573,29,Female,Remote Tech,Morning Lark,38,Instagram / Reddit,87,1,76,36,29.0,8.83,20.9,16.3,1,1.0,Optimal Recovery
USR-00574,37,Male,Corporate 9-to-5,Intermediate,60,YouTube,53,1,90,45,36.7,5.68,21.7,14.7,2,5.0,Moderate Debt
USR-00575,49,Female,Remote Tech,Night Owl,37,Streaming (Netflix/Hulu),54,0,0,7,32.0,4.49,20.4,21.9,2,4.2,Moderate Debt
USR-00576,57,Male,Healthcare / Shift Worker,Intermediate,20,TikTok / Reels,100,0,138,10,48.2,6.1,15.8,16.1,2,5.5,Moderate Debt
USR-00577,22,Male,Corporate 9-to-5,Night Owl,85,TikTok / Reels,97,0,37,30,63.0,3.47,19.3,15.1,6,10.0,Severe Sleep Debt
USR-00578,55,Male,Corporate 9-to-5,Morning Lark,52,Instagram / Reddit,74,0,120,5,44.0,7.96,19.9,20.8,2,1.5,Optimal Recovery
USR-00579,32,Male,Corporate 9-to-5,Intermediate,57,Instagram / Reddit,33,0,0,24,41.1,7.25,24.1,15.8,1,1.0,Mild Deficit
USR-00580,26,Female,Student,Night Owl,31,TikTok / Reels,83,0,88,21,41.9,5.26,23.5,19.4,3,4.2,Moderate Debt
USR-00581,31,Female,Remote Tech,Intermediate,20,YouTube,20,0,32,52,23.2,7.84,25.7,23.6,2,1.0,Optimal Recovery
USR-00582,62,Female,Remote Tech,Morning Lark,27,TikTok / Reels,58,1,0,38,29.0,8.27,22.5,24.1,2,1.0,Optimal Recovery
USR-00583,32,Female,Corporate 9-to-5,Morning Lark,34,Messaging / Chat,46,1,0,64,32.0,7.96,28.0,22.1,1,1.0,Optimal Recovery
USR-00584,27,Male,Student,Night Owl,36,TikTok / Reels,41,0,0,45,29.7,4.85,28.0,20.7,4,3.4,Moderate Debt
USR-00585,37,Female,Corporate 9-to-5,Night Owl,47,YouTube,60,0,107,62,45.5,5.98,19.2,21.0,3,5.2,Moderate Debt
USR-00586,25,Female,Corporate 9-to-5,Morning Lark,95,Streaming (Netflix/Hulu),67,0,119,29,37.7,5.99,16.3,17.1,3,5.7,Moderate Debt
USR-00587,20,Female,Student,Morning Lark,79,TikTok / Reels,71,1,105,70,68.8,6.2,21.3,14.1,3,5.6,Moderate Debt
USR-00588,22,Non-Binary,Remote Tech,Night Owl,75,TikTok / Reels,53,0,0,6,55.6,5.74,21.0,22.6,4,5.1,Moderate Debt
USR-00589,22,Female,Remote Tech,Night Owl,20,TikTok / Reels,51,0,23,0,28.9,6.26,19.9,16.4,2,2.0,Moderate Debt
USR-00590,23,Male,Student,Morning Lark,72,TikTok / Reels,72,1,0,27,39.6,6.48,20.4,21.4,3,3.7,Moderate Debt
USR-00591,22,Female,Corporate 9-to-5,Intermediate,93,TikTok / Reels,73,0,0,71,73.1,6.17,19.4,20.7,4,5.6,Moderate Debt
USR-00592,37,Female,Healthcare / Shift Worker,Night Owl,36,News / Reading,58,0,0,55,24.9,4.41,23.5,18.0,3,5.0,Moderate Debt
USR-00593,23,Female,Corporate 9-to-5,Intermediate,19,Streaming (Netflix/Hulu),38,1,0,22,17.9,7.19,20.1,24.0,2,1.0,Mild Deficit
USR-00594,28,Male,Corporate 9-to-5,Night Owl,69,YouTube,21,1,0,6,30.0,4.2,24.3,18.3,3,6.4,Moderate Debt
USR-00595,52,Male,Healthcare / Shift Worker,Intermediate,79,Instagram / Reddit,68,0,0,0,48.7,3.59,20.2,18.3,6,8.4,Moderate Debt
USR-00596,31,Male,Student,Intermediate,50,Instagram / Reddit,74,1,0,30,37.3,7.35,21.6,16.6,1,1.0,Mild Deficit
USR-00597,38,Female,Corporate 9-to-5,Intermediate,87,Instagram / Reddit,51,0,24,20,49.0,6.66,20.2,16.0,3,3.1,Moderate Debt
USR-00598,23,Female,Corporate 9-to-5,Night Owl,52,Instagram / Reddit,62,1,0,46,38.4,4.1,23.8,16.7,4,5.6,Moderate Debt
USR-00599,24,Male,Healthcare / Shift Worker,Intermediate,24,YouTube,81,0,0,57,15.6,4.89,22.6,22.0,3,4.6,Moderate Debt
USR-00600,19,Female,Student,Morning Lark,52,TikTok / Reels,95,0,41,33,64.0,7.0,23.5,21.3,4,5.0,Mild Deficit
USR-00601,23,Male,Corporate 9-to-5,Intermediate,56,TikTok / Reels,47,0,0,11,39.4,5.93,24.6,14.2,3,3.0,Moderate Debt
USR-00602,26,Male,Student,Night Owl,49,Messaging / Chat,53,0,0,40,31.9,6.02,24.5,20.4,4,3.3,Moderate Debt
USR-00603,23,Female,Corporate 9-to-5,Intermediate,16,TikTok / Reels,64,1,0,63,14.7,6.91,25.0,18.9,1,1.0,Mild Deficit
USR-00604,21,Male,Remote Tech,Intermediate,127,Streaming (Netflix/Hulu),31,1,0,40,48.0,6.17,27.0,18.0,3,2.9,Moderate Debt
USR-00605,22,Female,Corporate 9-to-5,Intermediate,171,Instagram / Reddit,12,0,0,33,75.7,5.15,24.4,20.5,3,5.0,Moderate Debt
USR-00606,31,Female,Remote Tech,Morning Lark,42,Instagram / Reddit,28,0,0,14,44.4,9.1,24.7,23.3,0,1.0,Optimal Recovery
USR-00607,24,Female,Corporate 9-to-5,Morning Lark,46,TikTok / Reels,49,1,91,60,39.3,7.75,20.3,16.9,2,1.9,Optimal Recovery
USR-00608,28,Male,Remote Tech,Intermediate,52,TikTok / Reels,41,0,0,41,40.4,5.53,20.7,19.7,4,4.9,Moderate Debt
USR-00609,32,Female,Remote Tech,Intermediate,47,Instagram / Reddit,39,1,23,30,36.8,7.33,24.4,20.1,2,1.3,Mild Deficit
USR-00610,39,Male,Remote Tech,Night Owl,25,Streaming (Netflix/Hulu),56,1,91,25,23.7,5.5,20.9,14.3,4,5.3,Moderate Debt
USR-00611,19,Male,Corporate 9-to-5,Night Owl,83,Instagram / Reddit,55,1,0,37,61.9,3.64,22.9,16.5,6,8.5,Moderate Debt
USR-00612,45,Male,Remote Tech,Night Owl,85,Instagram / Reddit,40,1,103,0,53.9,4.49,15.0,17.1,4,8.4,Moderate Debt
USR-00613,37,Male,Student,Intermediate,47,YouTube,23,1,0,0,27.1,5.97,19.6,21.1,3,3.3,Moderate Debt
USR-00614,20,Female,Remote Tech,Night Owl,45,Instagram / Reddit,63,0,0,19,33.8,7.14,21.1,19.7,2,2.4,Mild Deficit
USR-00615,50,Female,Student,Morning Lark,44,News / Reading,76,0,45,52,25.4,8.31,23.5,22.5,0,1.0,Optimal Recovery
USR-00616,54,Female,Remote Tech,Morning Lark,81,News / Reading,43,1,0,17,28.2,8.67,22.2,21.8,1,1.0,Optimal Recovery
USR-00617,20,Male,Remote Tech,Morning Lark,51,YouTube,47,1,0,33,43.5,7.43,23.9,21.6,1,1.0,Mild Deficit
USR-00618,26,Non-Binary,Remote Tech,Intermediate,42,TikTok / Reels,71,1,24,41,28.5,7.13,25.2,17.8,2,1.0,Mild Deficit
USR-00619,45,Male,Freelance / Creative,Morning Lark,20,TikTok / Reels,76,1,0,28,25.0,8.74,23.4,18.3,0,1.0,Optimal Recovery
USR-00620,42,Male,Corporate 9-to-5,Intermediate,90,Instagram / Reddit,46,0,0,0,57.4,5.86,20.8,18.4,3,5.5,Moderate Debt
USR-00621,24,Male,Corporate 9-to-5,Intermediate,29,Instagram / Reddit,53,0,0,46,29.0,8.39,25.3,12.6,0,1.0,Optimal Recovery
USR-00622,24,Female,Student,Intermediate,19,YouTube,85,0,0,90,33.1,7.6,28.0,21.4,1,1.0,Mild Deficit
USR-00623,28,Male,Freelance / Creative,Intermediate,73,Instagram / Reddit,73,1,47,7,60.4,6.72,22.7,18.5,2,3.2,Moderate Debt
USR-00624,32,Male,Freelance / Creative,Intermediate,51,Messaging / Chat,32,0,0,56,35.5,6.9,24.9,24.7,2,1.0,Mild Deficit
USR-00625,36,Female,Remote Tech,Morning Lark,176,TikTok / Reels,21,1,164,0,119.4,5.12,19.4,15.4,6,9.4,Severe Sleep Debt
USR-00626,28,Male,Remote Tech,Morning Lark,17,Messaging / Chat,49,1,190,59,33.1,8.45,20.8,17.0,0,1.0,Optimal Recovery
USR-00627,31,Female,Student,Morning Lark,33,YouTube,36,0,0,0,19.9,8.23,21.1,20.7,0,1.0,Optimal Recovery
USR-00628,42,Male,Remote Tech,Morning Lark,73,TikTok / Reels,64,1,0,38,30.8,7.13,21.1,19.2,2,1.7,Mild Deficit
USR-00629,19,Male,Student,Intermediate,49,Streaming (Netflix/Hulu),69,0,31,36,38.4,7.65,20.8,20.0,3,1.9,Mild Deficit
USR-00630,25,Male,Healthcare / Shift Worker,Night Owl,56,Messaging / Chat,60,1,0,55,32.9,3.2,20.8,21.7,4,6.7,Moderate Debt
USR-00631,40,Female,Student,Intermediate,56,Streaming (Netflix/Hulu),39,1,20,59,48.8,5.69,27.5,19.3,3,3.3,Moderate Debt
USR-00632,52,Male,Remote Tech,Intermediate,12,Messaging / Chat,30,1,0,29,17.4,8.18,25.8,21.3,2,1.0,Optimal Recovery
USR-00633,33,Male,Remote Tech,Night Owl,59,Messaging / Chat,68,0,0,21,38.4,5.12,21.7,16.1,4,6.0,Moderate Debt
USR-00634,33,Female,Student,Morning Lark,80,Instagram / Reddit,72,1,0,23,53.0,7.18,19.0,20.6,2,3.8,Mild Deficit
USR-00635,21,Male,Remote Tech,Morning Lark,26,Instagram / Reddit,77,1,0,29,22.8,9.11,25.5,18.0,1,1.0,Optimal Recovery
USR-00636,31,Male,Remote Tech,Intermediate,28,YouTube,49,0,95,40,43.7,7.6,22.0,19.5,1,1.0,Mild Deficit
USR-00637,33,Male,Corporate 9-to-5,Intermediate,37,YouTube,53,0,0,41,30.6,5.67,21.0,20.4,3,4.3,Moderate Debt
USR-00638,25,Female,Corporate 9-to-5,Intermediate,19,Instagram / Reddit,71,0,0,23,20.8,7.32,26.7,17.6,2,1.0,Mild Deficit
USR-00639,26,Female,Remote Tech,Night Owl,24,Instagram / Reddit,55,0,0,46,24.0,6.52,22.7,14.0,2,1.9,Moderate Debt
USR-00640,29,Male,Healthcare / Shift Worker,Morning Lark,53,YouTube,44,0,0,50,43.4,6.18,24.2,20.3,2,2.8,Moderate Debt
USR-00641,18,Female,Corporate 9-to-5,Intermediate,106,YouTube,38,0,0,88,52.1,4.83,27.2,19.3,5,5.9,Moderate Debt
USR-00642,27,Female,Remote Tech,Morning Lark,34,Messaging / Chat,69,1,0,63,27.2,8.39,19.5,21.8,2,1.0,Optimal Recovery
USR-00643,24,Male,Corporate 9-to-5,Night Owl,134,YouTube,49,1,114,46,64.1,3.33,16.6,18.6,5,10.0,Severe Sleep Debt
USR-00644,27,Male,Corporate 9-to-5,Night Owl,34,News / Reading,44,0,0,30,20.6,6.06,21.8,22.4,1,2.3,Moderate Debt
USR-00645,22,Male,Freelance / Creative,Intermediate,84,Streaming (Netflix/Hulu),64,0,0,0,49.9,5.54,22.9,16.1,4,5.0,Moderate Debt
USR-00646,51,Female,Healthcare / Shift Worker,Morning Lark,29,Streaming (Netflix/Hulu),41,0,130,0,30.5,7.53,22.2,17.3,2,1.0,Mild Deficit
USR-00647,36,Female,Corporate 9-to-5,Intermediate,64,TikTok / Reels,43,0,20,51,40.2,6.34,26.0,16.4,3,3.2,Moderate Debt
USR-00648,39,Female,Student,Morning Lark,123,YouTube,56,0,0,35,67.0,6.31,18.7,20.3,4,6.4,Moderate Debt
USR-00649,44,Female,Corporate 9-to-5,Intermediate,74,Instagram / Reddit,46,1,0,13,42.5,6.27,21.2,20.1,3,4.1,Moderate Debt
USR-00650,32,Male,Freelance / Creative,Intermediate,46,Streaming (Netflix/Hulu),83,0,129,31,55.9,5.73,20.6,12.9,5,7.1,Moderate Debt
USR-00651,21,Male,Corporate 9-to-5,Night Owl,44,YouTube,66,0,0,23,21.3,6.19,19.9,17.9,4,4.4,Moderate Debt
USR-00652,34,Female,Corporate 9-to-5,Intermediate,65,Messaging / Chat,58,1,107,32,45.1,5.68,21.4,15.5,3,4.5,Moderate Debt
USR-00653,35,Female,Remote Tech,Morning Lark,78,Streaming (Netflix/Hulu),83,0,86,14,64.8,5.45,18.5,20.4,4,7.9,Moderate Debt
USR-00654,42,Female,Healthcare / Shift Worker,Morning Lark,84,YouTube,57,1,111,49,48.9,4.85,19.8,18.8,5,7.4,Moderate Debt
USR-00655,30,Female,Corporate 9-to-5,Morning Lark,53,Messaging / Chat,77,0,79,28,45.3,7.2,19.5,18.0,3,3.1,Mild Deficit
USR-00656,22,Female,Student,Morning Lark,63,TikTok / Reels,35,0,0,56,48.1,7.23,22.7,14.1,1,1.0,Mild Deficit
USR-00657,26,Male,Corporate 9-to-5,Night Owl,28,TikTok / Reels,42,1,76,29,41.6,5.08,23.7,14.0,2,4.6,Moderate Debt
USR-00658,28,Male,Freelance / Creative,Morning Lark,69,TikTok / Reels,36,0,0,38,58.6,7.36,26.8,16.4,2,2.6,Mild Deficit
USR-00659,38,Male,Corporate 9-to-5,Night Owl,29,TikTok / Reels,65,1,0,32,22.7,5.05,24.8,13.5,3,3.7,Moderate Debt
USR-00660,35,Female,Freelance / Creative,Intermediate,57,Messaging / Chat,24,1,88,22,42.9,6.2,24.4,16.1,3,3.9,Moderate Debt
USR-00661,28,Male,Remote Tech,Intermediate,40,Instagram / Reddit,61,1,20,0,32.7,8.2,23.0,17.7,1,1.0,Optimal Recovery
USR-00662,63,Male,Remote Tech,Intermediate,116,Instagram / Reddit,45,1,0,62,55.5,5.7,28.0,19.3,3,4.5,Moderate Debt
USR-00663,36,Male,Freelance / Creative,Intermediate,53,Streaming (Netflix/Hulu),58,0,0,51,33.1,6.71,24.7,19.8,1,1.1,Moderate Debt
USR-00664,25,Female,Freelance / Creative,Intermediate,123,Instagram / Reddit,55,0,0,19,70.7,3.72,13.8,20.9,4,9.4,Severe Sleep Debt
USR-00665,21,Male,Student,Intermediate,49,YouTube,66,1,126,52,33.7,6.57,20.0,15.1,2,3.6,Moderate Debt
USR-00666,23,Male,Corporate 9-to-5,Intermediate,136,Streaming (Netflix/Hulu),100,0,248,0,80.2,5.05,13.8,13.7,5,9.8,Severe Sleep Debt
USR-00667,25,Male,Remote Tech,Night Owl,71,YouTube,95,1,0,38,40.0,4.55,19.5,24.3,4,6.1,Moderate Debt
USR-00668,23,Female,Remote Tech,Intermediate,13,Streaming (Netflix/Hulu),71,1,0,35,16.2,8.77,25.1,18.5,0,1.0,Optimal Recovery
USR-00669,24,Female,Remote Tech,Intermediate,40,Instagram / Reddit,48,0,0,60,36.4,7.2,26.6,22.4,2,1.3,Mild Deficit
USR-00670,26,Female,Remote Tech,Intermediate,31,TikTok / Reels,59,1,0,48,28.2,7.4,25.5,18.8,1,1.0,Mild Deficit
USR-00671,23,Female,Corporate 9-to-5,Morning Lark,20,YouTube,47,0,20,8,22.1,8.71,19.7,18.3,0,1.0,Optimal Recovery
USR-00672,52,Male,Student,Morning Lark,30,Messaging / Chat,40,0,0,48,39.3,7.56,23.1,21.0,3,1.1,Mild Deficit
USR-00673,20,Female,Student,Morning Lark,35,Streaming (Netflix/Hulu),16,1,0,52,20.4,8.06,26.7,23.1,2,1.0,Optimal Recovery
USR-00674,33,Female,Corporate 9-to-5,Intermediate,14,TikTok / Reels,50,0,0,54,23.7,7.74,27.1,19.6,2,1.0,Mild Deficit
USR-00675,29,Female,Remote Tech,Intermediate,45,TikTok / Reels,61,1,44,26,39.6,6.52,26.4,13.3,3,3.9,Moderate Debt
USR-00676,62,Female,Remote Tech,Night Owl,69,Instagram / Reddit,67,0,20,85,48.2,5.44,24.8,19.5,3,4.7,Moderate Debt
USR-00677,21,Female,Student,Night Owl,179,TikTok / Reels,57,0,87,34,105.2,3.2,19.9,17.4,7,10.0,Severe Sleep Debt
USR-00678,29,Male,Corporate 9-to-5,Morning Lark,109,TikTok / Reels,41,1,154,39,80.1,4.91,16.8,18.8,5,9.6,Severe Sleep Debt
USR-00679,60,Male,Student,Intermediate,44,YouTube,45,0,0,16,32.1,7.59,21.5,23.0,2,1.4,Mild Deficit
USR-00680,49,Female,Corporate 9-to-5,Night Owl,52,YouTube,73,0,0,84,36.9,4.94,19.9,20.4,5,5.5,Moderate Debt
USR-00681,46,Female,Remote Tech,Intermediate,73,YouTube,21,0,0,7,35.6,6.06,19.8,20.0,2,3.5,Moderate Debt
USR-00682,26,Female,Student,Intermediate,46,Streaming (Netflix/Hulu),45,0,0,20,36.3,5.66,21.9,21.1,3,3.7,Moderate Debt
USR-00683,23,Female,Student,Night Owl,54,TikTok / Reels,55,1,62,68,43.0,5.88,25.3,21.5,4,4.8,Moderate Debt
USR-00684,38,Male,Corporate 9-to-5,Morning Lark,30,Streaming (Netflix/Hulu),47,0,0,24,22.9,9.12,21.9,22.6,0,1.0,Optimal Recovery
USR-00685,55,Male,Remote Tech,Night Owl,51,Instagram / Reddit,25,1,0,29,44.7,5.1,17.4,20.2,2,4.5,Moderate Debt
USR-00686,34,Male,Freelance / Creative,Intermediate,55,Messaging / Chat,74,0,148,27,42.1,5.23,21.6,13.4,5,6.9,Moderate Debt
USR-00687,35,Male,Corporate 9-to-5,Intermediate,21,YouTube,78,1,0,54,10.0,8.05,25.5,20.0,0,1.0,Optimal Recovery
USR-00688,26,Female,Healthcare / Shift Worker,Morning Lark,72,TikTok / Reels,35,0,43,46,45.7,5.79,19.8,18.8,4,5.7,Moderate Debt
USR-00689,43,Male,Student,Night Owl,74,Messaging / Chat,10,1,20,49,47.4,5.47,21.4,18.3,3,4.2,Moderate Debt
USR-00690,24,Male,Student,Intermediate,76,Streaming (Netflix/Hulu),95,1,0,73,34.9,6.45,23.2,22.0,2,2.7,Moderate Debt
USR-00691,27,Male,Corporate 9-to-5,Intermediate,30,Instagram / Reddit,47,0,0,50,27.7,6.79,25.8,22.5,2,2.0,Mild Deficit
USR-00692,30,Female,Corporate 9-to-5,Night Owl,123,TikTok / Reels,36,1,0,45,64.4,3.2,26.6,17.2,7,9.6,Severe Sleep Debt
USR-00693,33,Male,Freelance / Creative,Night Owl,41,TikTok / Reels,53,1,0,46,36.5,4.72,22.8,17.9,4,5.0,Moderate Debt
USR-00694,25,Male,Remote Tech,Night Owl,22,TikTok / Reels,61,1,155,56,28.8,7.3,19.4,12.2,2,2.4,Mild Deficit
USR-00695,21,Male,Corporate 9-to-5,Morning Lark,118,TikTok / Reels,42,1,0,12,66.4,7.11,19.7,20.8,1,3.0,Mild Deficit
USR-00696,36,Female,Student,Night Owl,25,TikTok / Reels,58,1,0,37,24.8,5.62,22.6,18.8,2,2.5,Moderate Debt
USR-00697,26,Male,Corporate 9-to-5,Intermediate,62,TikTok / Reels,53,0,0,65,35.4,6.26,26.7,15.2,3,3.9,Moderate Debt
USR-00698,35,Male,Healthcare / Shift Worker,Intermediate,34,YouTube,41,0,0,0,26.0,5.29,19.5,20.0,0,2.3,Moderate Debt
USR-00699,23,Male,Student,Night Owl,16,Instagram / Reddit,22,0,21,36,24.1,5.42,23.5,18.4,3,2.7,Moderate Debt
USR-00700,32,Male,Healthcare / Shift Worker,Morning Lark,25,Streaming (Netflix/Hulu),82,1,0,46,17.4,7.12,18.6,15.8,3,1.3,Mild Deficit
USR-00701,33,Male,Healthcare / Shift Worker,Morning Lark,110,TikTok / Reels,66,1,0,25,74.6,5.72,20.8,17.9,4,6.5,Moderate Debt
USR-00702,19,Female,Corporate 9-to-5,Intermediate,52,News / Reading,40,0,99,10,26.2,7.93,24.8,17.5,1,2.6,Optimal Recovery
USR-00703,28,Male,Remote Tech,Night Owl,36,Instagram / Reddit,63,1,168,35,44.4,5.64,19.0,14.6,2,5.3,Moderate Debt
USR-00704,22,Female,Student,Intermediate,42,TikTok / Reels,38,1,0,66,35.8,7.08,24.4,16.8,2,1.3,Mild Deficit
USR-00705,20,Male,Remote Tech,Intermediate,23,TikTok / Reels,54,0,53,26,29.9,7.2,18.2,14.3,2,1.2,Mild Deficit
USR-00706,63,Female,Freelance / Creative,Intermediate,28,TikTok / Reels,67,0,0,17,25.0,8.2,20.7,21.0,0,1.0,Optimal Recovery
USR-00707,27,Female,Student,Intermediate,84,Instagram / Reddit,64,1,206,41,54.5,5.71,20.5,15.6,3,6.2,Moderate Debt
USR-00708,45,Male,Corporate 9-to-5,Night Owl,59,YouTube,47,0,0,0,31.3,5.51,20.5,20.7,3,4.3,Moderate Debt
USR-00709,25,Male,Healthcare / Shift Worker,Morning Lark,50,TikTok / Reels,71,0,0,20,39.3,6.23,18.3,20.7,2,2.8,Moderate Debt
USR-00710,39,Male,Corporate 9-to-5,Intermediate,45,Instagram / Reddit,55,1,0,16,24.0,6.17,20.6,18.0,2,2.3,Moderate Debt
USR-00711,43,Male,Corporate 9-to-5,Night Owl,14,Streaming (Netflix/Hulu),44,1,0,59,17.7,6.98,25.4,24.1,0,1.0,Mild Deficit
USR-00712,36,Male,Student,Intermediate,47,YouTube,89,1,111,45,44.2,6.94,23.3,17.0,4,3.8,Mild Deficit
USR-00713,31,Female,Healthcare / Shift Worker,Intermediate,84,Instagram / Reddit,33,0,0,46,43.6,5.61,20.4,22.0,4,4.9,Moderate Debt
USR-00714,29,Female,Remote Tech,Morning Lark,33,TikTok / Reels,63,1,81,25,27.7,8.2,25.3,16.2,0,1.0,Optimal Recovery
USR-00715,28,Female,Corporate 9-to-5,Night Owl,48,YouTube,83,0,0,38,37.2,5.81,21.3,18.8,4,4.0,Moderate Debt
USR-00716,55,Female,Remote Tech,Intermediate,7,YouTube,21,0,0,56,17.5,7.29,26.1,21.5,1,1.0,Mild Deficit
USR-00717,47,Male,Corporate 9-to-5,Intermediate,104,Instagram / Reddit,88,1,115,52,68.3,7.03,18.6,15.8,4,4.5,Mild Deficit
USR-00718,59,Male,Corporate 9-to-5,Intermediate,124,Instagram / Reddit,89,0,0,15,89.5,5.84,19.2,20.0,5,7.4,Moderate Debt
USR-00719,22,Male,Corporate 9-to-5,Intermediate,124,TikTok / Reels,46,0,204,18,95.1,4.84,14.7,14.9,5,9.2,Severe Sleep Debt
USR-00720,41,Female,Student,Night Owl,15,TikTok / Reels,61,1,0,50,20.3,7.26,23.0,18.7,3,1.0,Mild Deficit
USR-00721,56,Female,Freelance / Creative,Night Owl,88,YouTube,40,0,76,32,49.5,4.85,13.8,19.0,5,6.2,Moderate Debt
USR-00722,23,Male,Corporate 9-to-5,Intermediate,5,TikTok / Reels,38,1,0,45,11.0,7.5,22.6,16.6,1,1.0,Mild Deficit
USR-00723,20,Male,Corporate 9-to-5,Intermediate,92,TikTok / Reels,32,0,0,40,56.7,6.93,26.9,23.2,3,2.7,Mild Deficit
USR-00724,42,Female,Healthcare / Shift Worker,Night Owl,50,TikTok / Reels,89,1,0,31,54.5,3.2,19.8,18.1,4,7.8,Moderate Debt
USR-00725,35,Male,Student,Intermediate,40,YouTube,50,1,0,52,24.3,7.51,20.5,17.2,1,1.0,Mild Deficit
USR-00726,47,Male,Freelance / Creative,Morning Lark,88,YouTube,27,0,80,5,60.2,6.5,18.5,19.5,3,3.7,Moderate Debt
USR-00727,22,Female,Corporate 9-to-5,Night Owl,54,Streaming (Netflix/Hulu),76,0,0,32,35.0,6.42,23.9,18.3,2,3.1,Moderate Debt
USR-00728,44,Male,Corporate 9-to-5,Intermediate,28,Messaging / Chat,68,0,0,9,28.5,6.82,21.3,19.6,2,1.3,Mild Deficit
USR-00729,24,Female,Remote Tech,Intermediate,77,TikTok / Reels,63,0,98,31,65.8,5.33,19.4,17.8,4,7.0,Moderate Debt
USR-00730,23,Male,Student,Morning Lark,102,YouTube,42,0,38,32,54.6,6.84,21.6,15.6,2,3.8,Mild Deficit
USR-00731,23,Female,Remote Tech,Night Owl,84,Messaging / Chat,47,0,0,36,47.6,3.77,23.9,18.5,4,7.4,Moderate Debt
USR-00732,45,Female,Remote Tech,Intermediate,87,Instagram / Reddit,96,1,0,41,49.1,6.61,20.4,18.1,2,3.3,Moderate Debt
USR-00733,38,Male,Corporate 9-to-5,Night Owl,22,Messaging / Chat,63,1,113,34,28.4,5.54,21.1,16.3,4,3.9,Moderate Debt
USR-00734,33,Female,Remote Tech,Night Owl,36,Messaging / Chat,44,1,0,14,25.7,5.61,21.4,17.8,1,2.4,Moderate Debt
USR-00735,28,Male,Student,Night Owl,59,Messaging / Chat,70,0,250,21,48.9,5.05,15.4,13.0,4,8.3,Moderate Debt
USR-00736,50,Female,Remote Tech,Night Owl,116,YouTube,72,1,87,33,63.0,4.53,16.3,19.5,5,9.2,Severe Sleep Debt
USR-00737,29,Female,Student,Morning Lark,29,TikTok / Reels,91,1,0,24,24.6,8.44,21.6,21.6,0,1.0,Optimal Recovery
USR-00738,46,Female,Remote Tech,Night Owl,113,TikTok / Reels,56,0,0,17,78.7,3.2,20.6,21.8,5,10.0,Severe Sleep Debt
USR-00739,30,Female,Corporate 9-to-5,Morning Lark,12,Instagram / Reddit,70,0,34,33,19.6,8.91,21.5,18.0,0,1.0,Optimal Recovery
USR-00740,29,Male,Corporate 9-to-5,Night Owl,104,YouTube,66,0,0,43,50.9,3.96,18.7,19.3,6,8.4,Moderate Debt
USR-00741,31,Female,Remote Tech,Intermediate,99,YouTube,41,1,142,55,56.7,5.65,16.1,14.3,4,4.6,Moderate Debt
USR-00742,27,Male,Corporate 9-to-5,Intermediate,154,TikTok / Reels,28,1,62,57,92.4,3.56,23.4,15.3,7,10.0,Severe Sleep Debt
USR-00743,42,Male,Student,Morning Lark,91,Streaming (Netflix/Hulu),67,0,0,27,43.6,7.36,20.4,21.2,1,2.2,Mild Deficit
USR-00744,32,Male,Healthcare / Shift Worker,Night Owl,63,YouTube,69,0,58,60,39.5,3.48,21.0,16.5,4,7.5,Moderate Debt
USR-00745,25,Female,Remote Tech,Morning Lark,40,Instagram / Reddit,10,1,0,29,36.6,8.9,24.3,19.7,1,1.0,Optimal Recovery
USR-00746,52,Male,Corporate 9-to-5,Intermediate,37,Streaming (Netflix/Hulu),66,0,0,85,23.5,7.04,26.3,20.7,2,1.0,Mild Deficit
USR-00747,29,Female,Freelance / Creative,Night Owl,49,YouTube,53,1,0,33,40.1,5.15,25.6,22.1,3,4.6,Moderate Debt
USR-00748,34,Female,Corporate 9-to-5,Intermediate,38,YouTube,64,1,0,28,29.5,7.8,20.1,20.8,2,1.0,Optimal Recovery
USR-00749,53,Female,Corporate 9-to-5,Morning Lark,77,Messaging / Chat,45,1,0,24,39.0,7.52,21.2,18.9,4,2.5,Mild Deficit
USR-00750,37,Female,Remote Tech,Intermediate,90,TikTok / Reels,84,1,0,12,60.6,5.71,22.9,21.9,4,4.8,Moderate Debt
USR-00751,21,Female,Student,Morning Lark,27,Streaming (Netflix/Hulu),76,1,113,74,30.4,7.7,18.2,21.6,2,2.5,Mild Deficit
USR-00752,56,Male,Corporate 9-to-5,Intermediate,93,Messaging / Chat,27,1,0,57,48.8,5.8,27.0,20.5,3,3.1,Moderate Debt
USR-00753,37,Female,Remote Tech,Night Owl,66,Instagram / Reddit,35,1,0,60,35.7,5.14,22.5,21.6,3,5.3,Moderate Debt
USR-00754,28,Female,Remote Tech,Intermediate,42,Instagram / Reddit,56,1,0,56,29.6,7.44,20.1,23.4,1,1.0,Mild Deficit
USR-00755,22,Male,Corporate 9-to-5,Morning Lark,103,TikTok / Reels,43,0,104,56,71.4,7.36,19.9,16.9,3,3.1,Mild Deficit
USR-00756,44,Female,Corporate 9-to-5,Intermediate,30,Messaging / Chat,77,1,30,67,22.8,9.16,23.3,21.1,0,1.0,Optimal Recovery
USR-00757,37,Female,Student,Night Owl,20,YouTube,35,0,52,27,19.8,6.9,23.7,18.8,1,1.0,Mild Deficit
USR-00758,33,Female,Student,Morning Lark,29,Instagram / Reddit,76,0,32,19,21.4,7.58,20.9,20.3,0,1.0,Mild Deficit
USR-00759,52,Male,Corporate 9-to-5,Intermediate,36,TikTok / Reels,10,0,46,47,33.7,7.88,21.8,13.2,1,1.0,Optimal Recovery
USR-00760,44,Female,Corporate 9-to-5,Intermediate,100,News / Reading,47,0,0,47,43.5,5.97,20.3,21.3,3,3.8,Moderate Debt
USR-00761,23,Female,Student,Night Owl,97,Messaging / Chat,83,1,36,45,76.5,3.84,21.8,17.1,5,8.8,Severe Sleep Debt
USR-00762,27,Female,Healthcare / Shift Worker,Night Owl,53,Instagram / Reddit,54,1,0,36,40.1,3.97,23.4,20.7,4,6.9,Moderate Debt
USR-00763,25,Male,Corporate 9-to-5,Intermediate,10,YouTube,56,1,0,23,28.4,7.85,23.4,18.3,0,1.0,Optimal Recovery
USR-00764,42,Male,Remote Tech,Intermediate,32,TikTok / Reels,71,1,107,40,40.0,7.25,19.9,15.2,3,3.1,Mild Deficit
USR-00765,19,Male,Corporate 9-to-5,Intermediate,145,YouTube,66,1,134,21,74.3,4.42,19.3,20.0,5,8.7,Severe Sleep Debt
USR-00766,35,Female,Corporate 9-to-5,Intermediate,86,Messaging / Chat,53,0,0,16,67.2,5.33,19.7,19.2,3,6.2,Moderate Debt
USR-00767,43,Female,Corporate 9-to-5,Intermediate,10,Streaming (Netflix/Hulu),81,1,0,42,20.6,7.69,25.8,19.8,1,1.0,Mild Deficit
USR-00768,50,Female,Student,Intermediate,6,Instagram / Reddit,58,0,0,18,19.3,7.41,26.4,16.0,1,1.0,Mild Deficit
USR-00769,28,Female,Remote Tech,Morning Lark,84,Streaming (Netflix/Hulu),66,1,130,55,59.2,6.59,21.4,16.3,3,4.1,Moderate Debt
USR-00770,46,Female,Healthcare / Shift Worker,Night Owl,114,YouTube,74,0,0,11,59.7,3.2,16.7,15.2,5,9.9,Severe Sleep Debt
USR-00771,21,Female,Student,Morning Lark,24,Streaming (Netflix/Hulu),10,1,49,53,33.3,8.21,24.8,17.2,0,1.0,Optimal Recovery
USR-00772,48,Male,Healthcare / Shift Worker,Morning Lark,31,Instagram / Reddit,41,0,41,0,29.0,5.78,19.7,19.0,2,2.9,Moderate Debt
USR-00773,22,Male,Corporate 9-to-5,Intermediate,95,TikTok / Reels,43,1,0,13,58.8,4.46,21.3,20.2,3,7.3,Moderate Debt
USR-00774,29,Female,Corporate 9-to-5,Morning Lark,42,Instagram / Reddit,68,0,0,71,45.3,7.21,21.3,18.7,2,2.4,Mild Deficit
USR-00775,44,Male,Freelance / Creative,Intermediate,46,Messaging / Chat,90,1,0,65,18.6,8.04,24.8,19.7,0,1.0,Optimal Recovery
USR-00776,22,Female,Student,Intermediate,44,YouTube,18,1,20,9,32.9,7.78,21.3,21.1,1,1.0,Optimal Recovery
USR-00777,25,Female,Healthcare / Shift Worker,Night Owl,56,YouTube,47,0,55,37,39.2,4.03,22.3,18.9,4,6.8,Moderate Debt
USR-00778,41,Male,Corporate 9-to-5,Night Owl,64,Messaging / Chat,77,0,27,7,41.1,4.77,15.2,18.2,4,7.3,Moderate Debt
USR-00779,41,Female,Remote Tech,Night Owl,152,Messaging / Chat,20,1,0,50,57.9,3.2,23.1,20.6,4,7.6,Moderate Debt
USR-00780,37,Female,Student,Morning Lark,40,News / Reading,63,0,0,41,29.0,8.43,17.6,24.0,0,1.0,Optimal Recovery
USR-00781,40,Female,Corporate 9-to-5,Night Owl,46,YouTube,64,1,0,34,31.7,5.29,23.2,15.4,4,4.9,Moderate Debt
USR-00782,34,Male,Remote Tech,Intermediate,22,Streaming (Netflix/Hulu),66,1,0,24,29.3,7.65,25.0,20.8,1,1.0,Mild Deficit
USR-00783,25,Male,Remote Tech,Intermediate,56,Streaming (Netflix/Hulu),33,1,20,51,38.8,6.68,24.2,17.7,2,1.6,Moderate Debt
USR-00784,28,Female,Corporate 9-to-5,Intermediate,100,YouTube,54,0,0,43,52.1,6.48,20.1,19.2,4,4.3,Moderate Debt
USR-00785,23,Male,Corporate 9-to-5,Intermediate,30,YouTube,31,0,51,3,30.9,7.62,23.3,21.5,2,1.0,Mild Deficit
USR-00786,53,Male,Corporate 9-to-5,Night Owl,27,Instagram / Reddit,77,1,0,34,18.2,6.45,23.8,21.0,2,2.9,Moderate Debt
USR-00787,35,Male,Corporate 9-to-5,Intermediate,94,YouTube,34,1,0,16,44.0,5.64,19.0,21.8,2,4.9,Moderate Debt
USR-00788,29,Male,Student,Intermediate,64,TikTok / Reels,56,0,0,39,48.4,6.07,22.5,20.1,4,4.5,Moderate Debt
USR-00789,31,Female,Corporate 9-to-5,Morning Lark,27,TikTok / Reels,97,0,20,35,35.8,7.76,20.5,20.3,2,2.0,Optimal Recovery
USR-00790,57,Female,Corporate 9-to-5,Night Owl,58,Streaming (Netflix/Hulu),78,0,79,39,44.8,5.02,14.6,18.5,3,7.0,Moderate Debt
USR-00791,23,Male,Healthcare / Shift Worker,Night Owl,25,TikTok / Reels,20,0,0,47,22.8,4.74,22.6,23.5,3,4.5,Moderate Debt
USR-00792,35,Male,Remote Tech,Intermediate,41,Messaging / Chat,49,1,0,10,24.6,6.04,23.1,18.8,3,3.7,Moderate Debt
USR-00793,32,Male,Remote Tech,Intermediate,44,YouTube,56,1,173,38,41.6,6.77,17.9,14.0,2,3.5,Mild Deficit
USR-00794,36,Male,Student,Night Owl,94,YouTube,51,0,0,60,44.9,4.7,19.4,21.8,4,5.9,Moderate Debt
USR-00795,18,Male,Freelance / Creative,Intermediate,74,News / Reading,63,0,20,54,23.2,6.62,20.5,18.9,2,2.7,Moderate Debt
USR-00796,50,Male,Corporate 9-to-5,Intermediate,97,Instagram / Reddit,67,0,0,24,58.0,6.02,18.6,14.5,3,5.3,Moderate Debt
USR-00797,55,Male,Remote Tech,Intermediate,40,YouTube,92,1,0,40,24.8,8.3,21.0,19.5,0,1.0,Optimal Recovery
USR-00798,35,Male,Student,Morning Lark,70,Messaging / Chat,46,1,47,20,38.2,8.0,21.8,20.9,1,1.0,Optimal Recovery
USR-00799,40,Male,Corporate 9-to-5,Intermediate,13,Streaming (Netflix/Hulu),70,0,0,51,21.1,8.14,21.8,23.6,1,1.0,Optimal Recovery
USR-00800,54,Female,Student,Intermediate,27,Instagram / Reddit,51,1,0,20,18.9,7.61,24.3,18.7,1,1.0,Mild Deficit
USR-00801,40,Female,Freelance / Creative,Intermediate,20,Messaging / Chat,86,0,77,3,35.2,6.29,19.3,18.6,2,4.0,Moderate Debt
USR-00802,23,Female,Freelance / Creative,Night Owl,85,TikTok / Reels,63,1,0,52,49.5,3.83,22.2,19.3,5,6.5,Moderate Debt
USR-00803,35,Male,Corporate 9-to-5,Morning Lark,136,YouTube,56,0,132,77,82.2,5.72,14.2,18.9,5,8.3,Moderate Debt
USR-00804,36,Female,Corporate 9-to-5,Intermediate,45,Messaging / Chat,50,0,0,57,29.2,7.01,21.8,23.1,2,2.1,Mild Deficit
USR-00805,30,Male,Freelance / Creative,Morning Lark,73,YouTube,38,0,78,63,36.7,7.17,24.5,15.9,2,1.6,Mild Deficit
USR-00806,41,Female,Remote Tech,Morning Lark,72,News / Reading,72,1,80,12,29.3,7.46,19.4,17.7,1,1.0,Mild Deficit
USR-00807,56,Female,Corporate 9-to-5,Intermediate,128,TikTok / Reels,39,1,55,58,88.8,5.18,20.2,19.0,6,8.3,Moderate Debt
USR-00808,55,Male,Student,Night Owl,41,YouTube,18,1,0,57,31.2,5.8,28.0,18.0,2,2.7,Moderate Debt
USR-00809,31,Female,Corporate 9-to-5,Intermediate,55,Instagram / Reddit,36,0,0,49,27.0,6.98,24.0,20.5,2,1.3,Mild Deficit
USR-00810,21,Female,Corporate 9-to-5,Intermediate,27,Instagram / Reddit,58,0,0,5,6.3,6.83,25.2,21.0,1,1.0,Mild Deficit
USR-00811,63,Female,Healthcare / Shift Worker,Morning Lark,21,YouTube,31,0,181,59,35.9,5.67,21.8,16.3,4,5.7,Moderate Debt
USR-00812,47,Female,Corporate 9-to-5,Intermediate,79,TikTok / Reels,39,0,20,54,50.8,4.56,23.4,15.4,5,6.3,Moderate Debt
USR-00813,22,Male,Corporate 9-to-5,Night Owl,31,News / Reading,17,1,0,34,13.7,6.57,24.7,23.9,0,1.0,Moderate Debt
USR-00814,54,Female,Corporate 9-to-5,Intermediate,33,Messaging / Chat,38,0,49,27,21.1,7.65,20.4,22.1,0,1.0,Mild Deficit
USR-00815,50,Male,Student,Night Owl,69,YouTube,89,0,0,57,46.6,3.96,23.1,21.8,5,8.8,Severe Sleep Debt
USR-00816,33,Female,Corporate 9-to-5,Night Owl,43,Instagram / Reddit,42,0,0,6,26.8,5.96,20.4,15.1,3,3.2,Moderate Debt
USR-00817,35,Male,Remote Tech,Intermediate,80,Instagram / Reddit,53,0,39,24,56.8,5.45,17.3,18.3,4,5.9,Moderate Debt
USR-00818,29,Female,Student,Intermediate,81,Streaming (Netflix/Hulu),100,1,45,75,52.4,5.94,22.6,19.5,4,5.6,Moderate Debt
USR-00819,19,Male,Healthcare / Shift Worker,Intermediate,58,YouTube,62,1,81,15,39.8,5.34,17.3,19.1,2,4.5,Moderate Debt
USR-00820,28,Male,Corporate 9-to-5,Night Owl,54,Streaming (Netflix/Hulu),61,0,118,73,38.6,6.11,17.5,19.4,3,4.4,Moderate Debt
USR-00821,45,Female,Healthcare / Shift Worker,Morning Lark,135,News / Reading,36,0,167,27,58.0,4.28,19.4,16.2,4,7.8,Moderate Debt
USR-00822,18,Male,Corporate 9-to-5,Intermediate,47,YouTube,60,0,20,22,30.3,7.24,23.0,17.4,1,1.0,Mild Deficit
USR-00823,28,Male,Student,Intermediate,83,TikTok / Reels,90,0,0,57,61.3,5.81,24.3,17.4,6,6.6,Moderate Debt
USR-00824,29,Female,Remote Tech,Intermediate,26,YouTube,31,1,130,47,26.8,8.47,19.6,14.2,1,1.0,Optimal Recovery
USR-00825,34,Female,Corporate 9-to-5,Night Owl,53,Messaging / Chat,51,1,0,80,45.1,4.6,23.6,21.3,3,4.1,Moderate Debt
USR-00826,54,Male,Student,Intermediate,84,Streaming (Netflix/Hulu),32,0,0,28,39.7,6.24,23.2,24.7,3,4.2,Moderate Debt
USR-00827,28,Male,Corporate 9-to-5,Intermediate,28,Streaming (Netflix/Hulu),87,1,0,22,22.2,7.08,21.0,17.9,0,1.4,Mild Deficit
USR-00828,28,Female,Corporate 9-to-5,Intermediate,49,Streaming (Netflix/Hulu),31,0,0,40,25.6,7.85,20.3,17.3,1,1.0,Optimal Recovery
USR-00829,41,Female,Remote Tech,Morning Lark,52,YouTube,41,1,78,29,33.1,7.22,19.7,20.3,2,2.8,Mild Deficit
USR-00830,31,Male,Student,Morning Lark,29,Instagram / Reddit,32,1,0,56,26.3,7.92,21.0,15.7,2,1.0,Optimal Recovery
USR-00831,25,Male,Corporate 9-to-5,Intermediate,33,Instagram / Reddit,27,1,69,49,38.5,7.54,21.8,19.0,2,1.0,Mild Deficit
USR-00832,31,Male,Corporate 9-to-5,Intermediate,25,TikTok / Reels,57,1,41,41,27.5,6.85,28.0,16.6,0,1.0,Mild Deficit
USR-00833,22,Female,Corporate 9-to-5,Intermediate,9,YouTube,48,0,0,84,27.5,7.06,21.5,24.1,2,1.4,Mild Deficit
USR-00834,23,Male,Remote Tech,Morning Lark,26,TikTok / Reels,62,0,202,0,42.7,7.35,13.3,13.9,1,2.9,Mild Deficit
USR-00835,32,Female,Remote Tech,Intermediate,58,Messaging / Chat,67,1,0,28,32.5,6.55,28.0,19.1,1,1.0,Moderate Debt
USR-00836,30,Female,Corporate 9-to-5,Night Owl,34,News / Reading,21,0,0,33,34.6,6.08,25.1,21.3,2,2.3,Moderate Debt
USR-00837,54,Male,Corporate 9-to-5,Night Owl,49,TikTok / Reels,61,1,0,58,32.6,3.95,26.1,21.6,4,5.6,Moderate Debt
USR-00838,28,Non-Binary,Remote Tech,Morning Lark,54,Instagram / Reddit,37,1,0,50,29.2,7.78,22.7,18.9,2,1.0,Optimal Recovery
USR-00839,35,Female,Healthcare / Shift Worker,Intermediate,44,Streaming (Netflix/Hulu),58,0,0,17,27.4,4.62,20.9,19.2,5,5.6,Moderate Debt
USR-00840,37,Female,Student,Night Owl,83,Streaming (Netflix/Hulu),62,0,0,10,42.7,4.76,20.6,24.5,4,5.5,Moderate Debt
USR-00841,18,Male,Healthcare / Shift Worker,Intermediate,163,Instagram / Reddit,50,0,0,20,76.6,3.2,18.6,20.2,6,10.0,Severe Sleep Debt
USR-00842,38,Male,Corporate 9-to-5,Night Owl,26,YouTube,81,0,0,29,41.7,4.87,24.4,23.3,3,4.7,Moderate Debt
USR-00843,23,Male,Freelance / Creative,Night Owl,93,TikTok / Reels,26,1,0,66,58.3,4.06,20.3,17.2,5,7.8,Moderate Debt
USR-00844,59,Male,Corporate 9-to-5,Morning Lark,30,TikTok / Reels,32,0,0,49,32.3,8.26,22.5,21.7,1,1.0,Optimal Recovery
USR-00845,22,Female,Freelance / Creative,Intermediate,65,Messaging / Chat,60,0,0,12,43.2,6.87,20.8,20.7,2,3.3,Mild Deficit
USR-00846,30,Non-Binary,Corporate 9-to-5,Morning Lark,19,Instagram / Reddit,97,0,0,27,27.2,8.26,21.0,19.0,0,1.0,Optimal Recovery
USR-00847,20,Male,Remote Tech,Morning Lark,62,News / Reading,36,0,51,62,30.6,7.75,26.0,24.1,3,1.0,Optimal Recovery
USR-00848,65,Male,Remote Tech,Night Owl,39,Instagram / Reddit,54,0,118,32,40.8,4.76,23.0,19.0,4,6.3,Moderate Debt
USR-00849,32,Male,Remote Tech,Night Owl,39,Instagram / Reddit,79,1,0,59,29.6,5.81,23.5,20.4,3,2.4,Moderate Debt
USR-00850,36,Male,Healthcare / Shift Worker,Morning Lark,58,Messaging / Chat,73,0,30,42,39.1,5.6,24.5,20.2,3,4.0,Moderate Debt
USR-00851,20,Female,Student,Intermediate,24,Instagram / Reddit,67,0,0,49,34.2,7.82,19.8,18.9,1,1.0,Optimal Recovery
USR-00852,42,Female,Freelance / Creative,Intermediate,24,YouTube,41,0,0,77,17.2,7.03,19.9,18.0,2,1.0,Mild Deficit
USR-00853,24,Male,Student,Intermediate,40,TikTok / Reels,54,1,77,34,39.8,6.91,22.2,15.4,2,2.9,Mild Deficit
USR-00854,52,Female,Remote Tech,Intermediate,92,TikTok / Reels,56,1,22,13,57.0,4.93,16.2,19.9,5,7.1,Moderate Debt
USR-00855,24,Female,Corporate 9-to-5,Night Owl,41,Streaming (Netflix/Hulu),76,0,0,21,30.4,5.53,21.6,20.2,3,4.0,Moderate Debt
USR-00856,24,Male,Freelance / Creative,Morning Lark,165,Instagram / Reddit,52,1,100,36,103.1,5.2,19.7,16.2,5,10.0,Severe Sleep Debt
USR-00857,19,Male,Remote Tech,Morning Lark,180,TikTok / Reels,82,1,0,35,99.8,5.17,17.5,16.9,6,9.8,Severe Sleep Debt
USR-00858,31,Female,Student,Morning Lark,49,YouTube,54,1,40,22,36.7,8.29,23.6,20.2,2,1.0,Optimal Recovery
USR-00859,35,Male,Remote Tech,Intermediate,132,Instagram / Reddit,58,0,0,65,67.5,5.69,22.4,20.7,5,6.2,Moderate Debt
USR-00860,20,Male,Remote Tech,Intermediate,27,YouTube,52,0,0,38,23.4,7.14,23.7,22.9,2,1.0,Mild Deficit
USR-00861,43,Male,Freelance / Creative,Intermediate,53,Instagram / Reddit,51,1,0,49,34.8,6.83,23.1,21.0,2,1.2,Mild Deficit
USR-00862,31,Male,Corporate 9-to-5,Intermediate,59,News / Reading,54,1,247,4,47.3,7.48,13.2,18.3,2,4.4,Mild Deficit
USR-00863,33,Female,Corporate 9-to-5,Night Owl,74,Streaming (Netflix/Hulu),56,0,0,3,53.7,4.85,21.7,17.7,4,5.6,Moderate Debt
USR-00864,30,Female,Corporate 9-to-5,Intermediate,17,TikTok / Reels,23,1,20,21,22.7,6.45,23.9,21.1,2,1.5,Moderate Debt
USR-00865,29,Female,Healthcare / Shift Worker,Intermediate,57,TikTok / Reels,49,1,86,52,47.8,5.46,23.7,17.6,5,5.3,Moderate Debt
USR-00866,34,Female,Corporate 9-to-5,Night Owl,109,YouTube,89,0,77,1,71.7,3.64,19.3,21.3,5,9.4,Severe Sleep Debt
USR-00867,23,Male,Corporate 9-to-5,Night Owl,8,TikTok / Reels,19,1,0,12,8.6,7.09,26.5,18.9,2,1.0,Mild Deficit
USR-00868,23,Male,Corporate 9-to-5,Morning Lark,28,Instagram / Reddit,50,0,155,0,31.0,8.08,20.1,11.9,0,1.8,Optimal Recovery
USR-00869,49,Male,Remote Tech,Intermediate,111,YouTube,44,1,0,0,58.4,6.08,26.0,21.7,3,3.0,Moderate Debt
USR-00870,57,Male,Remote Tech,Night Owl,33,Instagram / Reddit,62,1,0,45,39.5,5.65,25.7,21.6,5,4.4,Moderate Debt
USR-00871,29,Male,Corporate 9-to-5,Morning Lark,56,YouTube,65,1,0,68,38.9,7.57,25.7,23.3,2,1.2,Mild Deficit
USR-00872,26,Female,Freelance / Creative,Intermediate,67,TikTok / Reels,58,0,37,50,48.7,6.23,22.8,18.8,2,2.4,Moderate Debt
USR-00873,37,Female,Freelance / Creative,Intermediate,28,YouTube,15,0,250,42,40.1,7.53,18.4,14.0,2,3.2,Mild Deficit
USR-00874,29,Male,Corporate 9-to-5,Morning Lark,21,Instagram / Reddit,14,0,71,28,22.7,8.82,22.5,16.8,1,1.0,Optimal Recovery
USR-00875,18,Female,Student,Morning Lark,44,Streaming (Netflix/Hulu),10,1,0,42,25.1,7.86,24.3,20.3,1,1.0,Optimal Recovery
USR-00876,23,Female,Remote Tech,Intermediate,98,TikTok / Reels,52,0,133,32,73.6,4.85,17.6,17.7,4,6.1,Moderate Debt
USR-00877,41,Male,Corporate 9-to-5,Night Owl,57,Streaming (Netflix/Hulu),22,0,160,48,44.9,5.58,20.4,19.1,4,6.4,Moderate Debt
USR-00878,38,Female,Corporate 9-to-5,Night Owl,22,Streaming (Netflix/Hulu),10,0,0,26,24.9,6.64,24.7,18.4,2,1.0,Moderate Debt
USR-00879,18,Male,Remote Tech,Night Owl,84,Instagram / Reddit,37,1,0,46,40.6,4.37,21.1,19.1,4,6.6,Moderate Debt
USR-00880,25,Female,Remote Tech,Morning Lark,23,Instagram / Reddit,41,1,41,0,20.1,8.89,24.4,21.3,0,1.0,Optimal Recovery
USR-00881,25,Female,Corporate 9-to-5,Morning Lark,66,Streaming (Netflix/Hulu),53,1,0,0,39.6,6.73,21.1,21.1,1,1.9,Moderate Debt
USR-00882,39,Female,Healthcare / Shift Worker,Night Owl,46,TikTok / Reels,55,1,0,62,48.2,4.58,25.5,17.7,5,5.7,Moderate Debt
USR-00883,18,Male,Remote Tech,Intermediate,37,YouTube,56,1,98,17,38.0,7.43,19.7,15.5,2,1.3,Mild Deficit
USR-00884,21,Female,Student,Intermediate,43,Instagram / Reddit,71,1,0,64,33.9,7.07,27.0,17.0,2,1.1,Mild Deficit
USR-00885,45,Male,Corporate 9-to-5,Morning Lark,47,Messaging / Chat,49,1,166,47,34.7,7.77,21.1,14.1,1,1.3,Optimal Recovery
USR-00886,23,Male,Remote Tech,Intermediate,50,TikTok / Reels,70,1,0,21,51.6,6.64,24.1,17.5,3,4.1,Moderate Debt
USR-00887,38,Male,Corporate 9-to-5,Intermediate,59,Streaming (Netflix/Hulu),48,1,0,36,30.5,6.28,24.0,21.1,3,2.0,Moderate Debt
USR-00888,25,Female,Remote Tech,Morning Lark,92,TikTok / Reels,47,1,0,32,47.0,6.35,28.0,16.5,4,1.7,Moderate Debt
USR-00889,21,Female,Healthcare / Shift Worker,Night Owl,143,Streaming (Netflix/Hulu),44,0,0,58,64.7,3.2,19.8,20.6,6,9.8,Severe Sleep Debt
USR-00890,25,Male,Student,Morning Lark,51,Instagram / Reddit,54,0,0,15,40.9,8.08,22.0,20.0,0,1.0,Optimal Recovery
USR-00891,41,Male,Remote Tech,Night Owl,85,YouTube,68,0,20,54,53.7,4.75,19.2,21.9,4,6.7,Moderate Debt
USR-00892,48,Non-Binary,Student,Night Owl,55,Streaming (Netflix/Hulu),68,1,0,19,28.5,5.74,23.0,23.1,4,3.8,Moderate Debt
USR-00893,46,Female,Freelance / Creative,Intermediate,41,Instagram / Reddit,67,0,26,5,36.2,7.61,20.2,19.7,0,1.0,Mild Deficit
USR-00894,29,Male,Student,Night Owl,61,TikTok / Reels,61,1,0,7,39.1,6.25,24.4,20.0,3,2.7,Moderate Debt
USR-00895,38,Female,Corporate 9-to-5,Intermediate,17,Messaging / Chat,32,0,0,15,20.1,7.65,20.2,19.5,0,1.0,Mild Deficit
USR-00896,24,Female,Student,Morning Lark,25,TikTok / Reels,100,0,0,17,20.4,8.54,22.8,19.5,1,1.0,Optimal Recovery
USR-00897,27,Female,Corporate 9-to-5,Intermediate,20,YouTube,28,1,250,26,43.5,7.53,16.4,14.0,2,3.2,Mild Deficit
USR-00898,52,Female,Healthcare / Shift Worker,Intermediate,59,Streaming (Netflix/Hulu),57,0,125,30,34.5,5.96,16.0,16.2,2,4.4,Moderate Debt
USR-00899,18,Female,Remote Tech,Intermediate,10,Streaming (Netflix/Hulu),100,0,48,21,31.6,7.08,17.5,19.0,2,1.9,Mild Deficit
USR-00900,20,Female,Remote Tech,Intermediate,19,TikTok / Reels,73,0,100,26,19.5,7.45,14.8,20.5,1,1.8,Mild Deficit
USR-00901,24,Male,Corporate 9-to-5,Intermediate,13,Instagram / Reddit,41,0,83,66,33.0,7.56,25.3,19.4,2,1.2,Mild Deficit
USR-00902,18,Female,Remote Tech,Intermediate,52,TikTok / Reels,79,0,0,24,44.7,7.58,18.3,19.1,3,2.8,Mild Deficit
USR-00903,23,Male,Freelance / Creative,Intermediate,37,Streaming (Netflix/Hulu),59,1,0,26,21.9,7.12,28.0,15.4,0,1.0,Mild Deficit
USR-00904,35,Female,Corporate 9-to-5,Intermediate,43,YouTube,39,1,0,24,36.5,7.5,23.2,17.6,2,1.0,Mild Deficit
USR-00905,30,Female,Remote Tech,Intermediate,66,Streaming (Netflix/Hulu),59,1,0,53,38.0,5.72,22.3,17.9,3,4.0,Moderate Debt
USR-00906,52,Female,Freelance / Creative,Night Owl,48,Streaming (Netflix/Hulu),48,0,50,0,29.5,5.02,17.3,17.4,4,6.6,Moderate Debt
USR-00907,46,Female,Remote Tech,Intermediate,40,TikTok / Reels,51,1,69,26,45.9,6.99,24.3,17.2,2,2.9,Mild Deficit
USR-00908,28,Male,Remote Tech,Night Owl,10,TikTok / Reels,56,0,130,32,32.8,7.21,22.0,14.9,2,1.4,Mild Deficit
USR-00909,26,Female,Remote Tech,Intermediate,66,TikTok / Reels,69,1,0,4,48.7,6.79,18.5,21.8,3,3.3,Mild Deficit
USR-00910,29,Female,Remote Tech,Intermediate,9,Streaming (Netflix/Hulu),73,0,20,23,24.6,6.95,23.5,19.6,1,1.0,Mild Deficit
USR-00911,35,Female,Corporate 9-to-5,Intermediate,57,Instagram / Reddit,40,0,29,20,30.6,7.59,20.0,18.7,1,1.0,Mild Deficit
USR-00912,26,Male,Corporate 9-to-5,Morning Lark,180,Messaging / Chat,62,0,0,34,94.9,4.0,16.8,21.9,5,10.0,Severe Sleep Debt
USR-00913,37,Male,Student,Night Owl,73,TikTok / Reels,50,0,20,22,46.1,4.41,20.9,18.2,4,6.2,Moderate Debt
USR-00914,29,Female,Freelance / Creative,Morning Lark,32,TikTok / Reels,70,0,0,0,17.7,8.39,22.5,21.2,1,1.0,Optimal Recovery
USR-00915,34,Female,Corporate 9-to-5,Intermediate,89,News / Reading,35,0,62,54,44.2,5.19,21.3,19.0,4,6.3,Moderate Debt
USR-00916,30,Female,Corporate 9-to-5,Morning Lark,157,Streaming (Netflix/Hulu),55,1,0,37,80.3,5.94,23.6,22.2,5,7.1,Moderate Debt
USR-00917,27,Male,Remote Tech,Morning Lark,99,Instagram / Reddit,18,0,0,38,54.3,6.18,23.9,19.0,4,3.6,Moderate Debt
USR-00918,57,Female,Healthcare / Shift Worker,Night Owl,119,News / Reading,69,1,0,67,50.1,3.2,25.0,18.9,5,8.2,Moderate Debt
USR-00919,43,Male,Corporate 9-to-5,Intermediate,27,News / Reading,91,0,0,23,25.4,7.33,24.6,19.2,2,1.0,Mild Deficit
USR-00920,22,Male,Healthcare / Shift Worker,Night Owl,38,TikTok / Reels,86,1,0,65,32.5,4.56,24.4,18.9,4,5.0,Moderate Debt
USR-00921,49,Male,Corporate 9-to-5,Intermediate,80,TikTok / Reels,72,0,0,38,55.9,6.73,19.3,21.8,4,4.0,Moderate Debt
USR-00922,32,Male,Freelance / Creative,Intermediate,47,YouTube,66,0,0,13,27.6,7.35,22.9,18.9,1,1.0,Mild Deficit
USR-00923,52,Male,Remote Tech,Intermediate,25,Messaging / Chat,96,1,86,34,20.5,8.71,15.6,16.1,0,1.0,Optimal Recovery
USR-00924,45,Female,Student,Intermediate,74,YouTube,44,1,110,56,56.4,5.72,21.8,15.8,4,4.9,Moderate Debt
USR-00925,30,Male,Remote Tech,Night Owl,80,Streaming (Netflix/Hulu),50,0,0,2,48.9,4.12,20.0,17.6,5,7.2,Moderate Debt
USR-00926,18,Male,Healthcare / Shift Worker,Intermediate,41,Streaming (Netflix/Hulu),83,1,0,39,25.7,6.21,24.7,19.7,3,1.8,Moderate Debt
USR-00927,26,Female,Corporate 9-to-5,Intermediate,22,Instagram / Reddit,52,0,0,62,24.9,7.21,22.1,18.4,1,1.0,Mild Deficit
USR-00928,34,Male,Corporate 9-to-5,Night Owl,36,TikTok / Reels,36,1,54,62,45.2,4.76,24.4,15.4,4,6.1,Moderate Debt
USR-00929,37,Female,Remote Tech,Morning Lark,38,Instagram / Reddit,25,0,0,20,38.8,8.19,25.2,19.1,1,1.0,Optimal Recovery
USR-00930,26,Male,Healthcare / Shift Worker,Intermediate,55,TikTok / Reels,38,1,0,17,42.8,4.98,22.7,17.1,4,5.2,Moderate Debt
USR-00931,22,Male,Student,Intermediate,19,YouTube,90,1,0,13,36.8,7.35,25.8,20.0,2,1.7,Mild Deficit
USR-00932,47,Female,Remote Tech,Morning Lark,45,YouTube,53,1,139,43,49.3,7.13,25.5,18.3,3,3.1,Mild Deficit
USR-00933,62,Male,Remote Tech,Intermediate,34,TikTok / Reels,40,1,27,20,52.6,6.11,21.6,17.1,3,3.8,Moderate Debt
USR-00934,33,Female,Corporate 9-to-5,Morning Lark,74,Messaging / Chat,53,0,47,54,42.5,6.38,23.2,21.2,3,3.2,Moderate Debt
USR-00935,23,Female,Healthcare / Shift Worker,Night Owl,180,Messaging / Chat,62,0,0,4,88.4,3.2,15.9,21.3,5,10.0,Severe Sleep Debt
USR-00936,26,Female,Healthcare / Shift Worker,Intermediate,57,Messaging / Chat,18,1,0,40,31.6,5.35,22.7,20.0,2,3.2,Moderate Debt
USR-00937,18,Male,Student,Night Owl,49,TikTok / Reels,37,0,20,35,35.0,6.23,22.0,18.0,2,2.5,Moderate Debt
USR-00938,54,Female,Remote Tech,Intermediate,65,Messaging / Chat,25,0,0,32,31.1,7.13,24.0,21.9,2,1.9,Mild Deficit
USR-00939,22,Female,Freelance / Creative,Intermediate,81,Instagram / Reddit,84,0,0,48,42.5,5.37,21.6,16.9,4,5.5,Moderate Debt
USR-00940,35,Male,Healthcare / Shift Worker,Night Owl,4,Messaging / Chat,53,0,74,26,38.4,5.55,18.3,19.7,4,3.3,Moderate Debt
USR-00941,26,Female,Student,Night Owl,49,Streaming (Netflix/Hulu),51,1,0,63,28.6,4.31,22.8,23.7,5,5.5,Moderate Debt
USR-00942,34,Female,Remote Tech,Morning Lark,87,News / Reading,51,0,20,13,53.8,5.41,22.9,18.1,3,5.7,Moderate Debt
USR-00943,38,Female,Student,Intermediate,14,TikTok / Reels,33,1,0,56,20.9,8.81,24.4,14.3,0,1.0,Optimal Recovery
USR-00944,46,Female,Remote Tech,Night Owl,57,Streaming (Netflix/Hulu),65,0,0,7,26.2,6.15,22.6,15.7,3,3.0,Moderate Debt
USR-00945,24,Female,Remote Tech,Night Owl,92,Instagram / Reddit,92,1,138,33,64.6,4.96,23.9,14.3,5,8.5,Moderate Debt
USR-00946,18,Female,Corporate 9-to-5,Night Owl,153,TikTok / Reels,43,0,0,13,88.8,3.2,19.4,19.6,7,10.0,Severe Sleep Debt
USR-00947,22,Non-Binary,Remote Tech,Intermediate,61,YouTube,73,0,47,16,40.6,5.04,21.1,18.3,5,4.6,Moderate Debt
USR-00948,52,Male,Remote Tech,Morning Lark,74,TikTok / Reels,53,0,0,25,48.5,7.11,19.6,18.5,0,1.0,Mild Deficit
USR-00949,50,Female,Remote Tech,Morning Lark,69,News / Reading,40,1,0,29,32.8,8.09,20.2,19.7,1,1.0,Optimal Recovery
USR-00950,36,Female,Corporate 9-to-5,Night Owl,17,Messaging / Chat,73,1,0,66,38.0,5.41,18.5,16.7,5,5.6,Moderate Debt
USR-00951,36,Female,Student,Intermediate,180,Streaming (Netflix/Hulu),23,1,0,36,63.1,4.67,21.5,19.6,6,8.1,Moderate Debt
USR-00952,38,Male,Remote Tech,Morning Lark,64,Instagram / Reddit,27,1,36,54,36.2,7.66,18.7,18.2,0,1.0,Mild Deficit
USR-00953,23,Female,Corporate 9-to-5,Night Owl,44,TikTok / Reels,90,0,25,10,49.4,6.15,17.3,21.3,4,5.1,Moderate Debt
USR-00954,54,Female,Remote Tech,Morning Lark,111,Messaging / Chat,47,0,64,41,50.8,6.03,23.7,20.4,4,5.0,Moderate Debt
USR-00955,30,Male,Healthcare / Shift Worker,Night Owl,30,TikTok / Reels,79,1,0,54,39.9,3.73,25.4,16.0,5,6.8,Moderate Debt
USR-00956,29,Female,Student,Intermediate,70,YouTube,53,1,0,22,39.8,6.66,24.7,18.9,3,2.6,Moderate Debt
USR-00957,33,Female,Corporate 9-to-5,Morning Lark,41,Messaging / Chat,10,0,0,42,28.1,8.19,24.3,18.2,2,1.0,Optimal Recovery
USR-00958,19,Male,Freelance / Creative,Intermediate,29,Instagram / Reddit,69,1,0,29,18.4,8.21,19.7,16.9,0,1.0,Optimal Recovery
USR-00959,23,Male,Corporate 9-to-5,Morning Lark,52,Instagram / Reddit,62,1,0,33,41.9,7.04,18.8,21.3,4,2.8,Mild Deficit
USR-00960,42,Female,Freelance / Creative,Intermediate,57,TikTok / Reels,40,0,32,24,40.5,6.69,22.0,15.8,2,2.2,Moderate Debt
USR-00961,20,Male,Corporate 9-to-5,Intermediate,48,TikTok / Reels,77,1,0,16,42.7,7.19,22.9,21.9,2,2.3,Mild Deficit
USR-00962,36,Female,Corporate 9-to-5,Morning Lark,180,Streaming (Netflix/Hulu),74,0,86,68,90.6,5.36,19.6,17.5,5,9.0,Severe Sleep Debt
USR-00963,25,Male,Remote Tech,Night Owl,57,TikTok / Reels,40,0,28,29,52.8,4.45,16.9,16.6,4,6.8,Moderate Debt
USR-00964,29,Female,Remote Tech,Intermediate,40,TikTok / Reels,77,1,0,93,32.9,8.57,26.0,16.8,0,1.0,Optimal Recovery
USR-00965,26,Male,Remote Tech,Intermediate,56,TikTok / Reels,59,0,90,40,46.8,6.81,18.2,15.0,1,2.8,Mild Deficit
USR-00966,28,Male,Healthcare / Shift Worker,Morning Lark,80,YouTube,56,0,46,39,43.8,5.69,22.6,15.0,2,4.3,Moderate Debt
USR-00967,41,Male,Healthcare / Shift Worker,Morning Lark,67,YouTube,40,1,0,47,31.9,6.49,26.4,20.0,4,2.0,Moderate Debt
USR-00968,27,Male,Remote Tech,Night Owl,131,YouTube,37,0,0,27,56.9,3.35,17.4,22.9,7,9.4,Severe Sleep Debt
USR-00969,35,Male,Remote Tech,Intermediate,61,Instagram / Reddit,83,1,20,65,53.0,6.87,24.1,22.6,2,2.9,Mild Deficit
USR-00970,31,Female,Corporate 9-to-5,Intermediate,7,TikTok / Reels,63,0,0,37,7.6,8.69,22.4,16.5,0,1.0,Optimal Recovery
USR-00971,38,Female,Corporate 9-to-5,Night Owl,57,YouTube,74,1,0,46,47.7,5.53,23.6,18.4,5,5.1,Moderate Debt
USR-00972,56,Male,Student,Intermediate,57,Messaging / Chat,45,0,0,32,33.6,6.07,21.4,22.8,2,3.1,Moderate Debt
USR-00973,41,Male,Corporate 9-to-5,Intermediate,95,Instagram / Reddit,65,0,0,39,74.1,4.71,19.1,19.3,7,8.2,Moderate Debt
USR-00974,24,Female,Student,Night Owl,10,TikTok / Reels,48,1,34,12,30.5,5.9,19.7,16.5,3,3.6,Moderate Debt
USR-00975,19,Male,Remote Tech,Night Owl,72,YouTube,68,1,0,83,50.3,5.7,22.4,20.3,4,4.8,Moderate Debt
USR-00976,26,Male,Corporate 9-to-5,Morning Lark,87,TikTok / Reels,27,1,74,37,52.2,6.82,20.0,19.6,4,4.6,Mild Deficit
USR-00977,36,Non-Binary,Remote Tech,Intermediate,58,YouTube,27,1,0,27,21.6,6.16,22.5,21.9,2,2.1,Moderate Debt
USR-00978,19,Male,Corporate 9-to-5,Night Owl,82,YouTube,33,0,0,23,55.7,3.66,26.7,22.1,5,7.5,Moderate Debt
USR-00979,32,Female,Remote Tech,Intermediate,26,YouTube,55,1,0,37,22.0,8.1,21.2,20.0,1,1.0,Optimal Recovery
USR-00980,36,Female,Healthcare / Shift Worker,Night Owl,90,Instagram / Reddit,11,0,0,20,49.6,3.2,21.0,20.9,4,7.9,Moderate Debt
USR-00981,28,Female,Remote Tech,Night Owl,22,TikTok / Reels,64,1,0,15,20.1,6.22,22.7,17.0,2,1.9,Moderate Debt
USR-00982,43,Female,Corporate 9-to-5,Intermediate,33,TikTok / Reels,67,1,0,47,25.9,7.37,22.3,21.9,2,1.0,Mild Deficit
USR-00983,21,Male,Student,Morning Lark,77,YouTube,20,0,166,10,48.5,6.95,12.8,13.2,2,4.3,Mild Deficit
USR-00984,20,Male,Corporate 9-to-5,Morning Lark,164,TikTok / Reels,47,0,0,0,94.4,4.88,18.9,19.9,4,7.1,Moderate Debt
USR-00985,41,Male,Student,Intermediate,146,Messaging / Chat,92,1,205,47,80.0,4.76,14.1,12.1,5,10.0,Severe Sleep Debt
USR-00986,32,Male,Remote Tech,Intermediate,65,TikTok / Reels,46,1,108,46,52.4,6.51,22.0,15.1,3,4.9,Moderate Debt
USR-00987,39,Female,Remote Tech,Night Owl,14,News / Reading,35,1,44,33,26.5,5.54,25.4,19.0,2,3.2,Moderate Debt
USR-00988,30,Female,Healthcare / Shift Worker,Intermediate,34,News / Reading,47,0,0,33,29.0,5.52,23.3,20.2,3,2.7,Moderate Debt
USR-00989,25,Female,Student,Intermediate,42,YouTube,78,0,0,33,28.1,6.97,22.4,14.6,0,1.0,Mild Deficit
USR-00990,46,Female,Corporate 9-to-5,Night Owl,5,Streaming (Netflix/Hulu),32,0,152,44,35.8,5.99,15.3,17.4,3,6.1,Moderate Debt
USR-00991,45,Female,Corporate 9-to-5,Intermediate,22,News / Reading,66,0,0,36,25.0,8.0,23.0,20.1,0,1.0,Optimal Recovery
USR-00992,40,Female,Healthcare / Shift Worker,Intermediate,92,YouTube,63,0,121,52,70.5,5.13,17.7,16.8,4,6.8,Moderate Debt
USR-00993,26,Female,Corporate 9-to-5,Morning Lark,140,TikTok / Reels,55,1,0,47,82.1,5.45,21.5,15.0,7,7.6,Moderate Debt
USR-00994,35,Female,Remote Tech,Intermediate,101,TikTok / Reels,47,1,20,28,66.8,6.05,19.6,15.2,4,4.6,Moderate Debt
USR-00995,28,Male,Student,Night Owl,36,YouTube,74,1,210,39,41.8,5.59,17.1,13.4,2,5.1,Moderate Debt
USR-00996,21,Female,Student,Intermediate,80,TikTok / Reels,32,0,0,43,46.9,6.4,20.2,18.2,3,4.6,Moderate Debt
USR-00997,54,Female,Student,Intermediate,51,News / Reading,63,0,0,0,32.6,6.75,21.5,22.8,2,3.7,Mild Deficit
USR-00998,22,Female,Student,Morning Lark,22,YouTube,24,1,0,32,31.4,8.73,26.0,21.3,0,1.0,Optimal Recovery
USR-00999,58,Male,Student,Night Owl,63,News / Reading,74,1,0,21,30.0,5.68,25.0,20.1,3,3.6,Moderate Debt
USR-01000,31,Female,Healthcare / Shift Worker,Night Owl,75,YouTube,70,0,0,48,55.4,3.55,20.9,21.8,6,8.7,Severe Sleep Debt
USR-01001,24,Male,Student,Intermediate,26,Instagram / Reddit,47,1,0,10,29.4,7.59,22.1,20.7,1,1.0,Mild Deficit
USR-01002,34,Male,Remote Tech,Night Owl,17,Streaming (Netflix/Hulu),50,0,20,38,25.8,6.53,20.8,21.6,1,1.9,Moderate Debt
USR-01003,50,Male,Remote Tech,Intermediate,36,YouTube,65,1,27,31,39.2,7.53,21.6,19.1,1,1.0,Mild Deficit
USR-01004,41,Male,Student,Intermediate,111,Messaging / Chat,28,1,0,0,54.9,4.63,22.1,20.4,4,7.1,Moderate Debt
USR-01005,45,Female,Healthcare / Shift Worker,Night Owl,84,Instagram / Reddit,49,1,56,59,58.5,3.2,23.4,18.4,5,8.5,Moderate Debt
USR-01006,38,Female,Corporate 9-to-5,Morning Lark,38,YouTube,55,0,62,44,42.3,8.2,21.8,16.3,1,1.0,Optimal Recovery
USR-01007,39,Female,Corporate 9-to-5,Intermediate,27,News / Reading,21,0,31,16,22.7,7.34,20.4,21.6,2,1.1,Mild Deficit
USR-01008,48,Male,Freelance / Creative,Morning Lark,50,Instagram / Reddit,73,0,0,40,38.4,7.46,20.1,21.9,1,1.0,Mild Deficit
USR-01009,25,Female,Remote Tech,Intermediate,21,TikTok / Reels,97,1,0,40,15.9,8.24,26.1,19.7,0,1.0,Optimal Recovery
USR-01010,32,Female,Corporate 9-to-5,Intermediate,58,YouTube,100,0,93,10,47.3,6.78,20.9,18.3,3,3.2,Mild Deficit
USR-01011,25,Male,Student,Morning Lark,45,Instagram / Reddit,16,1,67,18,33.9,7.04,21.6,17.5,2,1.0,Mild Deficit
USR-01012,63,Male,Freelance / Creative,Intermediate,5,Instagram / Reddit,78,0,0,11,15.8,7.82,19.7,18.5,1,1.0,Optimal Recovery
USR-01013,57,Female,Healthcare / Shift Worker,Intermediate,40,Streaming (Netflix/Hulu),42,1,201,0,42.5,5.06,16.6,14.9,4,7.7,Moderate Debt
USR-01014,19,Male,Student,Intermediate,5,Instagram / Reddit,53,0,126,63,34.0,7.15,21.9,17.9,1,2.6,Mild Deficit
USR-01015,40,Male,Corporate 9-to-5,Morning Lark,61,TikTok / Reels,35,1,0,83,43.4,8.38,27.3,21.0,0,1.0,Optimal Recovery
USR-01016,55,Female,Healthcare / Shift Worker,Night Owl,20,YouTube,67,1,23,23,27.3,3.2,25.3,18.2,5,7.1,Moderate Debt
USR-01017,23,Female,Remote Tech,Intermediate,12,Instagram / Reddit,10,1,201,18,34.1,8.74,14.6,16.2,0,1.0,Optimal Recovery
USR-01018,35,Male,Healthcare / Shift Worker,Night Owl,43,Streaming (Netflix/Hulu),31,0,0,17,37.4,4.01,18.7,19.2,3,5.5,Moderate Debt
USR-01019,54,Male,Corporate 9-to-5,Night Owl,40,TikTok / Reels,10,1,0,50,31.4,5.15,27.5,18.0,2,2.6,Moderate Debt
USR-01020,19,Female,Corporate 9-to-5,Intermediate,62,TikTok / Reels,43,0,185,58,49.6,7.48,24.3,12.3,3,3.0,Mild Deficit
USR-01021,40,Female,Remote Tech,Morning Lark,20,News / Reading,49,1,156,53,29.2,8.2,19.5,18.6,2,1.0,Optimal Recovery
USR-01022,27,Male,Corporate 9-to-5,Intermediate,119,Streaming (Netflix/Hulu),24,0,0,53,54.6,5.75,20.4,20.5,3,5.2,Moderate Debt
USR-01023,55,Male,Student,Intermediate,81,Streaming (Netflix/Hulu),65,0,58,54,56.1,5.11,24.4,18.3,4,6.0,Moderate Debt
USR-01024,60,Male,Freelance / Creative,Morning Lark,122,TikTok / Reels,64,1,0,24,70.0,6.9,22.6,16.3,4,4.4,Mild Deficit
USR-01025,57,Female,Student,Morning Lark,44,Streaming (Netflix/Hulu),72,0,0,0,36.3,7.8,20.2,23.2,2,1.0,Optimal Recovery
USR-01026,31,Female,Healthcare / Shift Worker,Intermediate,25,TikTok / Reels,83,0,137,49,44.5,5.65,18.3,15.9,3,4.4,Moderate Debt
USR-01027,49,Male,Remote Tech,Night Owl,140,Streaming (Netflix/Hulu),50,1,0,34,56.1,3.99,24.7,24.5,5,7.6,Moderate Debt
USR-01028,48,Female,Student,Night Owl,80,Streaming (Netflix/Hulu),59,0,0,45,40.7,4.38,15.9,21.0,4,5.2,Moderate Debt
USR-01029,27,Non-Binary,Healthcare / Shift Worker,Morning Lark,42,YouTube,35,0,0,31,31.3,6.64,28.0,20.4,2,1.0,Moderate Debt
USR-01030,46,Male,Student,Intermediate,49,TikTok / Reels,56,0,0,43,44.9,7.08,20.9,19.9,1,1.0,Mild Deficit
USR-01031,19,Female,Remote Tech,Morning Lark,37,Instagram / Reddit,57,1,36,46,31.1,7.69,24.3,20.8,2,1.0,Mild Deficit
USR-01032,36,Male,Student,Intermediate,94,Messaging / Chat,86,1,0,34,56.2,4.48,24.1,22.2,3,6.8,Moderate Debt
USR-01033,25,Female,Student,Night Owl,66,YouTube,66,1,0,79,40.4,5.02,21.5,23.1,5,4.8,Moderate Debt
USR-01034,22,Male,Corporate 9-to-5,Night Owl,71,Instagram / Reddit,66,0,0,34,47.6,3.4,22.9,19.8,5,7.9,Moderate Debt
USR-01035,20,Female,Healthcare / Shift Worker,Intermediate,23,TikTok / Reels,49,0,0,12,13.6,7.6,24.1,18.8,1,1.0,Mild Deficit
USR-01036,40,Female,Freelance / Creative,Morning Lark,46,Streaming (Netflix/Hulu),10,1,0,35,25.2,8.29,24.0,17.3,1,1.0,Optimal Recovery
USR-01037,28,Male,Remote Tech,Intermediate,57,Instagram / Reddit,55,0,0,25,32.0,6.48,17.2,17.9,3,1.8,Moderate Debt
USR-01038,41,Male,Student,Night Owl,13,YouTube,45,1,0,7,18.9,6.38,21.2,19.2,2,1.1,Moderate Debt
USR-01039,20,Female,Student,Morning Lark,65,Instagram / Reddit,33,1,87,72,41.2,7.42,18.3,16.8,2,2.2,Mild Deficit
USR-01040,27,Male,Student,Intermediate,54,Instagram / Reddit,70,1,29,43,38.0,7.76,20.9,14.5,0,1.0,Optimal Recovery
USR-01041,34,Female,Remote Tech,Night Owl,89,Streaming (Netflix/Hulu),75,0,0,19,52.6,4.42,20.0,21.4,5,6.0,Moderate Debt
USR-01042,44,Female,Healthcare / Shift Worker,Night Owl,98,YouTube,35,0,66,44,55.8,3.2,21.2,17.2,6,8.6,Severe Sleep Debt
USR-01043,27,Female,Remote Tech,Night Owl,160,TikTok / Reels,56,1,33,57,92.4,3.2,22.9,20.1,6,10.0,Severe Sleep Debt
USR-01044,37,Female,Corporate 9-to-5,Intermediate,56,News / Reading,53,0,127,0,30.3,6.97,15.2,18.6,1,2.3,Mild Deficit
USR-01045,51,Female,Healthcare / Shift Worker,Intermediate,40,Instagram / Reddit,78,0,0,74,36.4,5.71,17.4,20.2,2,5.1,Moderate Debt
USR-01046,36,Female,Student,Intermediate,21,TikTok / Reels,64,1,0,8,15.6,6.85,21.5,18.5,1,1.0,Mild Deficit
USR-01047,25,Female,Healthcare / Shift Worker,Night Owl,18,Streaming (Netflix/Hulu),69,0,52,60,32.7,4.12,24.0,16.2,4,7.3,Moderate Debt
USR-01048,18,Female,Corporate 9-to-5,Night Owl,49,TikTok / Reels,48,0,0,0,27.8,5.77,22.2,19.1,1,2.0,Moderate Debt
USR-01049,50,Female,Corporate 9-to-5,Night Owl,16,Instagram / Reddit,63,0,0,54,22.3,6.46,28.0,21.4,2,1.5,Moderate Debt
USR-01050,18,Male,Freelance / Creative,Morning Lark,19,TikTok / Reels,72,0,35,21,32.4,8.85,20.2,14.8,0,1.0,Optimal Recovery
USR-01051,50,Female,Corporate 9-to-5,Night Owl,50,News / Reading,100,1,0,85,18.9,5.58,25.9,20.4,2,2.1,Moderate Debt
USR-01052,33,Male,Healthcare / Shift Worker,Intermediate,37,YouTube,44,0,0,18,31.7,5.2,23.4,15.6,3,3.6,Moderate Debt
USR-01053,56,Male,Healthcare / Shift Worker,Morning Lark,25,Streaming (Netflix/Hulu),48,0,0,15,17.7,7.44,24.8,18.7,2,1.1,Mild Deficit
USR-01054,45,Male,Student,Morning Lark,39,Streaming (Netflix/Hulu),40,1,71,18,31.3,8.13,20.8,15.6,0,1.0,Optimal Recovery
USR-01055,65,Male,Corporate 9-to-5,Intermediate,83,TikTok / Reels,46,0,201,47,72.9,5.23,22.0,13.5,5,7.6,Moderate Debt
USR-01056,28,Male,Student,Intermediate,66,YouTube,83,0,0,57,44.1,4.58,23.4,22.2,3,6.7,Moderate Debt
USR-01057,43,Female,Healthcare / Shift Worker,Night Owl,96,YouTube,38,1,111,14,48.5,4.32,20.7,19.0,4,7.4,Moderate Debt
USR-01058,29,Female,Remote Tech,Night Owl,44,News / Reading,63,1,0,47,20.7,7.06,24.2,21.4,1,1.5,Mild Deficit
USR-01059,32,Male,Remote Tech,Morning Lark,37,Messaging / Chat,75,1,0,32,30.6,6.88,21.8,19.0,2,1.1,Mild Deficit
USR-01060,37,Male,Remote Tech,Intermediate,55,Messaging / Chat,79,1,0,15,29.3,6.04,21.9,17.6,3,4.4,Moderate Debt
USR-01061,50,Male,Corporate 9-to-5,Morning Lark,19,YouTube,84,1,0,38,22.5,7.73,23.6,19.8,0,1.0,Mild Deficit
USR-01062,62,Female,Healthcare / Shift Worker,Intermediate,42,YouTube,64,0,62,87,39.3,6.2,27.7,17.1,4,3.8,Moderate Debt
USR-01063,43,Male,Healthcare / Shift Worker,Intermediate,39,Instagram / Reddit,62,0,0,41,29.4,5.12,25.2,17.0,2,2.6,Moderate Debt
USR-01064,30,Male,Freelance / Creative,Night Owl,180,Streaming (Netflix/Hulu),44,0,0,11,70.4,3.2,18.2,17.7,6,10.0,Severe Sleep Debt
USR-01065,30,Female,Remote Tech,Intermediate,108,Streaming (Netflix/Hulu),16,1,0,52,41.2,5.75,23.1,20.7,2,3.8,Moderate Debt
USR-01066,41,Female,Student,Night Owl,77,Messaging / Chat,43,1,0,50,35.7,4.59,19.9,19.7,5,6.4,Moderate Debt
USR-01067,25,Male,Corporate 9-to-5,Night Owl,67,Streaming (Netflix/Hulu),58,0,94,25,41.1,4.55,21.7,20.6,4,7.3,Moderate Debt
USR-01068,21,Male,Student,Intermediate,133,TikTok / Reels,75,0,20,44,89.6,3.35,21.6,18.0,7,10.0,Severe Sleep Debt
USR-01069,28,Female,Student,Intermediate,67,Instagram / Reddit,85,1,0,0,47.7,5.65,19.7,22.4,3,4.7,Moderate Debt
USR-01070,26,Male,Freelance / Creative,Night Owl,28,Instagram / Reddit,55,1,91,6,35.3,5.56,11.9,17.1,4,5.4,Moderate Debt
USR-01071,27,Female,Healthcare / Shift Worker,Morning Lark,27,YouTube,77,0,100,30,29.1,6.09,21.3,19.0,3,4.9,Moderate Debt
USR-01072,25,Female,Freelance / Creative,Night Owl,85,Instagram / Reddit,58,0,0,24,42.2,3.83,19.3,20.7,3,6.9,Moderate Debt
USR-01073,19,Female,Healthcare / Shift Worker,Night Owl,75,Streaming (Netflix/Hulu),59,0,114,33,56.1,3.2,19.4,20.3,5,9.6,Severe Sleep Debt
USR-01074,18,Female,Healthcare / Shift Worker,Morning Lark,67,YouTube,49,0,34,41,49.4,5.13,21.1,25.0,3,5.2,Moderate Debt
USR-01075,63,Female,Corporate 9-to-5,Night Owl,99,TikTok / Reels,45,1,89,29,63.9,4.84,21.7,21.1,5,6.8,Moderate Debt
USR-01076,30,Female,Healthcare / Shift Worker,Morning Lark,95,Instagram / Reddit,43,1,0,45,50.2,4.4,25.3,14.4,4,6.6,Moderate Debt
USR-01077,29,Male,Student,Night Owl,11,Messaging / Chat,44,0,0,31,27.4,5.72,23.4,19.3,4,4.1,Moderate Debt
USR-01078,39,Male,Remote Tech,Intermediate,45,Messaging / Chat,42,1,235,42,70.1,6.75,16.8,15.1,3,6.1,Mild Deficit
USR-01079,24,Female,Corporate 9-to-5,Night Owl,71,TikTok / Reels,72,0,143,24,56.6,5.09,18.6,16.2,4,7.3,Moderate Debt
USR-01080,58,Female,Student,Intermediate,114,Streaming (Netflix/Hulu),80,1,90,52,56.4,4.89,22.0,18.4,4,6.9,Moderate Debt
USR-01081,44,Female,Corporate 9-to-5,Night Owl,78,YouTube,40,0,0,43,54.3,4.58,26.7,21.0,3,5.7,Moderate Debt
USR-01082,21,Male,Remote Tech,Morning Lark,85,TikTok / Reels,37,1,125,0,45.5,8.29,23.2,20.1,2,1.6,Optimal Recovery
USR-01083,30,Female,Student,Intermediate,22,Instagram / Reddit,51,1,0,42,18.7,8.53,23.0,16.4,0,1.0,Optimal Recovery
USR-01084,50,Female,Freelance / Creative,Morning Lark,15,Instagram / Reddit,38,1,0,41,24.5,7.83,21.5,20.5,2,1.0,Optimal Recovery
USR-01085,57,Male,Healthcare / Shift Worker,Night Owl,65,TikTok / Reels,35,1,75,14,53.1,4.14,22.7,15.4,5,7.2,Moderate Debt
USR-01086,31,Male,Remote Tech,Intermediate,36,Streaming (Netflix/Hulu),48,0,0,64,32.4,6.6,23.2,20.7,3,2.2,Moderate Debt
USR-01087,36,Female,Remote Tech,Intermediate,72,Messaging / Chat,60,1,0,26,42.0,6.5,22.4,23.1,2,2.8,Moderate Debt
USR-01088,23,Female,Corporate 9-to-5,Night Owl,31,YouTube,60,0,0,10,28.3,6.05,22.9,18.4,3,3.7,Moderate Debt
USR-01089,64,Female,Remote Tech,Night Owl,35,TikTok / Reels,49,0,0,5,26.4,5.9,20.9,17.3,3,1.8,Moderate Debt
USR-01090,25,Male,Corporate 9-to-5,Morning Lark,84,TikTok / Reels,45,1,0,48,49.6,7.19,26.1,21.3,3,1.8,Mild Deficit
USR-01091,57,Male,Freelance / Creative,Night Owl,52,TikTok / Reels,67,1,0,39,38.5,5.3,22.6,26.1,3,4.2,Moderate Debt
USR-01092,38,Female,Remote Tech,Morning Lark,30,TikTok / Reels,63,1,35,4,32.7,8.47,20.5,17.1,1,1.0,Optimal Recovery
USR-01093,36,Male,Corporate 9-to-5,Night Owl,47,Messaging / Chat,58,0,49,46,36.3,4.93,19.0,18.9,5,4.7,Moderate Debt
USR-01094,33,Female,Remote Tech,Night Owl,76,Instagram / Reddit,44,1,0,51,35.2,5.2,19.6,17.0,4,4.3,Moderate Debt
USR-01095,25,Female,Remote Tech,Morning Lark,49,TikTok / Reels,82,1,163,31,56.6,7.42,21.2,18.9,3,2.4,Mild Deficit
USR-01096,23,Female,Remote Tech,Morning Lark,71,TikTok / Reels,29,0,99,49,53.9,7.07,21.3,17.5,4,4.1,Mild Deficit
USR-01097,25,Female,Corporate 9-to-5,Intermediate,43,Messaging / Chat,44,1,0,3,29.0,7.56,22.6,20.1,2,1.2,Mild Deficit
USR-01098,24,Female,Freelance / Creative,Intermediate,109,YouTube,35,1,0,23,46.8,5.18,24.3,22.3,7,6.8,Moderate Debt
USR-01099,44,Female,Corporate 9-to-5,Night Owl,46,Instagram / Reddit,55,0,0,43,35.1,4.51,19.8,20.1,3,5.2,Moderate Debt
USR-01100,28,Female,Corporate 9-to-5,Intermediate,34,YouTube,42,1,0,96,23.3,7.55,25.2,21.5,1,1.0,Mild Deficit
USR-01101,20,Female,Corporate 9-to-5,Night Owl,126,TikTok / Reels,57,0,0,50,79.9,3.31,23.2,18.5,6,10.0,Severe Sleep Debt
USR-01102,60,Male,Remote Tech,Intermediate,52,News / Reading,65,0,0,31,35.6,6.97,23.5,21.2,3,2.1,Mild Deficit
USR-01103,51,Female,Corporate 9-to-5,Night Owl,70,TikTok / Reels,80,0,0,13,53.8,5.42,19.7,16.8,3,6.1,Moderate Debt
USR-01104,55,Female,Corporate 9-to-5,Night Owl,34,Streaming (Netflix/Hulu),59,1,0,26,41.1,6.08,22.0,19.7,2,2.5,Moderate Debt
USR-01105,64,Male,Remote Tech,Night Owl,69,TikTok / Reels,59,1,25,65,52.3,4.37,22.7,18.5,5,8.0,Moderate Debt
USR-01106,23,Male,Student,Morning Lark,76,YouTube,64,1,0,58,37.0,7.71,25.2,19.4,1,1.0,Mild Deficit
USR-01107,29,Male,Corporate 9-to-5,Intermediate,28,Streaming (Netflix/Hulu),10,1,0,64,45.1,7.39,28.0,22.9,3,1.0,Mild Deficit
USR-01108,42,Female,Corporate 9-to-5,Morning Lark,88,Streaming (Netflix/Hulu),56,1,0,29,42.5,6.31,19.9,20.0,3,3.7,Moderate Debt
USR-01109,40,Female,Remote Tech,Intermediate,48,YouTube,33,1,50,29,32.6,7.16,27.1,18.0,2,1.0,Mild Deficit
USR-01110,23,Male,Corporate 9-to-5,Intermediate,88,YouTube,42,1,0,9,49.9,5.79,18.2,19.7,4,4.9,Moderate Debt
USR-01111,45,Male,Remote Tech,Night Owl,31,TikTok / Reels,53,0,0,51,34.4,5.02,20.0,17.6,3,4.7,Moderate Debt
USR-01112,25,Female,Corporate 9-to-5,Morning Lark,36,Messaging / Chat,74,1,0,63,23.9,8.34,21.6,22.0,0,1.0,Optimal Recovery
USR-01113,25,Male,Corporate 9-to-5,Intermediate,58,Instagram / Reddit,20,1,0,30,42.0,6.6,28.0,20.2,2,2.3,Moderate Debt
USR-01114,34,Female,Remote Tech,Intermediate,27,YouTube,60,0,30,16,21.5,7.98,16.9,19.4,2,1.0,Optimal Recovery
USR-01115,36,Non-Binary,Corporate 9-to-5,Morning Lark,59,YouTube,57,1,20,7,33.8,7.3,18.9,22.6,0,1.0,Mild Deficit
USR-01116,35,Male,Corporate 9-to-5,Intermediate,65,YouTube,64,0,57,59,48.9,7.2,20.8,18.7,2,1.9,Mild Deficit
USR-01117,21,Male,Remote Tech,Night Owl,58,Instagram / Reddit,100,1,106,17,44.7,4.84,19.8,17.3,5,8.1,Moderate Debt
USR-01118,50,Male,Freelance / Creative,Morning Lark,55,Instagram / Reddit,86,0,95,13,44.8,8.47,19.2,16.4,1,1.0,Optimal Recovery
USR-01119,26,Male,Student,Night Owl,23,TikTok / Reels,61,0,0,1,41.2,6.98,21.6,16.0,2,1.0,Mild Deficit
USR-01120,22,Female,Healthcare / Shift Worker,Intermediate,17,Messaging / Chat,66,0,20,48,15.0,5.26,22.5,21.0,2,2.2,Moderate Debt
USR-01121,51,Female,Healthcare / Shift Worker,Night Owl,50,TikTok / Reels,54,1,0,99,38.7,3.84,22.9,15.9,4,6.8,Moderate Debt
USR-01122,58,Female,Freelance / Creative,Morning Lark,12,YouTube,70,0,0,51,23.3,8.95,22.8,20.0,0,1.0,Optimal Recovery
USR-01123,49,Female,Student,Night Owl,10,YouTube,56,1,118,2,16.6,6.43,23.6,20.0,4,2.4,Moderate Debt
USR-01124,45,Male,Student,Morning Lark,35,YouTube,64,1,0,22,36.2,6.95,24.8,18.8,1,1.0,Mild Deficit
USR-01125,38,Female,Remote Tech,Intermediate,26,Streaming (Netflix/Hulu),42,0,0,0,10.4,7.63,23.5,20.3,1,1.0,Mild Deficit
USR-01126,34,Female,Corporate 9-to-5,Morning Lark,67,Streaming (Netflix/Hulu),60,0,173,63,43.9,7.24,14.7,16.4,2,3.4,Mild Deficit
USR-01127,21,Male,Student,Night Owl,50,TikTok / Reels,82,1,0,23,45.4,4.75,22.2,19.5,5,5.7,Moderate Debt
USR-01128,29,Male,Freelance / Creative,Night Owl,65,TikTok / Reels,66,0,22,41,51.3,3.96,19.7,19.2,6,7.9,Moderate Debt
USR-01129,29,Female,Remote Tech,Morning Lark,87,TikTok / Reels,57,1,0,36,52.7,5.89,24.5,23.2,4,3.8,Moderate Debt
USR-01130,26,Female,Student,Morning Lark,109,TikTok / Reels,10,1,82,57,69.3,6.08,21.2,18.0,5,5.8,Moderate Debt
USR-01131,41,Female,Remote Tech,Intermediate,81,TikTok / Reels,63,1,0,35,54.2,6.09,20.1,17.8,4,5.3,Moderate Debt
USR-01132,32,Male,Remote Tech,Morning Lark,57,YouTube,53,0,0,55,36.0,7.23,21.3,19.3,2,2.2,Mild Deficit
USR-01133,20,Female,Remote Tech,Intermediate,25,TikTok / Reels,34,1,0,39,17.4,7.61,20.5,19.6,1,1.0,Mild Deficit
USR-01134,25,Male,Remote Tech,Intermediate,104,Instagram / Reddit,54,0,59,17,61.2,5.97,20.9,17.0,5,6.7,Moderate Debt
USR-01135,39,Female,Remote Tech,Night Owl,21,YouTube,54,1,250,43,41.2,5.44,18.2,15.1,3,7.1,Moderate Debt
USR-01136,20,Female,Student,Night Owl,89,Instagram / Reddit,55,0,88,39,51.7,4.86,19.3,17.6,5,7.4,Moderate Debt
USR-01137,48,Male,Healthcare / Shift Worker,Intermediate,117,TikTok / Reels,70,0,0,28,74.0,3.97,17.0,15.4,5,8.4,Moderate Debt
USR-01138,32,Female,Healthcare / Shift Worker,Morning Lark,68,Streaming (Netflix/Hulu),51,0,94,24,44.4,5.77,21.1,18.4,4,5.2,Moderate Debt
USR-01139,32,Female,Corporate 9-to-5,Intermediate,25,Messaging / Chat,50,0,76,77,21.9,5.74,20.8,19.9,3,3.6,Moderate Debt
USR-01140,36,Female,Healthcare / Shift Worker,Intermediate,37,Streaming (Netflix/Hulu),48,0,0,76,27.5,4.88,24.4,19.8,2,3.4,Moderate Debt
USR-01141,46,Female,Corporate 9-to-5,Intermediate,60,YouTube,60,1,28,17,35.8,6.98,25.3,18.5,3,2.2,Mild Deficit
USR-01142,28,Female,Corporate 9-to-5,Intermediate,30,TikTok / Reels,66,0,0,4,41.3,7.05,24.0,20.1,2,2.6,Mild Deficit
USR-01143,39,Female,Student,Night Owl,9,Messaging / Chat,81,1,38,41,20.7,6.79,28.0,19.8,1,1.3,Mild Deficit
USR-01144,35,Female,Corporate 9-to-5,Night Owl,56,Instagram / Reddit,66,0,0,43,33.5,5.99,23.1,19.7,3,2.9,Moderate Debt
USR-01145,26,Female,Corporate 9-to-5,Morning Lark,67,TikTok / Reels,77,1,0,50,36.2,6.48,22.7,17.6,2,2.3,Moderate Debt
USR-01146,50,Male,Remote Tech,Intermediate,71,News / Reading,72,1,23,28,28.7,6.37,23.6,25.9,2,2.3,Moderate Debt
USR-01147,44,Male,Student,Night Owl,37,Streaming (Netflix/Hulu),58,1,83,82,31.5,4.14,21.6,15.0,3,5.9,Moderate Debt
USR-01148,38,Male,Corporate 9-to-5,Night Owl,52,Messaging / Chat,40,0,0,72,25.2,5.63,28.0,20.1,3,3.2,Moderate Debt
USR-01149,48,Male,Student,Intermediate,58,TikTok / Reels,63,0,61,71,54.8,6.39,26.5,17.2,2,5.0,Moderate Debt
USR-01150,49,Female,Student,Night Owl,14,YouTube,86,1,173,8,40.9,4.7,17.9,16.3,3,5.3,Moderate Debt
USR-01151,40,Female,Student,Intermediate,36,Instagram / Reddit,77,1,38,0,21.5,7.16,17.3,20.0,1,2.4,Mild Deficit
USR-01152,47,Female,Healthcare / Shift Worker,Intermediate,54,Streaming (Netflix/Hulu),81,0,0,12,29.2,5.1,25.4,17.6,3,4.1,Moderate Debt
USR-01153,40,Female,Remote Tech,Morning Lark,66,YouTube,18,0,53,47,35.6,7.78,22.4,22.4,1,1.0,Optimal Recovery
USR-01154,39,Female,Corporate 9-to-5,Night Owl,123,Instagram / Reddit,16,1,0,51,51.9,4.17,20.4,15.1,4,7.0,Moderate Debt
USR-01155,37,Male,Corporate 9-to-5,Intermediate,63,Streaming (Netflix/Hulu),45,0,102,26,51.8,5.83,21.2,19.1,3,5.4,Moderate Debt
USR-01156,42,Male,Remote Tech,Morning Lark,20,YouTube,64,0,0,42,18.1,9.3,26.1,23.3,0,1.0,Optimal Recovery
USR-01157,23,Male,Student,Night Owl,28,Instagram / Reddit,48,1,0,64,38.6,5.55,28.0,21.6,3,4.6,Moderate Debt
USR-01158,51,Female,Corporate 9-to-5,Night Owl,92,YouTube,51,0,0,65,52.3,4.72,25.5,16.5,4,6.3,Moderate Debt
USR-01159,50,Male,Corporate 9-to-5,Night Owl,150,Instagram / Reddit,25,0,156,4,80.4,3.2,20.2,18.2,7,10.0,Severe Sleep Debt
USR-01160,19,Male,Student,Morning Lark,24,TikTok / Reels,43,0,45,29,25.8,8.02,22.0,18.3,1,1.0,Optimal Recovery
USR-01161,46,Male,Student,Night Owl,35,Streaming (Netflix/Hulu),37,0,0,8,38.4,5.15,15.9,20.9,3,6.0,Moderate Debt
USR-01162,22,Female,Student,Morning Lark,155,TikTok / Reels,38,1,0,0,81.8,4.28,18.5,17.6,5,8.7,Severe Sleep Debt
USR-01163,28,Female,Healthcare / Shift Worker,Intermediate,133,Streaming (Netflix/Hulu),40,0,0,40,68.9,3.55,24.6,21.0,6,9.8,Severe Sleep Debt
USR-01164,42,Female,Healthcare / Shift Worker,Intermediate,75,Instagram / Reddit,33,0,21,0,45.3,5.12,20.0,19.3,4,6.3,Moderate Debt
USR-01165,23,Female,Student,Intermediate,35,YouTube,10,1,0,8,20.0,7.28,23.6,15.6,1,1.0,Mild Deficit
USR-01166,46,Male,Remote Tech,Intermediate,23,News / Reading,83,0,0,0,25.2,7.26,19.7,20.6,1,1.0,Mild Deficit
USR-01167,47,Female,Freelance / Creative,Night Owl,34,TikTok / Reels,53,0,118,57,28.6,5.59,16.0,17.6,3,4.6,Moderate Debt
USR-01168,33,Female,Remote Tech,Intermediate,40,Instagram / Reddit,41,0,0,47,32.8,6.19,19.1,18.2,2,2.9,Moderate Debt
USR-01169,18,Male,Corporate 9-to-5,Intermediate,41,YouTube,52,1,0,91,24.2,7.3,28.0,19.4,2,1.0,Mild Deficit
USR-01170,26,Male,Corporate 9-to-5,Morning Lark,14,Messaging / Chat,62,0,180,61,27.7,8.53,20.1,18.0,2,1.0,Optimal Recovery
USR-01171,36,Female,Student,Morning Lark,27,Messaging / Chat,57,0,0,22,18.0,9.2,19.4,23.8,0,1.0,Optimal Recovery
USR-01172,62,Male,Freelance / Creative,Morning Lark,55,Streaming (Netflix/Hulu),40,0,0,54,43.8,8.48,22.0,19.8,2,1.0,Optimal Recovery
USR-01173,37,Female,Corporate 9-to-5,Night Owl,35,YouTube,75,0,22,35,22.3,5.34,22.4,18.4,3,3.9,Moderate Debt
USR-01174,26,Female,Corporate 9-to-5,Night Owl,20,TikTok / Reels,43,0,0,38,19.6,5.62,23.6,20.0,3,2.9,Moderate Debt
USR-01175,37,Female,Healthcare / Shift Worker,Night Owl,25,TikTok / Reels,50,0,84,19,30.0,4.35,22.9,14.1,4,5.2,Moderate Debt
USR-01176,34,Male,Freelance / Creative,Morning Lark,45,Streaming (Netflix/Hulu),89,0,250,50,48.7,6.77,22.1,15.1,3,5.1,Mild Deficit
USR-01177,44,Male,Corporate 9-to-5,Intermediate,17,YouTube,96,1,0,26,21.5,7.67,24.4,24.8,1,1.0,Mild Deficit
USR-01178,21,Female,Remote Tech,Morning Lark,112,TikTok / Reels,78,0,0,24,79.0,6.53,15.8,14.3,4,6.0,Moderate Debt
USR-01179,43,Female,Student,Night Owl,17,Streaming (Netflix/Hulu),42,1,88,32,26.4,5.99,18.8,17.4,3,3.2,Moderate Debt
USR-01180,34,Female,Corporate 9-to-5,Intermediate,79,Messaging / Chat,46,0,0,49,40.0,7.28,24.2,17.5,3,1.9,Mild Deficit
USR-01181,59,Female,Healthcare / Shift Worker,Morning Lark,149,TikTok / Reels,39,0,0,9,96.6,3.2,18.5,16.9,7,10.0,Severe Sleep Debt
USR-01182,28,Female,Corporate 9-to-5,Intermediate,19,Messaging / Chat,50,0,40,43,15.8,7.07,21.8,23.7,0,1.0,Mild Deficit
USR-01183,37,Female,Corporate 9-to-5,Intermediate,22,TikTok / Reels,66,1,0,5,27.9,6.69,22.1,17.5,1,2.3,Moderate Debt
USR-01184,55,Male,Corporate 9-to-5,Intermediate,45,TikTok / Reels,17,0,0,24,46.6,6.11,21.2,18.5,3,2.8,Moderate Debt
USR-01185,21,Male,Corporate 9-to-5,Intermediate,37,Streaming (Netflix/Hulu),34,0,0,23,28.2,6.01,21.8,21.0,3,3.6,Moderate Debt
USR-01186,56,Female,Corporate 9-to-5,Night Owl,94,Instagram / Reddit,57,1,0,53,56.7,3.73,23.9,20.1,4,8.1,Moderate Debt
USR-01187,39,Female,Corporate 9-to-5,Night Owl,43,News / Reading,53,0,0,43,28.3,5.5,20.5,21.1,2,2.2,Moderate Debt
USR-01188,20,Female,Student,Intermediate,26,YouTube,46,0,205,56,35.6,7.8,21.5,18.6,1,1.7,Optimal Recovery
USR-01189,27,Female,Corporate 9-to-5,Intermediate,82,Messaging / Chat,27,1,44,56,39.0,5.22,24.2,15.8,5,5.8,Moderate Debt
USR-01190,40,Male,Freelance / Creative,Night Owl,40,YouTube,43,0,127,82,35.9,4.66,24.0,15.8,3,5.1,Moderate Debt
USR-01191,20,Male,Remote Tech,Intermediate,26,Instagram / Reddit,45,1,20,0,26.1,6.52,24.8,15.4,3,1.3,Moderate Debt
USR-01192,35,Female,Student,Morning Lark,29,News / Reading,28,0,78,21,23.9,8.55,21.1,18.5,2,1.0,Optimal Recovery
USR-01193,28,Female,Corporate 9-to-5,Night Owl,19,TikTok / Reels,38,0,0,4,36.1,7.62,22.2,17.8,3,2.2,Mild Deficit
USR-01194,37,Male,Corporate 9-to-5,Morning Lark,8,TikTok / Reels,51,1,0,46,41.1,8.71,22.7,18.9,1,1.0,Optimal Recovery
USR-01195,19,Female,Remote Tech,Morning Lark,20,TikTok / Reels,64,0,128,42,39.4,7.37,20.9,16.9,2,2.8,Mild Deficit
USR-01196,50,Male,Remote Tech,Morning Lark,44,Messaging / Chat,73,0,0,19,37.7,9.04,18.3,19.6,0,1.0,Optimal Recovery
USR-01197,61,Female,Student,Morning Lark,40,Instagram / Reddit,34,1,42,43,38.2,8.11,21.1,17.6,1,1.0,Optimal Recovery
USR-01198,60,Male,Student,Morning Lark,15,Instagram / Reddit,48,1,69,61,21.7,8.33,22.5,18.1,0,1.0,Optimal Recovery
USR-01199,42,Male,Student,Morning Lark,27,Messaging / Chat,50,0,0,0,29.2,8.75,18.2,23.2,0,1.0,Optimal Recovery
USR-01200,22,Male,Remote Tech,Intermediate,75,Streaming (Netflix/Hulu),51,1,0,34,42.5,6.78,15.8,19.5,2,1.4,Mild Deficit
USR-01201,42,Male,Healthcare / Shift Worker,Intermediate,71,Instagram / Reddit,50,1,140,39,53.5,3.98,20.7,17.2,5,8.4,Moderate Debt
USR-01202,18,Female,Student,Morning Lark,53,Streaming (Netflix/Hulu),32,1,0,11,47.4,7.07,24.4,22.3,3,1.1,Mild Deficit
USR-01203,18,Male,Freelance / Creative,Intermediate,22,YouTube,64,1,0,14,36.7,7.04,19.6,19.5,2,2.1,Mild Deficit
USR-01204,27,Male,Healthcare / Shift Worker,Morning Lark,93,Instagram / Reddit,49,1,0,30,51.3,4.98,22.5,15.8,3,6.3,Moderate Debt
USR-01205,32,Female,Corporate 9-to-5,Morning Lark,45,TikTok / Reels,56,0,0,41,29.5,6.96,18.0,18.3,2,1.5,Mild Deficit
USR-01206,43,Female,Corporate 9-to-5,Intermediate,29,TikTok / Reels,57,0,0,57,33.3,7.22,23.1,18.8,1,1.0,Mild Deficit
USR-01207,39,Female,Remote Tech,Intermediate,22,Messaging / Chat,43,1,83,44,28.1,6.45,25.1,17.2,3,1.5,Moderate Debt
USR-01208,31,Female,Student,Intermediate,80,YouTube,70,1,89,50,56.2,5.61,18.9,17.1,4,6.1,Moderate Debt
USR-01209,26,Female,Remote Tech,Intermediate,3,TikTok / Reels,46,0,20,57,10.7,8.06,19.4,22.2,0,1.0,Optimal Recovery
USR-01210,65,Male,Healthcare / Shift Worker,Intermediate,61,Streaming (Netflix/Hulu),58,0,68,70,56.0,5.13,25.6,19.2,5,6.1,Moderate Debt
USR-01211,30,Female,Corporate 9-to-5,Intermediate,36,Streaming (Netflix/Hulu),57,0,0,37,21.4,6.48,19.8,18.0,2,2.6,Moderate Debt
USR-01212,31,Male,Corporate 9-to-5,Night Owl,101,TikTok / Reels,60,1,0,0,66.5,3.38,18.3,21.4,6,9.8,Severe Sleep Debt
USR-01213,23,Female,Corporate 9-to-5,Intermediate,180,Instagram / Reddit,77,1,28,68,89.8,3.2,23.0,18.5,7,10.0,Severe Sleep Debt
USR-01214,44,Female,Remote Tech,Intermediate,29,Streaming (Netflix/Hulu),41,0,0,83,24.0,8.02,26.5,19.4,1,1.0,Optimal Recovery
USR-01215,40,Female,Student,Morning Lark,94,Messaging / Chat,55,0,90,33,51.6,7.99,17.0,20.7,1,1.7,Optimal Recovery
USR-01216,25,Female,Corporate 9-to-5,Night Owl,63,YouTube,54,0,0,77,30.0,5.47,25.1,17.0,3,3.5,Moderate Debt
USR-01217,20,Female,Student,Morning Lark,59,YouTube,49,0,47,50,38.8,7.85,18.6,18.1,2,1.3,Optimal Recovery
USR-01218,39,Female,Corporate 9-to-5,Intermediate,16,YouTube,65,0,91,49,27.7,6.73,17.6,20.0,2,1.9,Moderate Debt
USR-01219,38,Female,Corporate 9-to-5,Intermediate,34,TikTok / Reels,32,1,0,39,17.4,7.09,25.5,17.3,2,1.0,Mild Deficit
USR-01220,26,Male,Student,Intermediate,92,TikTok / Reels,83,1,0,2,59.4,6.06,19.9,20.8,3,4.2,Moderate Debt
USR-01221,58,Male,Remote Tech,Night Owl,109,TikTok / Reels,84,1,24,38,71.6,4.58,25.9,15.0,5,8.0,Moderate Debt
USR-01222,23,Female,Student,Night Owl,131,Messaging / Chat,42,0,0,71,77.0,3.35,24.8,25.8,5,8.8,Severe Sleep Debt
USR-01223,30,Male,Healthcare / Shift Worker,Morning Lark,34,Messaging / Chat,53,0,0,51,24.2,6.1,19.3,21.8,3,2.9,Moderate Debt
USR-01224,57,Male,Healthcare / Shift Worker,Intermediate,70,Instagram / Reddit,19,1,87,34,36.8,5.31,26.0,12.3,4,4.2,Moderate Debt
USR-01225,30,Female,Corporate 9-to-5,Night Owl,35,YouTube,42,1,0,1,22.3,5.11,21.1,22.9,3,3.9,Moderate Debt
USR-01226,37,Male,Remote Tech,Intermediate,56,TikTok / Reels,100,0,57,56,43.9,6.36,20.0,21.4,2,3.5,Moderate Debt
USR-01227,29,Male,Student,Intermediate,69,TikTok / Reels,67,1,35,37,50.4,6.13,19.0,18.7,3,4.2,Moderate Debt
USR-01228,26,Female,Student,Night Owl,36,Messaging / Chat,69,0,0,41,19.0,6.85,26.3,24.0,1,1.0,Mild Deficit
USR-01229,62,Female,Healthcare / Shift Worker,Intermediate,73,Instagram / Reddit,45,0,32,28,55.4,4.9,17.8,20.5,4,6.6,Moderate Debt
USR-01230,29,Female,Corporate 9-to-5,Night Owl,44,Streaming (Netflix/Hulu),53,1,0,51,21.6,6.2,22.1,19.9,4,2.8,Moderate Debt
USR-01231,52,Female,Corporate 9-to-5,Intermediate,49,Instagram / Reddit,54,1,110,59,32.4,6.61,21.2,16.1,3,2.2,Moderate Debt
USR-01232,25,Male,Remote Tech,Intermediate,16,Instagram / Reddit,27,0,122,42,33.0,7.9,22.6,21.0,1,1.0,Optimal Recovery
USR-01233,24,Female,Student,Intermediate,33,Instagram / Reddit,57,0,0,67,28.4,7.01,23.8,19.8,1,1.0,Mild Deficit
USR-01234,19,Male,Corporate 9-to-5,Night Owl,33,TikTok / Reels,70,1,0,57,34.6,4.46,22.9,17.2,3,6.0,Moderate Debt
USR-01235,38,Male,Corporate 9-to-5,Intermediate,180,Instagram / Reddit,90,1,0,43,90.3,3.68,23.3,19.9,7,10.0,Severe Sleep Debt
USR-01236,28,Male,Student,Intermediate,28,Streaming (Netflix/Hulu),60,1,0,28,29.8,7.76,20.7,20.5,2,1.0,Optimal Recovery
USR-01237,49,Male,Corporate 9-to-5,Night Owl,48,Instagram / Reddit,52,0,220,27,60.3,4.15,23.6,17.1,6,9.2,Severe Sleep Debt
USR-01238,31,Female,Corporate 9-to-5,Intermediate,28,Instagram / Reddit,52,1,0,0,17.6,8.1,19.5,20.4,0,1.0,Optimal Recovery
USR-01239,60,Female,Corporate 9-to-5,Intermediate,44,Instagram / Reddit,62,0,138,13,38.4,7.77,21.3,14.8,0,1.0,Optimal Recovery
USR-01240,24,Male,Corporate 9-to-5,Intermediate,55,YouTube,70,0,0,32,38.2,6.76,23.5,17.4,1,1.0,Mild Deficit
USR-01241,49,Female,Remote Tech,Intermediate,24,Instagram / Reddit,76,1,0,42,32.7,7.91,27.6,19.9,1,1.0,Optimal Recovery
USR-01242,43,Female,Remote Tech,Morning Lark,88,TikTok / Reels,13,1,27,37,47.2,6.93,22.7,16.4,2,1.6,Mild Deficit
USR-01243,43,Male,Corporate 9-to-5,Intermediate,25,News / Reading,76,1,0,56,17.6,7.39,26.8,21.0,2,1.0,Mild Deficit
USR-01244,48,Male,Corporate 9-to-5,Night Owl,14,TikTok / Reels,31,1,0,41,17.2,6.69,21.4,22.2,2,1.0,Moderate Debt
USR-01245,43,Female,Corporate 9-to-5,Intermediate,52,Instagram / Reddit,35,1,0,20,42.1,7.11,22.3,22.3,2,1.0,Mild Deficit
USR-01246,37,Male,Student,Night Owl,153,YouTube,51,1,182,20,94.4,3.2,16.6,20.9,6,10.0,Severe Sleep Debt
USR-01247,22,Male,Corporate 9-to-5,Intermediate,10,TikTok / Reels,65,0,0,46,22.1,6.22,22.4,19.8,2,3.0,Moderate Debt
USR-01248,19,Female,Remote Tech,Night Owl,18,Instagram / Reddit,29,1,0,11,22.3,7.15,19.6,18.4,1,1.6,Mild Deficit
USR-01249,54,Female,Corporate 9-to-5,Intermediate,83,News / Reading,43,1,0,29,34.9,6.77,22.7,22.6,1,1.1,Mild Deficit
USR-01250,36,Male,Corporate 9-to-5,Morning Lark,28,Streaming (Netflix/Hulu),61,0,0,47,24.8,8.86,27.3,19.1,1,1.0,Optimal Recovery
USR-01251,44,Female,Corporate 9-to-5,Intermediate,57,YouTube,65,0,0,14,52.9,5.61,23.7,20.8,2,4.1,Moderate Debt
USR-01252,32,Female,Corporate 9-to-5,Intermediate,97,Instagram / Reddit,64,0,0,24,56.5,4.97,18.3,22.3,5,8.1,Moderate Debt
USR-01253,21,Female,Student,Intermediate,80,TikTok / Reels,74,1,0,35,57.0,5.54,21.4,19.5,5,7.0,Moderate Debt
USR-01254,22,Male,Remote Tech,Morning Lark,55,YouTube,78,1,0,39,31.3,8.1,20.9,20.1,1,1.0,Optimal Recovery
USR-01255,39,Female,Healthcare / Shift Worker,Intermediate,55,TikTok / Reels,57,0,0,44,45.1,5.47,22.3,19.4,4,4.3,Moderate Debt
USR-01256,30,Female,Corporate 9-to-5,Intermediate,55,Messaging / Chat,54,0,0,36,43.9,6.48,20.5,19.8,2,1.6,Moderate Debt
USR-01257,24,Female,Corporate 9-to-5,Intermediate,61,TikTok / Reels,39,0,34,33,50.9,6.12,21.7,16.2,3,4.2,Moderate Debt
USR-01258,32,Non-Binary,Corporate 9-to-5,Night Owl,112,TikTok / Reels,43,0,80,28,76.0,3.2,16.2,17.5,7,10.0,Severe Sleep Debt
USR-01259,20,Female,Student,Night Owl,21,Streaming (Netflix/Hulu),28,1,167,60,36.9,6.19,22.3,10.7,2,3.0,Moderate Debt
USR-01260,35,Male,Corporate 9-to-5,Intermediate,19,News / Reading,83,0,0,17,10.1,7.49,25.3,23.6,1,1.0,Mild Deficit
USR-01261,26,Male,Remote Tech,Intermediate,73,TikTok / Reels,54,0,0,57,40.7,5.47,24.0,19.7,2,3.0,Moderate Debt
USR-01262,44,Female,Corporate 9-to-5,Intermediate,31,YouTube,70,0,20,35,30.4,7.47,21.7,18.3,2,1.0,Mild Deficit
USR-01263,27,Non-Binary,Corporate 9-to-5,Night Owl,15,Instagram / Reddit,100,1,0,31,26.8,6.35,27.8,20.0,2,2.4,Moderate Debt
USR-01264,31,Male,Freelance / Creative,Night Owl,127,Instagram / Reddit,100,0,20,39,79.8,3.85,17.3,21.3,5,10.0,Severe Sleep Debt
USR-01265,18,Male,Remote Tech,Intermediate,59,Messaging / Chat,77,0,125,16,48.8,6.54,17.8,18.5,3,5.1,Moderate Debt
USR-01266,20,Female,Healthcare / Shift Worker,Morning Lark,136,YouTube,47,0,0,55,62.6,3.85,22.4,23.0,6,8.9,Severe Sleep Debt
USR-01267,29,Male,Student,Morning Lark,79,TikTok / Reels,71,0,0,48,61.4,7.35,20.3,19.8,1,2.8,Mild Deficit
USR-01268,32,Male,Remote Tech,Intermediate,41,TikTok / Reels,55,1,0,23,27.5,7.78,24.6,19.8,1,1.0,Optimal Recovery
USR-01269,36,Non-Binary,Corporate 9-to-5,Intermediate,51,Instagram / Reddit,36,0,20,46,39.2,7.17,24.8,19.9,2,1.9,Mild Deficit
USR-01270,26,Female,Student,Intermediate,93,Instagram / Reddit,37,0,0,23,47.9,6.47,18.2,18.5,2,3.6,Moderate Debt
USR-01271,40,Male,Corporate 9-to-5,Intermediate,15,Messaging / Chat,72,1,0,14,32.7,7.94,19.7,20.5,1,1.0,Optimal Recovery
USR-01272,49,Female,Remote Tech,Intermediate,96,News / Reading,70,1,0,41,29.4,5.58,23.9,22.4,3,4.5,Moderate Debt
USR-01273,44,Female,Student,Night Owl,49,YouTube,79,1,0,32,27.6,5.21,19.6,16.8,2,3.5,Moderate Debt
USR-01274,19,Female,Healthcare / Shift Worker,Intermediate,44,Instagram / Reddit,50,0,161,32,46.9,4.96,16.9,17.2,3,6.8,Moderate Debt
USR-01275,32,Male,Student,Morning Lark,176,Messaging / Chat,46,0,121,58,94.0,5.57,17.3,19.1,5,9.8,Moderate Debt
USR-01276,21,Female,Student,Intermediate,113,Streaming (Netflix/Hulu),33,1,93,50,47.7,4.58,18.9,16.5,4,7.2,Moderate Debt
USR-01277,25,Male,Corporate 9-to-5,Intermediate,27,YouTube,22,0,0,53,34.7,8.44,25.6,21.4,0,1.0,Optimal Recovery
USR-01278,63,Non-Binary,Corporate 9-to-5,Night Owl,62,Streaming (Netflix/Hulu),38,1,0,15,31.0,4.94,22.8,18.8,4,5.6,Moderate Debt
USR-01279,22,Female,Corporate 9-to-5,Intermediate,24,YouTube,42,0,100,34,30.2,6.65,22.0,18.6,2,3.7,Moderate Debt
USR-01280,32,Male,Student,Intermediate,69,Streaming (Netflix/Hulu),32,1,0,51,31.9,7.97,21.7,23.9,1,1.0,Optimal Recovery
USR-01281,36,Female,Freelance / Creative,Intermediate,156,YouTube,45,0,76,59,77.5,4.4,23.0,17.5,5,9.6,Severe Sleep Debt
USR-01282,40,Female,Corporate 9-to-5,Intermediate,126,Streaming (Netflix/Hulu),93,0,0,34,60.9,4.44,20.4,23.4,5,8.4,Moderate Debt
USR-01283,34,Male,Corporate 9-to-5,Night Owl,68,Streaming (Netflix/Hulu),41,0,41,8,53.4,4.59,23.7,22.0,4,7.2,Moderate Debt
USR-01284,18,Male,Remote Tech,Morning Lark,63,TikTok / Reels,18,0,0,49,38.4,7.26,22.7,18.2,2,1.2,Mild Deficit
USR-01285,27,Male,Healthcare / Shift Worker,Intermediate,46,YouTube,58,1,0,50,32.7,4.68,23.1,18.0,3,4.2,Moderate Debt
USR-01286,33,Male,Remote Tech,Morning Lark,163,Instagram / Reddit,68,1,0,34,86.6,5.48,18.7,21.7,5,7.8,Moderate Debt
USR-01287,21,Female,Corporate 9-to-5,Intermediate,87,Instagram / Reddit,37,1,104,45,49.3,5.0,18.6,21.1,4,6.7,Moderate Debt
USR-01288,28,Female,Freelance / Creative,Intermediate,38,Instagram / Reddit,70,0,0,5,24.4,8.21,24.2,14.8,1,1.0,Optimal Recovery
USR-01289,19,Female,Healthcare / Shift Worker,Morning Lark,55,YouTube,91,0,89,54,50.8,6.51,22.0,17.8,1,4.5,Moderate Debt
USR-01290,20,Female,Corporate 9-to-5,Intermediate,57,Instagram / Reddit,50,1,0,46,39.9,6.79,26.8,17.8,3,2.6,Mild Deficit
USR-01291,29,Female,Freelance / Creative,Night Owl,28,TikTok / Reels,70,0,48,20,36.5,5.52,19.1,14.5,2,2.9,Moderate Debt
USR-01292,22,Male,Remote Tech,Intermediate,57,TikTok / Reels,73,1,201,65,54.0,7.24,23.3,14.5,2,3.7,Mild Deficit
USR-01293,35,Female,Remote Tech,Morning Lark,73,YouTube,63,1,0,1,41.1,6.19,21.8,19.8,3,4.8,Moderate Debt
USR-01294,39,Female,Remote Tech,Intermediate,25,TikTok / Reels,73,0,59,38,36.6,7.47,23.6,14.9,1,2.2,Mild Deficit
USR-01295,45,Male,Healthcare / Shift Worker,Morning Lark,99,Streaming (Netflix/Hulu),66,1,0,63,35.7,6.53,26.2,22.0,3,3.9,Moderate Debt
USR-01296,24,Male,Student,Intermediate,32,News / Reading,36,1,78,80,33.1,8.95,22.5,20.8,1,1.0,Optimal Recovery
USR-01297,23,Male,Corporate 9-to-5,Intermediate,38,TikTok / Reels,10,0,0,13,22.9,7.77,26.9,14.9,1,1.0,Optimal Recovery
USR-01298,21,Male,Freelance / Creative,Morning Lark,31,Messaging / Chat,59,0,0,40,23.4,8.49,19.7,22.6,0,1.0,Optimal Recovery
USR-01299,37,Female,Corporate 9-to-5,Night Owl,27,Streaming (Netflix/Hulu),50,0,0,32,27.5,4.56,23.5,22.7,3,5.2,Moderate Debt
USR-01300,40,Male,Student,Morning Lark,110,YouTube,22,1,117,35,54.6,7.29,22.8,15.4,2,3.9,Mild Deficit
USR-01301,19,Male,Student,Night Owl,122,TikTok / Reels,51,0,0,38,69.8,3.71,16.4,16.3,6,10.0,Severe Sleep Debt
USR-01302,56,Female,Corporate 9-to-5,Night Owl,34,Streaming (Netflix/Hulu),52,0,0,45,39.4,6.29,22.6,21.8,3,3.2,Moderate Debt
USR-01303,19,Female,Corporate 9-to-5,Night Owl,102,Instagram / Reddit,61,0,60,85,70.6,4.99,17.2,19.6,6,9.1,Severe Sleep Debt
USR-01304,34,Male,Healthcare / Shift Worker,Intermediate,16,YouTube,77,1,41,62,40.6,6.34,28.0,20.3,3,4.0,Moderate Debt
USR-01305,40,Male,Remote Tech,Night Owl,42,YouTube,39,1,0,2,27.5,5.12,24.2,19.9,3,4.4,Moderate Debt
USR-01306,50,Male,Student,Night Owl,20,Messaging / Chat,14,1,152,18,21.1,7.4,19.3,17.0,1,1.0,Mild Deficit
USR-01307,40,Male,Remote Tech,Morning Lark,171,TikTok / Reels,47,0,0,52,108.5,4.57,18.7,16.6,7,10.0,Severe Sleep Debt
USR-01308,45,Male,Student,Intermediate,112,Messaging / Chat,71,1,0,11,68.8,6.76,17.6,12.6,3,5.8,Mild Deficit
USR-01309,28,Non-Binary,Remote Tech,Morning Lark,13,TikTok / Reels,82,1,221,11,33.5,9.57,19.1,14.4,0,1.0,Optimal Recovery
USR-01310,45,Male,Corporate 9-to-5,Intermediate,28,Instagram / Reddit,43,1,0,26,25.6,6.97,23.4,24.6,1,1.6,Mild Deficit
USR-01311,20,Female,Remote Tech,Intermediate,43,YouTube,67,1,88,53,34.3,6.72,22.8,17.5,3,2.4,Moderate Debt
USR-01312,52,Male,Healthcare / Shift Worker,Morning Lark,49,Instagram / Reddit,33,1,20,56,32.9,7.02,23.9,19.9,3,1.3,Mild Deficit
USR-01313,34,Female,Remote Tech,Night Owl,19,YouTube,55,0,0,15,21.1,5.7,20.3,18.8,3,3.1,Moderate Debt
USR-01314,46,Male,Corporate 9-to-5,Morning Lark,82,YouTube,10,1,0,0,41.2,6.89,23.8,20.1,2,3.2,Mild Deficit
USR-01315,31,Male,Freelance / Creative,Night Owl,102,Streaming (Netflix/Hulu),48,0,20,58,44.8,5.3,23.9,22.7,3,4.6,Moderate Debt
USR-01316,37,Male,Healthcare / Shift Worker,Morning Lark,64,YouTube,61,0,0,52,51.7,5.78,23.3,19.0,4,5.8,Moderate Debt
USR-01317,33,Male,Corporate 9-to-5,Intermediate,61,Streaming (Netflix/Hulu),46,0,38,38,30.6,6.92,19.2,19.8,2,2.7,Mild Deficit
USR-01318,41,Female,Freelance / Creative,Morning Lark,31,Messaging / Chat,27,1,86,32,27.9,7.55,20.0,17.3,1,1.0,Mild Deficit
USR-01319,20,Female,Student,Intermediate,41,Streaming (Netflix/Hulu),57,1,0,35,29.8,6.41,22.7,23.0,2,1.0,Moderate Debt
USR-01320,20,Female,Corporate 9-to-5,Night Owl,59,TikTok / Reels,91,1,0,38,48.8,4.77,23.6,18.6,4,6.4,Moderate Debt
USR-01321,25,Male,Corporate 9-to-5,Intermediate,64,Instagram / Reddit,38,0,128,23,54.3,6.03,18.8,16.3,3,5.2,Moderate Debt
USR-01322,23,Male,Student,Intermediate,52,Instagram / Reddit,41,1,0,63,34.2,6.48,28.0,20.8,2,1.3,Moderate Debt
USR-01323,50,Male,Student,Night Owl,96,YouTube,50,1,250,0,67.7,3.41,10.7,15.4,6,10.0,Severe Sleep Debt
USR-01324,25,Female,Corporate 9-to-5,Morning Lark,72,YouTube,88,1,0,59,46.9,6.8,24.3,16.4,2,2.0,Mild Deficit
USR-01325,61,Female,Corporate 9-to-5,Night Owl,103,YouTube,28,1,62,17,48.1,4.04,24.4,21.7,4,6.9,Moderate Debt
USR-01326,28,Male,Corporate 9-to-5,Morning Lark,56,YouTube,40,1,0,0,36.1,7.82,21.8,17.3,1,1.0,Optimal Recovery
USR-01327,23,Female,Remote Tech,Morning Lark,56,Streaming (Netflix/Hulu),69,1,0,45,21.9,9.13,20.9,19.1,0,1.0,Optimal Recovery
USR-01328,44,Male,Corporate 9-to-5,Morning Lark,91,Messaging / Chat,30,1,0,48,40.3,6.91,21.4,24.7,3,3.3,Mild Deficit
USR-01329,38,Male,Corporate 9-to-5,Night Owl,25,Streaming (Netflix/Hulu),38,0,23,30,24.7,4.77,23.3,21.2,4,5.3,Moderate Debt
USR-01330,32,Male,Student,Morning Lark,180,Instagram / Reddit,90,1,0,47,89.3,4.93,18.0,21.0,5,8.5,Moderate Debt
USR-01331,34,Female,Student,Night Owl,31,News / Reading,90,0,161,0,22.8,5.22,20.0,17.1,2,4.1,Moderate Debt
USR-01332,41,Male,Remote Tech,Night Owl,29,Instagram / Reddit,67,1,137,63,27.8,6.19,20.6,20.1,2,2.3,Moderate Debt
USR-01333,25,Female,Remote Tech,Intermediate,99,YouTube,62,0,0,10,48.4,5.71,20.5,21.2,3,4.4,Moderate Debt
USR-01334,65,Non-Binary,Remote Tech,Intermediate,76,Messaging / Chat,43,1,45,53,50.2,5.68,22.9,16.1,3,4.1,Moderate Debt
USR-01335,61,Female,Remote Tech,Night Owl,83,YouTube,55,0,0,36,44.6,4.97,24.2,19.3,3,5.1,Moderate Debt
USR-01336,38,Female,Freelance / Creative,Intermediate,57,TikTok / Reels,40,1,0,37,42.0,6.85,21.7,21.5,3,2.9,Mild Deficit
USR-01337,24,Male,Student,Morning Lark,26,Instagram / Reddit,85,0,30,0,43.8,8.18,21.9,20.5,1,1.0,Optimal Recovery
USR-01338,39,Female,Corporate 9-to-5,Intermediate,139,Messaging / Chat,58,1,100,76,67.9,5.58,23.1,21.9,5,6.9,Moderate Debt
USR-01339,20,Male,Remote Tech,Night Owl,97,TikTok / Reels,52,0,0,61,71.0,3.86,22.0,16.9,5,7.9,Moderate Debt
USR-01340,19,Male,Remote Tech,Night Owl,34,Instagram / Reddit,56,1,0,18,27.2,6.12,22.0,21.8,2,2.4,Moderate Debt
USR-01341,26,Male,Student,Morning Lark,91,YouTube,42,1,0,67,48.9,6.72,21.9,19.6,2,3.4,Moderate Debt
USR-01342,31,Non-Binary,Remote Tech,Morning Lark,36,Streaming (Netflix/Hulu),65,1,117,27,37.2,6.59,18.1,14.8,3,4.3,Moderate Debt
USR-01343,49,Female,Healthcare / Shift Worker,Night Owl,40,TikTok / Reels,51,0,0,26,23.3,3.81,20.1,17.9,5,6.1,Moderate Debt
USR-01344,41,Male,Student,Morning Lark,42,News / Reading,100,1,29,7,22.0,8.27,21.8,16.3,1,1.0,Optimal Recovery
USR-01345,42,Female,Remote Tech,Night Owl,32,Messaging / Chat,46,0,80,31,30.9,5.41,15.4,16.7,4,5.2,Moderate Debt
USR-01346,30,Female,Healthcare / Shift Worker,Morning Lark,56,Instagram / Reddit,72,0,0,34,31.0,6.13,19.1,20.0,4,3.4,Moderate Debt
USR-01347,28,Male,Student,Night Owl,97,Streaming (Netflix/Hulu),92,1,0,18,46.3,4.05,16.7,18.3,5,7.8,Moderate Debt
USR-01348,28,Female,Student,Night Owl,71,Streaming (Netflix/Hulu),10,1,78,51,41.4,6.36,18.8,20.4,2,3.5,Moderate Debt
USR-01349,63,Male,Freelance / Creative,Intermediate,83,Instagram / Reddit,46,0,0,69,46.4,5.91,22.8,20.5,2,3.2,Moderate Debt
USR-01350,19,Female,Corporate 9-to-5,Morning Lark,63,Messaging / Chat,86,1,0,51,41.4,6.58,24.4,20.8,3,3.5,Moderate Debt
USR-01351,49,Male,Corporate 9-to-5,Intermediate,10,News / Reading,10,0,79,0,21.9,9.8,21.9,15.2,0,1.0,Optimal Recovery
USR-01352,35,Non-Binary,Healthcare / Shift Worker,Intermediate,180,YouTube,79,0,0,3,102.9,3.31,17.6,18.3,7,10.0,Severe Sleep Debt
USR-01353,30,Female,Student,Intermediate,108,TikTok / Reels,62,1,0,40,64.8,5.88,17.4,16.0,3,5.3,Moderate Debt
USR-01354,41,Male,Freelance / Creative,Intermediate,65,YouTube,86,1,0,57,37.9,6.69,23.7,20.5,2,2.9,Moderate Debt
USR-01355,32,Male,Corporate 9-to-5,Morning Lark,23,Instagram / Reddit,49,0,0,30,16.6,9.38,22.4,12.9,0,1.0,Optimal Recovery
USR-01356,50,Female,Student,Intermediate,81,TikTok / Reels,60,0,0,37,58.7,5.04,22.1,19.4,4,6.7,Moderate Debt
USR-01357,52,Female,Corporate 9-to-5,Night Owl,53,TikTok / Reels,32,1,0,36,39.5,4.45,26.9,19.3,4,5.6,Moderate Debt
USR-01358,30,Male,Remote Tech,Intermediate,60,News / Reading,50,1,0,29,27.5,6.85,18.8,20.1,3,2.4,Mild Deficit
USR-01359,26,Female,Corporate 9-to-5,Intermediate,96,Instagram / Reddit,39,0,0,45,50.5,5.24,19.4,20.2,4,5.3,Moderate Debt
USR-01360,36,Female,Corporate 9-to-5,Intermediate,69,Messaging / Chat,43,0,43,42,36.8,6.87,22.1,18.7,3,3.4,Mild Deficit
USR-01361,53,Male,Corporate 9-to-5,Night Owl,121,News / Reading,58,1,0,57,47.6,4.39,21.6,21.7,5,6.7,Moderate Debt
USR-01362,24,Male,Student,Intermediate,39,TikTok / Reels,39,1,0,11,30.4,6.69,23.0,19.8,3,2.8,Moderate Debt
USR-01363,37,Male,Remote Tech,Morning Lark,15,Streaming (Netflix/Hulu),10,0,0,0,16.3,9.8,24.0,21.4,0,1.0,Optimal Recovery
USR-01364,37,Male,Corporate 9-to-5,Morning Lark,52,YouTube,60,0,0,35,25.2,8.16,23.3,21.7,2,1.0,Optimal Recovery
USR-01365,41,Male,Corporate 9-to-5,Night Owl,40,Instagram / Reddit,59,0,72,25,27.4,5.51,20.2,20.9,3,4.9,Moderate Debt
USR-01366,22,Female,Corporate 9-to-5,Night Owl,74,TikTok / Reels,70,1,0,21,70.4,3.49,19.0,17.4,5,9.7,Severe Sleep Debt
USR-01367,41,Female,Freelance / Creative,Intermediate,29,TikTok / Reels,55,0,45,16,32.9,6.92,28.0,19.9,1,1.0,Mild Deficit
USR-01368,53,Female,Corporate 9-to-5,Morning Lark,39,TikTok / Reels,33,1,79,57,36.4,8.14,26.3,15.7,1,1.0,Optimal Recovery
USR-01369,23,Male,Corporate 9-to-5,Intermediate,76,YouTube,86,0,0,32,43.2,6.84,16.4,18.9,2,2.4,Mild Deficit
USR-01370,25,Female,Healthcare / Shift Worker,Night Owl,45,Messaging / Chat,48,0,0,87,24.8,3.39,21.7,18.1,4,6.4,Moderate Debt
USR-01371,60,Female,Student,Intermediate,101,TikTok / Reels,36,1,61,29,59.7,6.96,19.7,15.1,2,3.5,Mild Deficit
USR-01372,23,Male,Student,Morning Lark,29,YouTube,84,1,0,20,47.0,7.86,21.2,19.3,2,1.0,Optimal Recovery
USR-01373,48,Female,Student,Intermediate,22,Streaming (Netflix/Hulu),89,0,0,56,21.5,8.9,24.0,21.4,0,1.0,Optimal Recovery
USR-01374,32,Female,Freelance / Creative,Night Owl,81,Instagram / Reddit,10,0,0,79,43.1,4.89,28.0,18.3,4,4.3,Moderate Debt
USR-01375,25,Male,Corporate 9-to-5,Morning Lark,19,Messaging / Chat,36,0,34,24,25.9,9.24,22.5,23.0,0,1.0,Optimal Recovery
USR-01376,50,Female,Freelance / Creative,Intermediate,11,TikTok / Reels,51,1,0,54,11.9,6.56,23.6,20.6,3,1.0,Moderate Debt
USR-01377,31,Female,Healthcare / Shift Worker,Intermediate,22,TikTok / Reels,61,1,93,7,35.2,5.56,17.5,18.0,2,3.8,Moderate Debt
USR-01378,33,Female,Remote Tech,Intermediate,105,YouTube,68,1,20,29,66.4,4.52,18.8,17.7,5,8.6,Severe Sleep Debt
USR-01379,28,Male,Student,Intermediate,35,YouTube,100,0,237,11,44.8,6.84,17.6,14.8,2,5.2,Mild Deficit
USR-01380,36,Male,Student,Intermediate,41,YouTube,33,1,0,45,34.6,6.54,21.7,20.4,2,2.6,Moderate Debt
USR-01381,23,Female,Corporate 9-to-5,Morning Lark,85,TikTok / Reels,58,0,0,30,56.4,6.31,19.5,18.9,3,4.1,Moderate Debt
USR-01382,29,Male,Corporate 9-to-5,Morning Lark,96,Streaming (Netflix/Hulu),26,0,71,20,51.4,6.55,20.4,17.4,4,4.4,Moderate Debt
USR-01383,60,Female,Freelance / Creative,Intermediate,86,YouTube,60,0,0,58,52.9,6.02,23.5,18.9,4,5.1,Moderate Debt
USR-01384,26,Male,Remote Tech,Morning Lark,81,YouTube,88,1,20,9,45.4,6.56,22.5,19.1,3,3.5,Moderate Debt
USR-01385,38,Female,Remote Tech,Intermediate,33,News / Reading,10,1,0,81,16.7,8.4,27.2,22.1,1,1.0,Optimal Recovery
USR-01386,27,Male,Student,Intermediate,57,Instagram / Reddit,26,1,146,48,44.3,6.02,18.6,14.9,4,4.8,Moderate Debt
USR-01387,43,Male,Remote Tech,Morning Lark,19,Instagram / Reddit,71,1,0,57,25.4,7.69,20.8,19.6,2,1.0,Mild Deficit
USR-01388,22,Male,Corporate 9-to-5,Intermediate,42,TikTok / Reels,71,0,0,63,31.2,7.01,20.4,18.0,2,1.0,Mild Deficit
USR-01389,60,Female,Student,Intermediate,14,Instagram / Reddit,38,0,0,54,24.0,7.65,20.6,22.8,1,1.0,Mild Deficit
USR-01390,31,Female,Student,Intermediate,101,Streaming (Netflix/Hulu),71,1,0,0,55.8,6.33,21.7,17.4,3,5.1,Moderate Debt
USR-01391,25,Male,Corporate 9-to-5,Intermediate,41,Streaming (Netflix/Hulu),81,0,250,0,59.6,7.36,12.5,11.9,4,4.8,Mild Deficit
USR-01392,20,Female,Freelance / Creative,Night Owl,56,Instagram / Reddit,66,0,122,13,38.3,4.13,22.0,17.3,5,7.4,Moderate Debt
USR-01393,23,Male,Corporate 9-to-5,Intermediate,37,Instagram / Reddit,84,0,0,25,27.6,6.64,20.3,21.2,1,1.1,Moderate Debt
USR-01394,33,Male,Remote Tech,Intermediate,109,TikTok / Reels,61,1,0,65,65.9,5.89,23.8,14.9,3,4.6,Moderate Debt
USR-01395,28,Male,Corporate 9-to-5,Morning Lark,18,TikTok / Reels,50,0,0,4,31.6,7.75,20.2,20.0,1,1.0,Optimal Recovery
USR-01396,46,Female,Student,Morning Lark,23,Streaming (Netflix/Hulu),61,1,0,13,22.0,9.8,21.7,23.5,0,1.0,Optimal Recovery
USR-01397,30,Male,Remote Tech,Morning Lark,55,YouTube,72,0,0,22,40.2,8.28,20.8,17.4,0,1.0,Optimal Recovery
USR-01398,25,Male,Remote Tech,Night Owl,57,Streaming (Netflix/Hulu),23,1,0,37,30.6,4.54,23.7,23.0,4,4.7,Moderate Debt
USR-01399,36,Male,Healthcare / Shift Worker,Intermediate,101,Instagram / Reddit,60,0,0,47,52.9,4.53,19.7,16.0,4,7.3,Moderate Debt
USR-01400,40,Female,Corporate 9-to-5,Morning Lark,63,Instagram / Reddit,52,1,0,13,40.0,8.02,16.8,19.1,2,1.3,Optimal Recovery
USR-01401,23,Female,Healthcare / Shift Worker,Night Owl,57,Instagram / Reddit,44,0,0,70,44.8,4.23,23.2,19.6,5,6.8,Moderate Debt
USR-01402,23,Female,Remote Tech,Morning Lark,31,Instagram / Reddit,32,0,141,47,49.9,6.16,19.4,15.6,3,4.3,Moderate Debt
USR-01403,19,Female,Freelance / Creative,Morning Lark,109,Instagram / Reddit,17,0,0,41,51.9,6.51,26.5,19.9,3,3.6,Moderate Debt
USR-01404,41,Male,Remote Tech,Intermediate,47,Streaming (Netflix/Hulu),45,1,167,38,38.2,6.8,21.4,19.0,4,3.9,Mild Deficit
USR-01405,38,Male,Corporate 9-to-5,Intermediate,33,Instagram / Reddit,43,0,0,2,29.0,7.94,25.5,21.2,1,1.0,Optimal Recovery
USR-01406,31,Female,Corporate 9-to-5,Intermediate,29,News / Reading,74,0,0,32,24.6,7.44,21.3,21.9,2,1.1,Mild Deficit
USR-01407,48,Male,Healthcare / Shift Worker,Intermediate,56,Messaging / Chat,78,0,0,37,33.3,4.66,24.5,17.8,4,5.8,Moderate Debt
USR-01408,45,Female,Healthcare / Shift Worker,Intermediate,17,YouTube,38,0,74,53,32.2,5.09,19.6,14.3,5,6.1,Moderate Debt
USR-01409,35,Female,Corporate 9-to-5,Night Owl,18,Messaging / Chat,38,0,70,52,30.1,5.33,26.3,18.5,1,4.1,Moderate Debt
USR-01410,49,Female,Student,Night Owl,18,Messaging / Chat,44,1,117,67,22.5,6.25,18.1,18.3,2,3.1,Moderate Debt
USR-01411,24,Female,Remote Tech,Night Owl,146,Instagram / Reddit,77,0,0,41,85.0,3.2,20.6,20.2,7,10.0,Severe Sleep Debt
USR-01412,21,Male,Freelance / Creative,Night Owl,125,YouTube,42,0,0,8,62.3,3.2,11.5,21.6,5,10.0,Severe Sleep Debt
USR-01413,26,Female,Freelance / Creative,Intermediate,27,Instagram / Reddit,94,1,0,61,19.7,7.25,20.5,18.9,2,1.5,Mild Deficit
USR-01414,20,Male,Freelance / Creative,Intermediate,64,TikTok / Reels,58,0,0,72,54.6,6.44,23.6,15.7,3,4.0,Moderate Debt
USR-01415,33,Female,Healthcare / Shift Worker,Intermediate,83,TikTok / Reels,64,1,250,48,78.6,3.51,17.0,15.9,7,10.0,Severe Sleep Debt
USR-01416,56,Male,Freelance / Creative,Night Owl,70,Messaging / Chat,46,1,74,71,41.4,4.08,24.4,17.2,5,8.2,Moderate Debt
USR-01417,19,Female,Corporate 9-to-5,Intermediate,22,YouTube,87,0,41,41,30.9,7.13,25.3,19.1,2,2.4,Mild Deficit
USR-01418,22,Female,Healthcare / Shift Worker,Morning Lark,30,TikTok / Reels,64,0,57,26,29.0,7.02,21.0,16.9,2,3.1,Mild Deficit
USR-01419,31,Female,Student,Night Owl,63,Instagram / Reddit,45,1,21,23,44.2,5.24,21.9,15.6,3,5.0,Moderate Debt
USR-01420,56,Female,Freelance / Creative,Night Owl,18,YouTube,29,0,40,5,26.1,5.48,24.2,19.7,3,3.2,Moderate Debt
USR-01421,27,Female,Remote Tech,Night Owl,104,Streaming (Netflix/Hulu),69,0,0,31,54.7,3.92,17.4,22.1,6,10.0,Severe Sleep Debt
USR-01422,33,Male,Corporate 9-to-5,Morning Lark,21,Instagram / Reddit,42,1,101,8,27.7,7.76,16.0,18.1,2,1.1,Optimal Recovery
USR-01423,19,Male,Remote Tech,Intermediate,59,YouTube,51,0,115,89,41.7,6.79,18.9,19.9,3,2.9,Mild Deficit
USR-01424,22,Male,Student,Intermediate,91,TikTok / Reels,36,1,0,16,63.9,4.36,20.2,15.2,6,8.6,Severe Sleep Debt
USR-01425,63,Male,Corporate 9-to-5,Intermediate,97,Messaging / Chat,37,1,0,59,43.7,6.1,23.6,21.9,1,3.0,Moderate Debt
USR-01426,59,Female,Remote Tech,Morning Lark,98,News / Reading,43,1,0,3,42.0,7.39,18.7,22.4,1,1.0,Mild Deficit
USR-01427,18,Female,Remote Tech,Intermediate,31,Instagram / Reddit,54,1,207,25,37.8,7.46,16.8,14.4,1,2.5,Mild Deficit
USR-01428,58,Non-Binary,Remote Tech,Morning Lark,34,Instagram / Reddit,31,0,134,30,50.5,7.33,17.9,18.1,2,2.9,Mild Deficit
USR-01429,37,Male,Remote Tech,Intermediate,67,Messaging / Chat,50,1,60,28,46.4,6.58,18.8,21.4,3,3.9,Moderate Debt
USR-01430,49,Male,Corporate 9-to-5,Night Owl,81,YouTube,41,1,52,34,44.0,4.79,17.0,20.0,5,7.3,Moderate Debt
USR-01431,31,Male,Freelance / Creative,Night Owl,79,TikTok / Reels,53,0,0,56,64.9,5.72,24.4,17.9,5,6.8,Moderate Debt
USR-01432,33,Female,Student,Morning Lark,85,Instagram / Reddit,73,0,0,72,46.4,6.96,22.0,17.7,3,3.7,Mild Deficit
USR-01433,32,Female,Corporate 9-to-5,Intermediate,73,YouTube,59,0,49,41,44.9,7.09,22.3,20.7,3,2.5,Mild Deficit
USR-01434,38,Female,Student,Morning Lark,64,YouTube,43,1,0,31,45.2,7.93,24.2,18.9,1,1.0,Optimal Recovery
USR-01435,22,Female,Student,Morning Lark,33,YouTube,54,1,0,13,22.2,8.9,21.1,22.9,0,1.0,Optimal Recovery
USR-01436,19,Female,Corporate 9-to-5,Night Owl,66,YouTube,67,1,0,32,31.2,5.52,23.3,18.4,2,2.7,Moderate Debt
USR-01437,27,Female,Remote Tech,Night Owl,136,Streaming (Netflix/Hulu),69,1,0,4,56.7,3.66,21.7,17.9,5,8.2,Moderate Debt
USR-01438,40,Male,Student,Night Owl,43,YouTube,59,1,56,30,29.4,5.84,19.6,18.3,2,3.3,Moderate Debt
USR-01439,24,Male,Remote Tech,Intermediate,40,News / Reading,91,1,125,88,25.0,8.28,20.9,19.1,0,1.0,Optimal Recovery
USR-01440,39,Male,Student,Night Owl,77,YouTube,37,0,0,74,31.8,3.21,27.9,19.6,4,6.3,Moderate Debt
USR-01441,60,Male,Remote Tech,Morning Lark,21,Instagram / Reddit,66,0,0,42,16.5,8.32,22.3,16.3,0,1.0,Optimal Recovery
USR-01442,21,Female,Corporate 9-to-5,Morning Lark,59,TikTok / Reels,54,0,0,58,41.3,8.16,24.4,16.4,3,1.0,Optimal Recovery
USR-01443,39,Female,Freelance / Creative,Morning Lark,102,Instagram / Reddit,75,0,0,22,60.9,6.85,20.5,19.6,3,4.2,Mild Deficit
USR-01444,30,Male,Corporate 9-to-5,Night Owl,59,News / Reading,55,0,0,17,33.3,5.16,19.4,21.6,2,5.3,Moderate Debt
USR-01445,49,Female,Student,Morning Lark,59,Streaming (Netflix/Hulu),97,1,0,17,33.5,7.16,19.3,21.7,0,1.1,Mild Deficit
USR-01446,23,Female,Corporate 9-to-5,Morning Lark,9,TikTok / Reels,57,1,26,31,16.3,7.72,26.9,15.2,0,1.0,Mild Deficit
USR-01447,39,Female,Corporate 9-to-5,Intermediate,44,Instagram / Reddit,70,0,0,58,28.1,6.62,19.9,20.5,2,2.3,Moderate Debt
USR-01448,47,Female,Remote Tech,Morning Lark,26,Instagram / Reddit,51,1,20,10,32.8,8.21,24.0,17.0,1,1.0,Optimal Recovery
USR-01449,57,Male,Corporate 9-to-5,Morning Lark,20,TikTok / Reels,62,0,0,48,23.2,8.06,21.1,19.8,1,1.0,Optimal Recovery
USR-01450,39,Female,Remote Tech,Morning Lark,49,Messaging / Chat,43,0,54,54,24.9,8.78,21.8,19.3,0,1.0,Optimal Recovery
USR-01451,32,Male,Corporate 9-to-5,Morning Lark,81,YouTube,64,0,44,40,49.7,7.55,20.6,19.1,3,3.4,Mild Deficit
USR-01452,36,Male,Remote Tech,Intermediate,47,Instagram / Reddit,16,1,0,20,29.1,8.5,20.1,20.9,1,1.0,Optimal Recovery
USR-01453,50,Female,Student,Intermediate,92,YouTube,44,0,0,44,55.4,6.09,20.5,16.2,4,4.8,Moderate Debt
USR-01454,35,Female,Corporate 9-to-5,Morning Lark,80,TikTok / Reels,41,0,57,39,57.9,6.33,19.1,14.2,3,4.2,Moderate Debt
USR-01455,19,Female,Healthcare / Shift Worker,Morning Lark,35,Messaging / Chat,93,0,0,51,22.8,6.46,24.1,21.6,2,1.8,Moderate Debt
USR-01456,55,Female,Corporate 9-to-5,Night Owl,38,TikTok / Reels,40,0,53,61,30.9,5.92,23.8,17.9,3,3.2,Moderate Debt
USR-01457,39,Male,Corporate 9-to-5,Intermediate,12,YouTube,45,0,0,9,17.1,8.25,22.3,18.3,1,1.0,Optimal Recovery
USR-01458,39,Male,Student,Intermediate,165,Streaming (Netflix/Hulu),40,1,0,45,62.9,4.67,20.6,18.0,5,7.7,Moderate Debt
USR-01459,24,Male,Remote Tech,Intermediate,27,TikTok / Reels,63,0,114,48,31.0,7.34,21.1,14.6,2,1.2,Mild Deficit
USR-01460,38,Female,Remote Tech,Morning Lark,60,Instagram / Reddit,48,1,110,46,43.9,7.93,22.7,18.9,2,1.0,Optimal Recovery
USR-01461,29,Male,Corporate 9-to-5,Night Owl,49,YouTube,46,0,38,46,32.7,4.84,23.8,18.9,3,4.7,Moderate Debt
USR-01462,38,Male,Healthcare / Shift Worker,Intermediate,132,News / Reading,98,0,34,28,52.4,3.44,17.9,16.6,5,10.0,Severe Sleep Debt
USR-01463,21,Female,Student,Morning Lark,65,Instagram / Reddit,58,1,0,12,46.5,7.78,19.6,18.9,1,1.0,Optimal Recovery
USR-01464,38,Male,Corporate 9-to-5,Intermediate,53,News / Reading,69,0,87,1,34.7,6.99,20.0,18.9,1,2.3,Mild Deficit
USR-01465,65,Female,Remote Tech,Intermediate,113,Streaming (Netflix/Hulu),63,1,32,58,52.0,4.58,23.0,19.9,4,5.2,Moderate Debt
USR-01466,19,Male,Healthcare / Shift Worker,Morning Lark,60,TikTok / Reels,38,1,38,35,39.1,6.34,20.9,18.5,2,3.8,Moderate Debt
USR-01467,61,Male,Remote Tech,Night Owl,29,YouTube,43,1,0,43,28.6,5.9,24.9,17.3,3,2.9,Moderate Debt
USR-01468,29,Female,Corporate 9-to-5,Night Owl,74,Streaming (Netflix/Hulu),33,0,0,39,38.4,4.9,21.7,21.2,4,5.0,Moderate Debt
USR-01469,50,Male,Remote Tech,Morning Lark,19,Instagram / Reddit,30,1,0,31,15.5,8.92,21.1,16.1,0,1.0,Optimal Recovery
USR-01470,44,Female,Corporate 9-to-5,Intermediate,26,YouTube,56,0,0,59,13.8,7.37,26.5,20.2,1,1.0,Mild Deficit
USR-01471,35,Female,Remote Tech,Night Owl,40,News / Reading,57,0,213,28,37.8,5.14,21.0,15.1,4,6.1,Moderate Debt
USR-01472,42,Non-Binary,Healthcare / Shift Worker,Morning Lark,22,TikTok / Reels,52,1,20,51,20.5,6.98,24.1,20.5,1,1.0,Mild Deficit
USR-01473,50,Male,Remote Tech,Intermediate,43,Instagram / Reddit,63,1,0,33,36.0,6.73,19.9,19.8,2,2.0,Moderate Debt
USR-01474,29,Female,Remote Tech,Intermediate,6,Instagram / Reddit,52,1,20,0,9.0,8.85,21.8,23.5,0,1.0,Optimal Recovery
USR-01475,27,Female,Freelance / Creative,Intermediate,59,Instagram / Reddit,80,0,0,22,36.8,6.66,16.1,17.0,2,2.8,Moderate Debt
USR-01476,38,Female,Remote Tech,Night Owl,72,YouTube,45,1,28,60,34.8,4.89,25.6,21.3,3,4.9,Moderate Debt
USR-01477,45,Female,Remote Tech,Night Owl,36,Instagram / Reddit,75,1,0,15,28.8,6.53,21.7,18.2,3,3.3,Moderate Debt
USR-01478,43,Male,Corporate 9-to-5,Night Owl,14,TikTok / Reels,70,0,0,50,23.9,6.6,23.3,18.8,2,1.0,Moderate Debt
USR-01479,44,Male,Student,Intermediate,52,Instagram / Reddit,10,0,0,43,33.9,7.11,27.2,20.2,2,1.6,Mild Deficit
USR-01480,30,Male,Remote Tech,Night Owl,80,Streaming (Netflix/Hulu),25,0,0,37,27.5,5.83,18.9,19.8,3,3.7,Moderate Debt
USR-01481,46,Female,Remote Tech,Morning Lark,18,Messaging / Chat,21,0,55,39,44.2,8.64,18.9,17.3,2,1.0,Optimal Recovery
USR-01482,22,Male,Freelance / Creative,Intermediate,180,TikTok / Reels,61,1,0,49,102.8,3.93,20.6,14.7,7,10.0,Severe Sleep Debt
USR-01483,34,Female,Healthcare / Shift Worker,Morning Lark,60,Messaging / Chat,33,0,20,42,33.8,5.93,25.3,23.7,2,4.1,Moderate Debt
USR-01484,18,Male,Student,Intermediate,82,Instagram / Reddit,76,1,20,12,64.2,5.59,23.8,19.6,2,4.6,Moderate Debt
USR-01485,27,Male,Remote Tech,Morning Lark,180,Instagram / Reddit,33,1,154,60,95.7,3.71,22.4,13.7,6,10.0,Severe Sleep Debt
USR-01486,28,Male,Remote Tech,Night Owl,69,YouTube,59,1,92,77,57.3,3.76,21.0,15.7,5,8.7,Severe Sleep Debt
USR-01487,29,Female,Corporate 9-to-5,Intermediate,29,TikTok / Reels,35,1,0,6,30.7,7.04,26.1,16.0,1,1.1,Mild Deficit
USR-01488,40,Female,Corporate 9-to-5,Morning Lark,33,Streaming (Netflix/Hulu),66,0,0,24,25.7,8.68,24.2,22.4,0,1.0,Optimal Recovery
USR-01489,29,Female,Student,Night Owl,99,News / Reading,49,1,0,71,34.6,4.59,20.9,16.7,4,6.3,Moderate Debt
USR-01490,31,Male,Remote Tech,Night Owl,88,Instagram / Reddit,46,1,0,23,55.9,3.85,18.7,18.7,5,7.5,Moderate Debt
USR-01491,25,Female,Healthcare / Shift Worker,Intermediate,100,Messaging / Chat,41,0,0,46,44.8,4.27,25.5,20.6,5,6.7,Moderate Debt
USR-01492,29,Female,Corporate 9-to-5,Morning Lark,77,YouTube,33,0,0,33,43.9,6.87,19.3,22.7,4,3.7,Mild Deficit
USR-01493,25,Female,Remote Tech,Night Owl,70,Streaming (Netflix/Hulu),62,1,122,65,43.2,4.65,19.4,14.8,4,6.7,Moderate Debt
USR-01494,20,Male,Student,Night Owl,7,TikTok / Reels,41,0,0,29,6.0,6.3,25.6,18.5,1,1.0,Moderate Debt
USR-01495,36,Female,Remote Tech,Intermediate,84,Streaming (Netflix/Hulu),100,1,49,0,36.6,6.14,19.1,21.2,4,3.8,Moderate Debt
USR-01496,38,Male,Healthcare / Shift Worker,Intermediate,68,Messaging / Chat,87,0,0,49,44.1,4.58,24.3,21.6,5,7.0,Moderate Debt
USR-01497,37,Male,Freelance / Creative,Intermediate,24,Messaging / Chat,50,1,89,60,25.5,7.32,22.6,14.5,1,1.0,Mild Deficit
USR-01498,31,Male,Corporate 9-to-5,Night Owl,33,Messaging / Chat,47,1,20,44,21.3,4.47,26.0,17.9,3,3.7,Moderate Debt
USR-01499,29,Female,Corporate 9-to-5,Intermediate,91,TikTok / Reels,51,0,38,18,70.6,4.62,14.5,15.9,5,8.5,Moderate Debt
USR-01500,49,Female,Corporate 9-to-5,Morning Lark,180,Instagram / Reddit,85,0,0,29,115.7,4.12,15.1,16.8,6,10.0,Severe Sleep Debt
USR-01501,33,Female,Student,Night Owl,102,YouTube,97,1,43,41,58.6,4.65,21.3,19.8,4,7.1,Moderate Debt
USR-01502,32,Female,Remote Tech,Morning Lark,139,YouTube,16,1,0,49,64.8,5.3,26.3,21.3,5,6.0,Moderate Debt
USR-01503,18,Female,Student,Night Owl,17,TikTok / Reels,82,1,0,53,26.6,5.41,21.7,17.5,4,3.2,Moderate Debt
USR-01504,28,Male,Remote Tech,Intermediate,106,TikTok / Reels,49,0,20,31,70.4,5.37,21.4,15.5,5,8.2,Moderate Debt
USR-01505,29,Female,Student,Intermediate,86,Instagram / Reddit,39,0,0,46,52.8,6.25,22.8,19.7,5,4.4,Moderate Debt
USR-01506,29,Male,Student,Morning Lark,65,Instagram / Reddit,77,1,94,20,49.3,6.68,17.7,15.6,2,5.4,Moderate Debt
USR-01507,35,Female,Remote Tech,Night Owl,38,YouTube,57,1,0,71,27.7,5.83,27.2,19.5,3,2.5,Moderate Debt
USR-01508,33,Male,Remote Tech,Night Owl,72,Streaming (Netflix/Hulu),82,1,0,0,35.5,4.7,20.9,22.4,4,4.9,Moderate Debt
USR-01509,36,Male,Corporate 9-to-5,Night Owl,94,YouTube,74,0,133,76,64.0,3.86,19.6,17.1,5,9.8,Severe Sleep Debt
USR-01510,43,Male,Remote Tech,Intermediate,55,YouTube,62,1,250,2,58.3,6.98,13.0,14.3,3,4.9,Mild Deficit
USR-01511,45,Male,Remote Tech,Morning Lark,32,Streaming (Netflix/Hulu),87,0,68,24,36.7,7.74,23.1,19.0,2,1.0,Mild Deficit
USR-01512,41,Male,Remote Tech,Intermediate,126,YouTube,52,1,0,1,66.0,5.74,20.6,21.1,4,5.3,Moderate Debt
USR-01513,58,Male,Freelance / Creative,Intermediate,44,Instagram / Reddit,33,0,0,47,28.3,7.82,19.9,16.6,2,1.0,Optimal Recovery
USR-01514,18,Female,Freelance / Creative,Intermediate,66,TikTok / Reels,93,0,0,44,47.2,6.8,25.8,19.7,3,2.6,Mild Deficit
USR-01515,24,Female,Healthcare / Shift Worker,Night Owl,10,Instagram / Reddit,50,1,58,22,29.3,3.63,17.8,20.0,5,7.9,Moderate Debt
USR-01516,18,Female,Remote Tech,Intermediate,30,TikTok / Reels,58,0,106,5,44.3,7.28,18.8,15.7,3,3.6,Mild Deficit
USR-01517,38,Female,Student,Night Owl,108,TikTok / Reels,44,0,75,56,79.8,3.85,17.8,16.7,6,9.6,Severe Sleep Debt
USR-01518,52,Female,Remote Tech,Night Owl,103,YouTube,57,1,0,29,48.2,4.54,19.8,18.6,4,6.6,Moderate Debt
USR-01519,25,Female,Corporate 9-to-5,Morning Lark,72,Instagram / Reddit,61,0,179,37,64.0,7.83,13.7,17.2,2,3.1,Optimal Recovery
USR-01520,55,Female,Corporate 9-to-5,Night Owl,12,TikTok / Reels,33,0,50,14,18.4,7.05,24.8,19.0,2,1.2,Mild Deficit
USR-01521,20,Female,Corporate 9-to-5,Intermediate,33,TikTok / Reels,33,0,0,51,33.5,8.28,25.9,19.9,2,1.0,Optimal Recovery
USR-01522,56,Female,Corporate 9-to-5,Night Owl,162,TikTok / Reels,37,0,20,28,102.0,3.2,22.1,17.5,7,10.0,Severe Sleep Debt
USR-01523,28,Male,Remote Tech,Intermediate,56,YouTube,52,0,78,41,41.6,7.16,20.3,18.9,2,2.2,Mild Deficit
USR-01524,21,Female,Freelance / Creative,Intermediate,92,TikTok / Reels,64,0,30,19,63.8,5.89,21.0,16.9,2,5.5,Moderate Debt
USR-01525,32,Male,Corporate 9-to-5,Morning Lark,32,YouTube,81,1,0,45,38.6,7.64,21.6,19.4,2,1.0,Mild Deficit
USR-01526,26,Female,Freelance / Creative,Night Owl,55,News / Reading,100,0,51,31,36.5,4.82,23.7,23.1,4,6.7,Moderate Debt
USR-01527,26,Male,Corporate 9-to-5,Night Owl,33,TikTok / Reels,59,0,30,0,38.2,6.36,22.6,19.0,3,2.2,Moderate Debt
USR-01528,27,Male,Corporate 9-to-5,Morning Lark,42,YouTube,46,1,0,43,29.2,7.28,27.1,21.5,3,1.0,Mild Deficit
USR-01529,45,Male,Remote Tech,Night Owl,29,News / Reading,10,0,20,49,25.4,5.44,28.0,21.7,3,3.6,Moderate Debt
USR-01530,34,Male,Student,Intermediate,47,TikTok / Reels,60,0,0,13,36.2,6.93,19.1,16.3,2,1.0,Mild Deficit
USR-01531,27,Female,Corporate 9-to-5,Night Owl,49,Instagram / Reddit,52,0,0,66,39.3,4.63,21.7,19.9,2,3.5,Moderate Debt
USR-01532,36,Non-Binary,Corporate 9-to-5,Morning Lark,85,YouTube,48,1,34,12,40.9,6.89,18.2,22.5,3,4.3,Mild Deficit
USR-01533,41,Male,Remote Tech,Intermediate,14,News / Reading,42,0,0,46,6.3,7.18,24.9,21.7,0,1.0,Mild Deficit
USR-01534,26,Male,Corporate 9-to-5,Intermediate,21,Messaging / Chat,42,1,0,73,18.6,8.22,23.8,17.1,1,1.0,Optimal Recovery
USR-01535,30,Male,Student,Morning Lark,55,YouTube,62,0,0,78,24.0,8.6,22.2,20.2,1,1.0,Optimal Recovery
USR-01536,22,Female,Remote Tech,Intermediate,23,TikTok / Reels,68,1,0,11,32.6,6.99,22.6,15.8,1,1.9,Mild Deficit
USR-01537,23,Male,Corporate 9-to-5,Intermediate,25,YouTube,54,0,0,52,21.6,8.4,21.1,21.0,1,1.0,Optimal Recovery
USR-01538,39,Female,Healthcare / Shift Worker,Morning Lark,137,News / Reading,71,1,0,25,53.0,6.09,23.4,19.2,3,4.4,Moderate Debt
USR-01539,23,Male,Corporate 9-to-5,Intermediate,82,TikTok / Reels,81,1,94,14,68.8,4.82,11.2,18.3,4,9.2,Severe Sleep Debt
USR-01540,33,Female,Student,Night Owl,47,News / Reading,53,0,0,41,34.5,5.75,20.6,22.6,2,4.0,Moderate Debt
USR-01541,40,Male,Student,Intermediate,31,Messaging / Chat,79,0,55,57,22.7,7.62,21.3,18.2,0,1.0,Mild Deficit
USR-01542,21,Female,Freelance / Creative,Morning Lark,143,TikTok / Reels,36,0,0,33,78.8,5.72,23.1,17.9,5,5.9,Moderate Debt
USR-01543,35,Female,Remote Tech,Intermediate,18,Messaging / Chat,61,1,0,2,37.6,6.0,20.8,19.1,3,4.9,Moderate Debt
USR-01544,26,Male,Student,Intermediate,99,TikTok / Reels,47,1,42,6,61.5,6.52,28.0,16.8,3,4.3,Moderate Debt
USR-01545,59,Male,Corporate 9-to-5,Night Owl,149,Instagram / Reddit,65,1,46,52,77.1,3.2,22.4,17.0,5,10.0,Severe Sleep Debt
USR-01546,32,Male,Student,Night Owl,55,YouTube,12,0,0,46,29.6,5.62,22.9,21.0,3,3.8,Moderate Debt
USR-01547,45,Female,Remote Tech,Morning Lark,69,Instagram / Reddit,79,1,0,46,44.9,6.7,23.1,17.5,2,2.1,Moderate Debt
USR-01548,34,Female,Remote Tech,Intermediate,72,Instagram / Reddit,54,1,108,7,53.3,5.93,17.9,17.2,3,5.1,Moderate Debt
USR-01549,19,Male,Healthcare / Shift Worker,Night Owl,84,YouTube,64,0,80,21,57.7,3.34,18.0,20.0,7,10.0,Severe Sleep Debt
USR-01550,37,Non-Binary,Corporate 9-to-5,Night Owl,64,Streaming (Netflix/Hulu),39,1,0,22,29.4,5.22,24.0,20.4,3,3.8,Moderate Debt
USR-01551,58,Male,Healthcare / Shift Worker,Intermediate,68,Streaming (Netflix/Hulu),88,0,0,8,44.2,3.81,22.3,20.2,5,9.2,Severe Sleep Debt
USR-01552,36,Female,Healthcare / Shift Worker,Morning Lark,30,News / Reading,62,1,0,38,22.4,7.13,19.6,19.9,2,1.4,Mild Deficit
USR-01553,46,Male,Remote Tech,Intermediate,11,Streaming (Netflix/Hulu),47,1,0,19,15.1,7.81,19.9,20.9,1,1.0,Optimal Recovery
USR-01554,51,Female,Remote Tech,Morning Lark,95,Streaming (Netflix/Hulu),13,1,176,30,50.9,5.8,20.1,14.7,4,5.4,Moderate Debt
USR-01555,25,Male,Remote Tech,Night Owl,21,YouTube,48,1,0,17,13.4,6.66,23.0,21.3,2,1.7,Moderate Debt
USR-01556,24,Female,Freelance / Creative,Morning Lark,131,TikTok / Reels,10,1,0,9,72.5,6.34,22.5,15.9,4,4.6,Moderate Debt
USR-01557,36,Female,Corporate 9-to-5,Morning Lark,49,TikTok / Reels,58,1,0,8,40.6,8.37,23.5,17.6,3,1.0,Optimal Recovery
USR-01558,29,Male,Remote Tech,Intermediate,171,YouTube,67,1,20,16,65.5,3.68,20.6,19.9,6,9.0,Severe Sleep Debt
USR-01559,47,Male,Student,Intermediate,68,Streaming (Netflix/Hulu),69,0,0,42,36.4,6.51,25.2,19.5,2,2.2,Moderate Debt
USR-01560,52,Female,Freelance / Creative,Intermediate,40,Streaming (Netflix/Hulu),38,1,60,15,26.1,6.42,23.8,18.9,2,2.5,Moderate Debt
USR-01561,28,Female,Healthcare / Shift Worker,Intermediate,81,Messaging / Chat,42,1,0,38,46.6,5.01,23.2,19.2,4,4.4,Moderate Debt
USR-01562,25,Female,Student,Night Owl,159,YouTube,53,1,118,60,87.0,3.2,21.0,14.6,7,10.0,Severe Sleep Debt
USR-01563,44,Male,Corporate 9-to-5,Intermediate,58,Streaming (Netflix/Hulu),44,1,0,36,41.3,7.28,23.7,19.5,1,1.0,Mild Deficit
USR-01564,26,Female,Remote Tech,Intermediate,56,Streaming (Netflix/Hulu),22,1,0,6,22.6,8.64,22.4,22.5,1,1.0,Optimal Recovery
USR-01565,46,Female,Corporate 9-to-5,Intermediate,53,Instagram / Reddit,43,0,0,23,28.6,7.37,23.0,23.6,1,1.0,Mild Deficit
USR-01566,30,Male,Healthcare / Shift Worker,Intermediate,39,Instagram / Reddit,63,1,0,59,33.8,4.87,24.6,21.8,3,3.9,Moderate Debt
USR-01567,38,Male,Student,Intermediate,64,News / Reading,46,0,20,35,53.5,6.31,21.7,25.2,3,4.3,Moderate Debt
USR-01568,21,Male,Student,Intermediate,70,YouTube,50,1,25,18,35.8,6.28,23.2,15.8,4,3.4,Moderate Debt
USR-01569,37,Female,Student,Night Owl,170,Messaging / Chat,45,1,0,23,72.2,3.2,18.3,18.0,7,10.0,Severe Sleep Debt
USR-01570,31,Male,Remote Tech,Intermediate,40,News / Reading,100,0,0,66,33.4,7.54,20.3,20.9,1,1.0,Mild Deficit
USR-01571,35,Male,Corporate 9-to-5,Night Owl,141,Instagram / Reddit,58,0,0,57,76.6,3.2,26.9,21.2,6,9.7,Severe Sleep Debt
USR-01572,23,Male,Corporate 9-to-5,Intermediate,73,TikTok / Reels,59,1,100,33,46.2,5.61,21.0,17.9,4,5.1,Moderate Debt
USR-01573,41,Male,Corporate 9-to-5,Intermediate,81,Messaging / Chat,44,0,107,31,48.2,7.1,20.4,14.8,1,3.0,Mild Deficit
USR-01574,49,Female,Student,Intermediate,36,Messaging / Chat,64,1,0,43,28.6,7.82,23.9,19.1,3,1.0,Optimal Recovery
USR-01575,24,Non-Binary,Corporate 9-to-5,Morning Lark,50,TikTok / Reels,57,0,0,21,25.2,8.86,23.8,18.9,0,1.0,Optimal Recovery
USR-01576,21,Female,Student,Intermediate,44,YouTube,20,1,0,56,25.0,6.71,24.4,21.4,2,2.1,Moderate Debt
USR-01577,18,Female,Student,Intermediate,86,YouTube,85,0,0,37,54.9,6.02,24.2,20.3,4,5.3,Moderate Debt
USR-01578,37,Female,Remote Tech,Morning Lark,27,Messaging / Chat,53,0,0,9,26.1,8.78,19.4,18.3,1,1.0,Optimal Recovery
USR-01579,36,Female,Corporate 9-to-5,Intermediate,26,YouTube,66,1,0,55,23.6,6.67,19.8,18.9,4,3.7,Moderate Debt
USR-01580,34,Non-Binary,Corporate 9-to-5,Intermediate,9,Instagram / Reddit,42,1,48,15,11.5,7.23,22.9,17.8,0,1.0,Mild Deficit
USR-01581,25,Male,Corporate 9-to-5,Night Owl,81,Instagram / Reddit,64,0,0,0,55.4,5.84,18.5,19.3,3,4.1,Moderate Debt
USR-01582,29,Male,Student,Night Owl,21,YouTube,68,1,163,59,33.2,5.16,16.5,14.4,5,7.0,Moderate Debt
USR-01583,36,Male,Corporate 9-to-5,Intermediate,54,News / Reading,26,1,20,56,30.0,7.14,21.5,22.6,2,1.4,Mild Deficit
USR-01584,32,Female,Healthcare / Shift Worker,Intermediate,18,News / Reading,65,1,0,20,16.9,5.17,23.9,23.6,2,2.5,Moderate Debt
USR-01585,63,Female,Student,Morning Lark,55,TikTok / Reels,53,1,0,78,42.5,7.97,24.8,19.7,0,1.0,Optimal Recovery
USR-01586,22,Male,Corporate 9-to-5,Morning Lark,53,TikTok / Reels,34,0,168,54,69.4,7.55,23.5,18.2,2,3.7,Mild Deficit
USR-01587,40,Male,Student,Night Owl,37,TikTok / Reels,88,0,190,0,44.8,4.21,15.0,15.5,5,7.4,Moderate Debt
USR-01588,29,Female,Student,Morning Lark,71,YouTube,36,1,0,18,36.3,8.01,20.1,23.1,1,1.0,Optimal Recovery
USR-01589,30,Male,Student,Intermediate,35,Streaming (Netflix/Hulu),60,0,0,64,31.0,6.44,28.0,20.2,3,1.8,Moderate Debt
USR-01590,41,Female,Corporate 9-to-5,Night Owl,94,Instagram / Reddit,30,1,0,83,47.8,4.54,23.8,23.1,4,6.7,Moderate Debt
USR-01591,39,Female,Corporate 9-to-5,Night Owl,108,TikTok / Reels,33,0,0,33,65.8,3.63,20.6,17.0,5,8.8,Severe Sleep Debt
USR-01592,64,Female,Corporate 9-to-5,Night Owl,112,YouTube,76,0,0,52,53.8,4.06,19.3,18.3,5,8.6,Severe Sleep Debt
USR-01593,22,Female,Remote Tech,Night Owl,55,TikTok / Reels,48,1,0,24,36.8,4.28,18.5,16.6,5,6.5,Moderate Debt
USR-01594,21,Male,Healthcare / Shift Worker,Night Owl,79,YouTube,84,0,37,45,49.6,3.21,21.5,18.6,6,8.7,Severe Sleep Debt
USR-01595,41,Male,Student,Morning Lark,55,Streaming (Netflix/Hulu),47,0,26,27,30.1,8.13,21.0,23.6,1,1.0,Optimal Recovery
USR-01596,35,Female,Freelance / Creative,Intermediate,73,YouTube,46,0,0,0,44.7,6.04,20.0,17.3,4,4.8,Moderate Debt
USR-01597,26,Male,Corporate 9-to-5,Intermediate,57,TikTok / Reels,40,1,0,31,39.4,6.19,21.9,19.2,3,2.6,Moderate Debt
USR-01598,20,Male,Corporate 9-to-5,Intermediate,60,Instagram / Reddit,45,0,26,99,45.1,6.28,21.9,19.9,2,3.8,Moderate Debt
USR-01599,20,Female,Student,Night Owl,135,Streaming (Netflix/Hulu),67,1,89,26,67.4,3.9,18.4,18.1,4,9.2,Severe Sleep Debt
USR-01600,52,Female,Corporate 9-to-5,Intermediate,12,YouTube,57,1,47,38,21.6,8.34,24.3,18.5,0,1.0,Optimal Recovery
USR-01601,24,Non-Binary,Corporate 9-to-5,Morning Lark,62,YouTube,49,0,0,44,32.8,8.17,25.4,20.2,0,1.0,Optimal Recovery
USR-01602,27,Male,Remote Tech,Intermediate,62,TikTok / Reels,69,1,125,32,46.6,8.42,22.2,20.0,0,1.0,Optimal Recovery
USR-01603,25,Non-Binary,Corporate 9-to-5,Morning Lark,35,TikTok / Reels,66,0,0,19,42.7,8.23,23.7,18.3,1,1.0,Optimal Recovery
USR-01604,28,Female,Student,Night Owl,78,Instagram / Reddit,49,0,0,43,50.5,5.22,19.4,15.2,4,6.3,Moderate Debt
USR-01605,20,Male,Corporate 9-to-5,Intermediate,53,TikTok / Reels,85,0,89,47,48.9,5.72,20.7,18.0,2,5.0,Moderate Debt
USR-01606,33,Female,Student,Intermediate,38,Streaming (Netflix/Hulu),24,0,0,37,14.1,7.42,26.6,17.5,0,1.0,Mild Deficit
USR-01607,20,Female,Healthcare / Shift Worker,Intermediate,60,Messaging / Chat,63,0,50,22,44.9,5.41,16.7,16.7,4,5.6,Moderate Debt
USR-01608,45,Male,Corporate 9-to-5,Intermediate,139,Streaming (Netflix/Hulu),53,0,41,28,77.2,5.04,19.0,16.2,5,8.9,Severe Sleep Debt
USR-01609,25,Female,Freelance / Creative,Night Owl,180,YouTube,65,1,0,18,74.4,3.2,18.2,19.9,6,10.0,Severe Sleep Debt
USR-01610,34,Female,Remote Tech,Intermediate,47,YouTube,57,1,96,49,38.2,6.74,24.6,17.1,3,2.3,Moderate Debt
USR-01611,50,Female,Freelance / Creative,Night Owl,44,YouTube,60,0,0,41,28.8,5.5,19.1,19.0,3,4.3,Moderate Debt
USR-01612,38,Female,Corporate 9-to-5,Night Owl,52,Streaming (Netflix/Hulu),19,1,59,37,25.0,5.14,17.8,19.6,3,5.4,Moderate Debt
USR-01613,33,Male,Student,Night Owl,15,TikTok / Reels,60,0,168,13,27.8,6.5,22.6,17.2,3,3.3,Moderate Debt
USR-01614,27,Female,Remote Tech,Intermediate,49,TikTok / Reels,76,1,130,8,41.2,7.61,14.1,16.0,2,3.5,Mild Deficit
USR-01615,28,Female,Student,Night Owl,11,TikTok / Reels,43,0,42,32,30.9,7.16,17.8,18.6,1,1.5,Mild Deficit
USR-01616,39,Female,Student,Intermediate,30,YouTube,75,1,0,0,12.3,7.14,20.2,18.2,1,1.0,Mild Deficit
USR-01617,64,Female,Remote Tech,Night Owl,73,Streaming (Netflix/Hulu),48,1,0,45,45.8,4.5,23.9,20.0,4,6.5,Moderate Debt
USR-01618,38,Male,Freelance / Creative,Night Owl,27,Messaging / Chat,43,1,0,30,26.9,5.95,22.7,17.4,3,4.4,Moderate Debt
USR-01619,34,Female,Remote Tech,Night Owl,65,News / Reading,44,0,0,17,34.0,4.7,15.4,26.4,3,5.0,Moderate Debt
USR-01620,41,Male,Corporate 9-to-5,Night Owl,44,Streaming (Netflix/Hulu),35,0,0,1,30.6,5.12,21.2,21.5,4,4.6,Moderate Debt
USR-01621,31,Female,Student,Intermediate,35,TikTok / Reels,56,0,21,37,44.1,7.4,25.2,17.2,2,2.7,Mild Deficit
USR-01622,20,Female,Student,Morning Lark,97,TikTok / Reels,43,1,40,43,52.5,6.06,19.4,18.1,4,5.0,Moderate Debt
USR-01623,34,Male,Remote Tech,Intermediate,58,TikTok / Reels,44,1,0,67,41.4,6.8,25.8,17.5,3,2.6,Mild Deficit
USR-01624,58,Male,Remote Tech,Night Owl,71,TikTok / Reels,41,0,52,23,52.6,4.6,23.1,19.5,3,7.4,Moderate Debt
USR-01625,23,Female,Freelance / Creative,Morning Lark,44,YouTube,62,0,0,66,32.4,8.67,23.0,18.1,0,1.0,Optimal Recovery
USR-01626,39,Male,Student,Intermediate,88,News / Reading,30,0,0,38,33.4,5.94,19.5,18.9,3,4.1,Moderate Debt
USR-01627,24,Female,Corporate 9-to-5,Intermediate,22,Instagram / Reddit,67,0,20,39,31.8,6.38,17.4,19.6,3,3.2,Moderate Debt
USR-01628,34,Male,Corporate 9-to-5,Intermediate,111,Messaging / Chat,65,0,0,77,61.1,5.06,23.1,20.8,4,6.5,Moderate Debt
USR-01629,21,Male,Freelance / Creative,Night Owl,7,YouTube,65,1,20,47,21.7,6.07,24.4,21.8,2,1.6,Moderate Debt
USR-01630,31,Male,Student,Intermediate,8,Instagram / Reddit,35,1,0,44,16.4,8.08,25.3,19.2,2,1.0,Optimal Recovery
USR-01631,42,Non-Binary,Freelance / Creative,Night Owl,37,News / Reading,60,1,48,23,27.9,6.53,20.5,20.5,1,1.6,Moderate Debt
USR-01632,28,Female,Corporate 9-to-5,Intermediate,43,Instagram / Reddit,81,1,36,7,33.0,7.91,18.9,24.2,1,1.0,Optimal Recovery
USR-01633,38,Male,Student,Night Owl,42,Instagram / Reddit,31,1,0,45,24.4,5.44,19.1,16.2,5,4.5,Moderate Debt
USR-01634,44,Female,Student,Intermediate,27,YouTube,59,1,0,44,36.0,6.03,25.8,22.1,3,2.2,Moderate Debt
USR-01635,55,Female,Corporate 9-to-5,Morning Lark,144,TikTok / Reels,33,0,47,30,97.9,5.27,16.1,16.9,6,9.0,Severe Sleep Debt
USR-01636,25,Female,Remote Tech,Night Owl,51,Streaming (Netflix/Hulu),50,1,0,29,35.3,5.46,21.5,20.1,3,5.2,Moderate Debt
USR-01637,29,Female,Student,Intermediate,112,TikTok / Reels,54,1,64,5,64.7,4.96,21.2,18.9,3,6.1,Moderate Debt
USR-01638,23,Male,Remote Tech,Intermediate,12,YouTube,42,1,20,24,16.1,7.08,20.7,12.5,1,1.0,Mild Deficit
USR-01639,64,Male,Healthcare / Shift Worker,Intermediate,28,Streaming (Netflix/Hulu),40,0,0,54,20.2,5.8,21.6,21.8,2,2.2,Moderate Debt
USR-01640,55,Male,Healthcare / Shift Worker,Intermediate,23,Streaming (Netflix/Hulu),60,0,0,34,25.2,5.88,25.2,23.2,2,2.5,Moderate Debt
USR-01641,34,Female,Healthcare / Shift Worker,Intermediate,10,TikTok / Reels,35,1,29,7,23.1,7.14,21.8,16.8,0,1.0,Mild Deficit
USR-01642,47,Female,Healthcare / Shift Worker,Morning Lark,61,TikTok / Reels,65,1,0,37,41.2,6.96,21.4,19.7,1,1.5,Mild Deficit
USR-01643,33,Male,Remote Tech,Intermediate,36,Streaming (Netflix/Hulu),90,1,20,83,21.6,7.64,25.3,22.1,3,1.0,Mild Deficit
USR-01644,37,Female,Remote Tech,Intermediate,18,Instagram / Reddit,29,1,149,80,24.6,7.66,22.4,21.3,2,1.1,Mild Deficit
USR-01645,21,Male,Healthcare / Shift Worker,Intermediate,30,TikTok / Reels,28,1,41,11,33.7,6.6,16.2,14.9,4,3.6,Moderate Debt
USR-01646,42,Male,Remote Tech,Intermediate,80,News / Reading,25,1,81,8,37.6,6.01,17.4,22.1,3,3.2,Moderate Debt
USR-01647,22,Male,Corporate 9-to-5,Night Owl,125,Instagram / Reddit,45,1,122,22,73.4,4.35,21.7,15.2,5,8.8,Severe Sleep Debt
USR-01648,46,Male,Remote Tech,Intermediate,37,Instagram / Reddit,72,1,0,24,26.1,5.96,20.4,23.0,1,2.9,Moderate Debt
USR-01649,44,Male,Corporate 9-to-5,Night Owl,32,Streaming (Netflix/Hulu),74,1,0,28,29.2,5.55,21.2,18.8,2,2.6,Moderate Debt
USR-01650,40,Female,Student,Intermediate,39,TikTok / Reels,63,1,0,1,46.3,6.73,22.3,16.8,3,2.7,Moderate Debt
USR-01651,19,Male,Corporate 9-to-5,Intermediate,31,Messaging / Chat,59,1,0,42,39.0,7.71,24.8,21.9,1,1.0,Mild Deficit
USR-01652,27,Female,Corporate 9-to-5,Morning Lark,33,News / Reading,81,1,0,17,16.3,9.01,24.6,22.2,0,1.0,Optimal Recovery
USR-01653,26,Female,Freelance / Creative,Morning Lark,132,Instagram / Reddit,45,0,0,35,67.4,6.23,20.6,19.9,3,4.1,Moderate Debt
USR-01654,28,Female,Student,Intermediate,82,Instagram / Reddit,66,0,0,27,49.4,5.93,22.7,16.8,3,4.1,Moderate Debt
USR-01655,21,Male,Healthcare / Shift Worker,Intermediate,91,Instagram / Reddit,95,1,40,24,70.4,3.33,18.8,15.2,6,9.9,Severe Sleep Debt
USR-01656,56,Female,Student,Night Owl,26,Streaming (Netflix/Hulu),80,1,0,3,35.3,4.79,24.1,20.4,3,5.1,Moderate Debt
USR-01657,34,Female,Healthcare / Shift Worker,Intermediate,79,Instagram / Reddit,33,0,32,24,49.7,4.2,25.4,21.8,4,5.4,Moderate Debt
USR-01658,27,Female,Student,Night Owl,45,YouTube,43,0,20,9,30.5,4.93,17.1,17.1,3,5.6,Moderate Debt
USR-01659,29,Male,Remote Tech,Night Owl,24,TikTok / Reels,96,1,133,8,39.7,5.97,24.8,12.9,3,3.5,Moderate Debt
USR-01660,31,Male,Freelance / Creative,Morning Lark,180,Instagram / Reddit,43,1,0,7,86.8,5.88,24.7,19.7,4,6.4,Moderate Debt
USR-01661,36,Male,Corporate 9-to-5,Intermediate,69,Instagram / Reddit,87,0,0,39,50.8,6.22,23.5,20.1,2,4.5,Moderate Debt
USR-01662,33,Male,Freelance / Creative,Intermediate,130,YouTube,46,1,73,0,70.6,4.76,18.6,16.5,6,10.0,Severe Sleep Debt
USR-01663,54,Female,Remote Tech,Intermediate,103,Messaging / Chat,51,1,0,60,53.0,6.02,17.7,24.8,3,4.3,Moderate Debt
USR-01664,32,Female,Remote Tech,Intermediate,12,Instagram / Reddit,37,0,30,58,13.9,7.92,25.1,15.6,1,1.0,Optimal Recovery
USR-01665,64,Male,Corporate 9-to-5,Night Owl,27,Instagram / Reddit,40,1,0,79,29.7,6.26,24.5,18.0,2,1.6,Moderate Debt
USR-01666,48,Female,Remote Tech,Night Owl,79,TikTok / Reels,51,1,0,12,58.4,3.2,26.0,15.1,5,8.5,Moderate Debt
USR-01667,24,Female,Student,Night Owl,42,YouTube,59,1,0,33,25.4,6.13,27.9,19.2,2,2.4,Moderate Debt
USR-01668,55,Female,Freelance / Creative,Intermediate,70,Streaming (Netflix/Hulu),47,0,0,25,43.5,5.87,21.3,16.6,3,3.0,Moderate Debt
USR-01669,21,Female,Freelance / Creative,Intermediate,101,YouTube,69,0,44,14,67.3,5.55,20.6,21.9,3,7.0,Moderate Debt
USR-01670,46,Female,Freelance / Creative,Intermediate,11,Instagram / Reddit,47,0,0,17,21.5,5.91,15.2,17.8,2,2.9,Moderate Debt
USR-01671,29,Male,Corporate 9-to-5,Intermediate,66,Instagram / Reddit,14,1,0,62,47.7,6.07,21.4,21.0,4,3.2,Moderate Debt
USR-01672,50,Female,Freelance / Creative,Intermediate,36,YouTube,51,0,0,55,25.6,7.68,21.8,17.7,2,1.1,Mild Deficit
USR-01673,49,Male,Remote Tech,Morning Lark,85,YouTube,46,1,42,20,45.8,7.45,18.9,16.3,1,2.7,Mild Deficit
USR-01674,45,Female,Healthcare / Shift Worker,Night Owl,112,TikTok / Reels,85,0,0,43,79.9,3.2,18.7,21.6,7,10.0,Severe Sleep Debt
USR-01675,44,Female,Corporate 9-to-5,Night Owl,51,Streaming (Netflix/Hulu),73,1,117,49,46.8,5.01,21.3,21.9,4,6.9,Moderate Debt
USR-01676,27,Female,Remote Tech,Intermediate,46,Instagram / Reddit,75,1,0,3,37.9,6.43,20.5,16.0,2,1.8,Moderate Debt
USR-01677,20,Male,Freelance / Creative,Night Owl,69,YouTube,69,0,0,29,35.4,6.29,25.0,22.0,3,3.5,Moderate Debt
USR-01678,29,Female,Freelance / Creative,Intermediate,84,TikTok / Reels,64,0,0,54,50.6,5.25,22.8,19.0,4,5.6,Moderate Debt
USR-01679,23,Male,Student,Morning Lark,163,TikTok / Reels,64,1,0,0,98.4,4.45,19.7,17.8,6,9.6,Severe Sleep Debt
USR-01680,40,Male,Healthcare / Shift Worker,Night Owl,8,TikTok / Reels,73,0,38,27,16.5,5.71,23.0,17.3,1,2.5,Moderate Debt
USR-01681,28,Male,Corporate 9-to-5,Night Owl,158,TikTok / Reels,67,0,0,36,89.1,3.2,17.8,21.7,7,10.0,Severe Sleep Debt
USR-01682,61,Female,Student,Intermediate,105,Instagram / Reddit,44,1,0,25,48.4,6.0,22.9,19.6,3,3.9,Moderate Debt
USR-01683,37,Female,Student,Morning Lark,129,TikTok / Reels,27,0,0,21,68.7,6.3,23.5,18.3,3,5.0,Moderate Debt
USR-01684,46,Female,Corporate 9-to-5,Night Owl,50,Streaming (Netflix/Hulu),17,1,0,45,22.6,5.63,21.2,19.9,3,4.3,Moderate Debt
USR-01685,22,Male,Corporate 9-to-5,Morning Lark,40,Messaging / Chat,38,0,107,35,45.2,7.99,16.3,19.2,1,1.4,Optimal Recovery
USR-01686,49,Female,Corporate 9-to-5,Intermediate,13,TikTok / Reels,40,1,0,0,16.1,8.01,24.7,18.6,2,1.0,Optimal Recovery
USR-01687,54,Male,Student,Intermediate,33,Messaging / Chat,53,0,0,27,24.8,7.51,23.1,19.8,1,1.0,Mild Deficit
USR-01688,32,Male,Corporate 9-to-5,Night Owl,80,Streaming (Netflix/Hulu),53,1,20,0,39.5,5.65,21.2,21.7,3,4.1,Moderate Debt
USR-01689,36,Female,Remote Tech,Intermediate,32,Messaging / Chat,90,0,89,37,29.7,7.08,17.4,21.5,3,4.5,Mild Deficit
USR-01690,43,Female,Remote Tech,Night Owl,57,TikTok / Reels,66,0,0,15,47.5,3.97,19.8,15.2,6,8.3,Moderate Debt
USR-01691,23,Male,Remote Tech,Intermediate,72,Messaging / Chat,40,1,141,45,63.1,5.6,20.3,15.1,4,6.8,Moderate Debt
USR-01692,32,Female,Student,Intermediate,86,News / Reading,82,1,0,0,47.4,7.13,16.6,23.1,3,2.8,Mild Deficit
USR-01693,29,Female,Student,Night Owl,179,Messaging / Chat,50,1,0,29,76.4,3.2,21.1,24.3,7,10.0,Severe Sleep Debt
USR-01694,22,Male,Remote Tech,Morning Lark,56,Instagram / Reddit,66,1,31,34,35.4,7.59,23.3,19.9,2,1.0,Mild Deficit
USR-01695,28,Female,Remote Tech,Intermediate,83,TikTok / Reels,64,0,0,0,65.8,7.72,19.7,21.6,3,2.5,Mild Deficit
USR-01696,20,Male,Remote Tech,Intermediate,43,TikTok / Reels,56,0,0,47,42.0,6.68,24.6,18.1,3,2.2,Moderate Debt
USR-01697,18,Male,Healthcare / Shift Worker,Night Owl,24,Messaging / Chat,83,0,0,52,25.8,4.9,27.6,19.8,4,4.8,Moderate Debt
USR-01698,22,Male,Corporate 9-to-5,Morning Lark,35,TikTok / Reels,43,1,0,39,27.5,7.58,27.2,20.4,3,1.0,Mild Deficit
USR-01699,59,Female,Corporate 9-to-5,Intermediate,48,YouTube,58,0,0,16,38.4,7.28,18.9,15.7,1,1.6,Mild Deficit
USR-01700,34,Female,Student,Intermediate,72,TikTok / Reels,37,0,0,0,46.8,5.8,17.2,19.4,3,4.7,Moderate Debt
USR-01701,60,Male,Remote Tech,Intermediate,160,Streaming (Netflix/Hulu),62,0,0,19,73.7,4.36,16.0,19.2,5,8.6,Severe Sleep Debt
USR-01702,30,Female,Healthcare / Shift Worker,Morning Lark,53,Instagram / Reddit,63,1,0,41,34.5,5.25,23.1,17.7,4,4.1,Moderate Debt
USR-01703,27,Female,Corporate 9-to-5,Night Owl,38,Messaging / Chat,57,1,0,68,46.3,6.85,22.9,21.4,3,2.2,Mild Deficit
USR-01704,32,Female,Student,Intermediate,38,Messaging / Chat,56,0,0,44,29.0,7.58,27.1,20.5,2,1.1,Mild Deficit
USR-01705,30,Female,Corporate 9-to-5,Morning Lark,66,Instagram / Reddit,52,0,20,0,35.8,7.78,18.4,19.6,2,3.1,Optimal Recovery
USR-01706,21,Female,Remote Tech,Intermediate,65,Instagram / Reddit,63,0,80,33,50.1,7.11,18.6,15.5,3,3.4,Mild Deficit
USR-01707,37,Male,Corporate 9-to-5,Night Owl,61,Instagram / Reddit,67,0,91,39,34.4,5.13,22.5,18.9,2,5.4,Moderate Debt
USR-01708,24,Female,Healthcare / Shift Worker,Morning Lark,50,TikTok / Reels,31,0,0,0,31.8,7.34,21.2,15.5,0,1.0,Mild Deficit
USR-01709,37,Female,Freelance / Creative,Intermediate,89,Messaging / Chat,49,0,22,26,55.4,4.89,18.9,17.0,4,5.9,Moderate Debt
USR-01710,38,Male,Remote Tech,Night Owl,10,Instagram / Reddit,48,1,0,54,19.0,5.47,23.1,23.3,3,2.8,Moderate Debt
USR-01711,23,Non-Binary,Healthcare / Shift Worker,Morning Lark,79,YouTube,68,1,69,39,42.0,5.53,16.8,18.0,4,6.0,Moderate Debt
USR-01712,20,Female,Student,Morning Lark,40,TikTok / Reels,79,1,0,11,28.3,8.2,20.4,19.8,1,1.0,Optimal Recovery
USR-01713,44,Female,Freelance / Creative,Intermediate,70,Streaming (Netflix/Hulu),64,1,0,47,43.9,5.73,19.5,19.8,3,4.4,Moderate Debt
USR-01714,31,Male,Healthcare / Shift Worker,Night Owl,78,YouTube,58,0,0,33,40.8,3.2,18.2,20.6,5,9.0,Severe Sleep Debt
USR-01715,20,Male,Corporate 9-to-5,Morning Lark,37,TikTok / Reels,40,0,0,62,34.1,9.8,25.8,16.8,0,1.0,Optimal Recovery
USR-01716,64,Male,Student,Night Owl,180,Messaging / Chat,92,0,0,0,92.5,3.2,15.8,20.9,7,10.0,Severe Sleep Debt
USR-01717,20,Male,Remote Tech,Intermediate,27,TikTok / Reels,37,1,0,24,24.4,7.24,28.0,21.5,2,1.0,Mild Deficit
USR-01718,40,Female,Corporate 9-to-5,Intermediate,121,Instagram / Reddit,30,0,0,0,63.1,6.07,23.7,23.1,3,4.8,Moderate Debt
USR-01719,62,Male,Corporate 9-to-5,Intermediate,50,Messaging / Chat,69,0,50,15,40.5,6.45,22.6,21.8,3,4.0,Moderate Debt
USR-01720,25,Female,Freelance / Creative,Night Owl,97,Streaming (Netflix/Hulu),45,1,58,54,56.7,3.5,21.0,19.2,5,7.9,Moderate Debt
USR-01721,22,Male,Freelance / Creative,Morning Lark,14,Streaming (Netflix/Hulu),70,1,53,57,14.4,9.01,23.8,23.0,1,1.0,Optimal Recovery
USR-01722,22,Male,Healthcare / Shift Worker,Intermediate,75,Streaming (Netflix/Hulu),84,0,0,79,44.6,5.38,26.4,21.2,3,4.6,Moderate Debt
USR-01723,27,Male,Freelance / Creative,Intermediate,52,TikTok / Reels,50,1,0,20,37.3,6.73,21.9,21.5,2,2.5,Moderate Debt
USR-01724,21,Female,Healthcare / Shift Worker,Morning Lark,80,Messaging / Chat,64,1,0,74,36.9,6.43,26.6,18.3,4,3.2,Moderate Debt
USR-01725,39,Female,Corporate 9-to-5,Morning Lark,79,TikTok / Reels,46,0,129,60,56.4,7.23,22.1,19.1,1,3.4,Mild Deficit
USR-01726,20,Male,Corporate 9-to-5,Morning Lark,93,TikTok / Reels,56,1,20,28,59.9,7.35,24.8,18.2,3,2.5,Mild Deficit
USR-01727,33,Male,Corporate 9-to-5,Intermediate,119,TikTok / Reels,52,0,0,39,63.8,5.86,23.4,17.3,4,5.9,Moderate Debt
USR-01728,65,Male,Corporate 9-to-5,Morning Lark,139,News / Reading,74,0,104,23,78.5,6.3,13.3,19.3,5,7.1,Moderate Debt
USR-01729,45,Female,Corporate 9-to-5,Night Owl,18,Instagram / Reddit,44,1,103,53,32.7,7.35,24.7,15.5,1,1.0,Mild Deficit
USR-01730,36,Female,Remote Tech,Night Owl,13,YouTube,42,1,109,3,21.7,5.96,18.6,17.5,2,2.6,Moderate Debt
USR-01731,27,Male,Healthcare / Shift Worker,Morning Lark,40,TikTok / Reels,51,0,0,18,36.3,5.63,22.1,17.8,4,5.4,Moderate Debt
USR-01732,37,Female,Healthcare / Shift Worker,Intermediate,63,TikTok / Reels,68,1,0,39,45.7,4.3,21.4,17.4,5,7.9,Moderate Debt
USR-01733,33,Male,Student,Morning Lark,41,Streaming (Netflix/Hulu),39,0,35,38,28.8,8.06,26.3,18.9,2,1.0,Optimal Recovery
USR-01734,30,Female,Freelance / Creative,Morning Lark,98,TikTok / Reels,31,0,88,37,80.7,6.71,20.5,14.4,3,5.5,Moderate Debt
USR-01735,22,Male,Remote Tech,Intermediate,132,YouTube,79,1,0,10,73.3,5.24,21.0,21.7,5,7.0,Moderate Debt
USR-01736,51,Male,Healthcare / Shift Worker,Intermediate,90,Streaming (Netflix/Hulu),11,0,0,9,35.0,3.86,20.2,20.2,5,6.9,Moderate Debt
USR-01737,31,Male,Remote Tech,Night Owl,19,Streaming (Netflix/Hulu),29,0,0,25,18.5,6.64,22.4,20.8,1,1.0,Moderate Debt
USR-01738,24,Female,Corporate 9-to-5,Intermediate,122,Streaming (Netflix/Hulu),98,0,94,0,70.7,4.49,10.4,21.5,6,9.3,Severe Sleep Debt
USR-01739,28,Male,Freelance / Creative,Intermediate,36,TikTok / Reels,20,0,88,54,33.7,7.42,22.2,17.1,0,1.0,Mild Deficit
USR-01740,30,Female,Remote Tech,Morning Lark,9,TikTok / Reels,46,1,0,53,18.8,8.49,25.3,19.2,0,1.0,Optimal Recovery
USR-01741,46,Male,Remote Tech,Morning Lark,23,Streaming (Netflix/Hulu),42,1,20,46,20.2,8.76,23.3,21.9,0,1.0,Optimal Recovery
USR-01742,41,Female,Corporate 9-to-5,Night Owl,97,Messaging / Chat,10,0,54,36,57.2,4.38,19.8,21.6,5,7.3,Moderate Debt
USR-01743,43,Female,Student,Morning Lark,81,Instagram / Reddit,35,0,0,28,53.2,7.55,19.3,17.4,3,2.0,Mild Deficit
USR-01744,18,Female,Freelance / Creative,Night Owl,55,Streaming (Netflix/Hulu),60,1,149,0,47.4,4.61,22.2,16.0,4,6.9,Moderate Debt
USR-01745,30,Female,Corporate 9-to-5,Morning Lark,43,Instagram / Reddit,70,0,113,52,46.0,7.38,20.4,14.3,2,1.6,Mild Deficit
USR-01746,32,Male,Healthcare / Shift Worker,Intermediate,21,YouTube,77,0,0,39,25.3,5.18,20.6,17.6,4,4.6,Moderate Debt
USR-01747,18,Female,Corporate 9-to-5,Night Owl,39,YouTube,48,1,0,70,28.2,6.93,23.5,21.2,2,1.4,Mild Deficit
USR-01748,26,Male,Remote Tech,Morning Lark,17,TikTok / Reels,18,0,0,34,19.0,8.99,22.5,21.1,0,1.0,Optimal Recovery
USR-01749,43,Non-Binary,Corporate 9-to-5,Intermediate,80,Instagram / Reddit,56,1,0,31,46.9,7.28,22.6,22.4,3,1.8,Mild Deficit
USR-01750,22,Female,Student,Night Owl,96,TikTok / Reels,82,1,20,16,60.8,3.44,23.1,20.2,6,9.3,Severe Sleep Debt
USR-01751,33,Male,Corporate 9-to-5,Morning Lark,83,YouTube,86,0,0,46,56.7,6.64,22.2,22.2,2,3.7,Moderate Debt
USR-01752,24,Female,Remote Tech,Intermediate,101,Streaming (Netflix/Hulu),75,1,38,47,47.3,6.54,19.4,23.0,2,3.6,Moderate Debt
USR-01753,18,Female,Corporate 9-to-5,Morning Lark,61,TikTok / Reels,28,0,71,64,45.3,8.18,27.9,23.7,1,1.0,Optimal Recovery
USR-01754,25,Female,Corporate 9-to-5,Morning Lark,98,TikTok / Reels,51,0,0,55,57.0,5.55,25.1,19.3,3,3.9,Moderate Debt
USR-01755,61,Male,Student,Morning Lark,5,News / Reading,60,0,126,25,22.2,8.52,26.7,19.9,1,1.0,Optimal Recovery
USR-01756,45,Female,Corporate 9-to-5,Night Owl,51,Instagram / Reddit,63,0,0,5,40.1,6.26,19.2,17.6,2,2.7,Moderate Debt
USR-01757,59,Male,Corporate 9-to-5,Morning Lark,82,Streaming (Netflix/Hulu),19,0,64,57,37.1,8.05,17.1,15.6,2,1.3,Optimal Recovery
USR-01758,32,Female,Corporate 9-to-5,Morning Lark,36,Messaging / Chat,96,0,0,25,31.0,8.61,23.8,20.7,2,1.0,Optimal Recovery
USR-01759,21,Male,Remote Tech,Intermediate,49,YouTube,81,0,118,26,46.8,6.49,21.0,20.7,2,3.6,Moderate Debt
USR-01760,34,Female,Student,Intermediate,50,YouTube,55,1,81,28,38.2,7.64,23.4,18.0,1,1.0,Mild Deficit
USR-01761,31,Male,Corporate 9-to-5,Intermediate,56,Instagram / Reddit,58,0,0,78,53.7,6.41,20.8,22.5,2,2.6,Moderate Debt
USR-01762,48,Male,Corporate 9-to-5,Morning Lark,28,Streaming (Netflix/Hulu),45,1,107,45,27.3,8.2,17.9,20.8,0,1.0,Optimal Recovery
USR-01763,21,Male,Remote Tech,Night Owl,50,Streaming (Netflix/Hulu),80,1,0,53,28.4,6.21,24.4,19.7,1,1.1,Moderate Debt
USR-01764,32,Male,Corporate 9-to-5,Intermediate,96,YouTube,32,0,28,67,44.1,6.15,21.2,18.1,3,3.5,Moderate Debt
USR-01765,22,Male,Healthcare / Shift Worker,Intermediate,21,TikTok / Reels,57,1,83,42,35.0,5.14,25.7,19.8,3,3.3,Moderate Debt
USR-01766,27,Female,Healthcare / Shift Worker,Morning Lark,29,TikTok / Reels,38,1,0,23,29.0,6.38,26.9,18.9,3,1.7,Moderate Debt
USR-01767,41,Female,Student,Intermediate,53,Streaming (Netflix/Hulu),55,0,0,6,30.1,7.67,17.6,22.3,0,1.0,Mild Deficit
USR-01768,31,Female,Corporate 9-to-5,Night Owl,80,YouTube,78,0,0,25,60.1,5.17,22.2,18.5,4,5.9,Moderate Debt
USR-01769,29,Female,Student,Intermediate,21,Streaming (Netflix/Hulu),42,0,0,42,19.5,8.5,21.7,26.1,0,1.0,Optimal Recovery
USR-01770,29,Female,Healthcare / Shift Worker,Morning Lark,35,News / Reading,59,0,70,46,28.2,6.74,22.8,20.1,3,3.4,Moderate Debt
USR-01771,31,Female,Remote Tech,Morning Lark,138,Streaming (Netflix/Hulu),52,0,20,28,58.9,6.58,20.1,21.7,3,5.0,Moderate Debt
USR-01772,44,Female,Healthcare / Shift Worker,Intermediate,58,News / Reading,40,1,20,20,36.3,4.54,24.2,24.4,4,4.9,Moderate Debt
USR-01773,52,Non-Binary,Student,Night Owl,77,YouTube,43,1,25,28,43.8,4.47,22.6,18.4,4,5.9,Moderate Debt
USR-01774,58,Female,Remote Tech,Morning Lark,102,Messaging / Chat,43,0,0,26,41.7,7.17,22.0,20.5,3,3.7,Mild Deficit
USR-01775,44,Male,Corporate 9-to-5,Intermediate,58,Streaming (Netflix/Hulu),19,0,64,61,38.5,4.88,20.9,17.2,5,5.4,Moderate Debt
USR-01776,27,Female,Student,Morning Lark,21,TikTok / Reels,52,0,0,60,29.4,9.53,26.7,17.9,0,1.0,Optimal Recovery
USR-01777,39,Male,Corporate 9-to-5,Intermediate,46,YouTube,57,1,71,44,27.9,7.87,23.1,17.6,2,1.0,Optimal Recovery
USR-01778,30,Male,Student,Intermediate,80,Instagram / Reddit,25,1,0,23,51.6,6.53,22.0,21.8,3,3.0,Moderate Debt
USR-01779,25,Female,Healthcare / Shift Worker,Night Owl,86,Instagram / Reddit,46,0,0,39,50.8,3.2,21.6,20.8,6,8.8,Severe Sleep Debt
USR-01780,47,Female,Healthcare / Shift Worker,Morning Lark,36,Messaging / Chat,50,1,0,59,30.5,6.6,25.8,18.7,3,2.8,Moderate Debt
USR-01781,19,Female,Remote Tech,Night Owl,34,Instagram / Reddit,71,0,0,38,36.8,6.49,19.3,17.2,3,2.7,Moderate Debt
USR-01782,52,Female,Corporate 9-to-5,Intermediate,34,Streaming (Netflix/Hulu),90,1,0,41,31.8,7.26,22.8,23.9,1,1.6,Mild Deficit
USR-01783,31,Male,Corporate 9-to-5,Night Owl,86,YouTube,63,1,110,44,51.3,4.96,21.2,19.9,4,7.1,Moderate Debt
USR-01784,37,Male,Student,Intermediate,38,Streaming (Netflix/Hulu),27,1,33,35,36.8,6.51,25.7,21.4,3,1.9,Moderate Debt
USR-01785,38,Female,Healthcare / Shift Worker,Morning Lark,11,Streaming (Netflix/Hulu),37,1,32,46,15.8,7.6,18.5,19.1,2,1.0,Mild Deficit
USR-01786,52,Female,Student,Night Owl,43,YouTube,56,1,0,5,27.2,4.87,18.6,21.5,4,5.2,Moderate Debt
USR-01787,37,Female,Corporate 9-to-5,Morning Lark,79,News / Reading,46,1,0,25,35.1,5.88,22.2,22.2,3,3.0,Moderate Debt
USR-01788,36,Female,Freelance / Creative,Intermediate,98,Instagram / Reddit,54,0,0,60,66.8,6.49,24.2,16.8,3,4.8,Moderate Debt
USR-01789,20,Male,Freelance / Creative,Night Owl,35,Instagram / Reddit,72,0,81,32,37.4,6.83,20.3,16.5,3,3.3,Mild Deficit
USR-01790,33,Female,Remote Tech,Morning Lark,53,Instagram / Reddit,52,0,0,52,38.0,6.72,25.0,19.9,3,2.3,Moderate Debt
USR-01791,23,Male,Remote Tech,Intermediate,51,Messaging / Chat,100,0,74,24,41.3,7.1,17.8,17.2,2,3.9,Mild Deficit
USR-01792,41,Female,Student,Night Owl,46,TikTok / Reels,23,0,0,44,36.2,5.59,26.5,19.0,3,3.3,Moderate Debt
USR-01793,33,Female,Student,Night Owl,46,Instagram / Reddit,66,0,136,15,45.1,5.01,16.9,16.5,5,7.8,Moderate Debt
USR-01794,39,Male,Freelance / Creative,Night Owl,11,TikTok / Reels,22,1,20,38,9.0,5.9,26.2,17.9,2,1.2,Moderate Debt
USR-01795,19,Female,Corporate 9-to-5,Intermediate,73,TikTok / Reels,38,0,49,4,55.4,4.85,23.0,17.0,4,6.0,Moderate Debt
USR-01796,20,Non-Binary,Remote Tech,Intermediate,100,TikTok / Reels,72,1,0,65,61.1,5.54,24.2,21.5,3,5.5,Moderate Debt
USR-01797,41,Male,Student,Night Owl,47,Instagram / Reddit,14,1,37,52,31.2,4.91,24.0,15.2,4,4.5,Moderate Debt
USR-01798,20,Female,Healthcare / Shift Worker,Intermediate,25,Streaming (Netflix/Hulu),61,0,0,53,19.3,5.35,28.0,19.7,4,3.2,Moderate Debt
USR-01799,20,Female,Healthcare / Shift Worker,Night Owl,69,YouTube,30,0,20,24,31.8,3.92,24.5,18.2,4,6.7,Moderate Debt
USR-01800,18,Male,Freelance / Creative,Morning Lark,159,YouTube,54,0,65,37,95.8,5.77,20.2,18.6,5,8.6,Moderate Debt
USR-01801,58,Male,Remote Tech,Morning Lark,67,News / Reading,42,1,41,32,50.9,7.26,19.5,25.3,3,2.8,Mild Deficit
USR-01802,41,Male,Healthcare / Shift Worker,Intermediate,60,Streaming (Netflix/Hulu),55,1,0,0,33.9,5.95,23.9,19.1,3,2.4,Moderate Debt
USR-01803,28,Female,Remote Tech,Night Owl,27,TikTok / Reels,63,1,20,18,29.0,7.11,21.6,18.4,1,1.6,Mild Deficit
USR-01804,27,Non-Binary,Remote Tech,Intermediate,12,TikTok / Reels,76,0,55,28,26.1,7.57,27.0,14.3,0,1.0,Mild Deficit
USR-01805,28,Female,Corporate 9-to-5,Night Owl,49,TikTok / Reels,58,0,0,38,47.4,4.37,21.7,17.8,4,7.8,Moderate Debt
USR-01806,43,Male,Healthcare / Shift Worker,Night Owl,68,TikTok / Reels,67,1,0,27,44.9,4.5,22.6,19.4,4,7.1,Moderate Debt
USR-01807,38,Male,Freelance / Creative,Night Owl,120,YouTube,54,1,186,48,74.1,4.85,18.0,12.8,6,10.0,Severe Sleep Debt
USR-01808,24,Female,Corporate 9-to-5,Night Owl,58,Instagram / Reddit,28,0,20,23,36.5,5.46,22.1,22.3,4,4.5,Moderate Debt
USR-01809,23,Male,Corporate 9-to-5,Night Owl,15,TikTok / Reels,32,1,0,57,23.3,5.34,24.7,16.9,3,4.0,Moderate Debt
USR-01810,21,Female,Healthcare / Shift Worker,Night Owl,27,YouTube,85,0,0,43,25.6,4.28,18.5,21.2,4,7.3,Moderate Debt
USR-01811,38,Non-Binary,Student,Intermediate,61,YouTube,31,1,0,39,36.3,5.97,21.8,18.9,3,3.9,Moderate Debt
USR-01812,43,Female,Freelance / Creative,Morning Lark,61,Streaming (Netflix/Hulu),59,1,0,12,29.7,7.83,19.7,21.2,0,1.0,Optimal Recovery
USR-01813,26,Male,Corporate 9-to-5,Morning Lark,85,Streaming (Netflix/Hulu),58,1,85,52,39.8,7.05,22.3,17.4,3,2.9,Mild Deficit
USR-01814,18,Female,Corporate 9-to-5,Morning Lark,30,News / Reading,57,1,0,58,14.9,8.48,25.4,23.9,1,1.0,Optimal Recovery
USR-01815,20,Male,Remote Tech,Morning Lark,123,Instagram / Reddit,75,0,0,58,68.9,4.69,18.1,23.8,5,7.9,Moderate Debt
USR-01816,60,Male,Corporate 9-to-5,Morning Lark,72,Instagram / Reddit,42,1,0,32,45.2,6.47,24.6,17.3,4,3.5,Moderate Debt
USR-01817,27,Female,Corporate 9-to-5,Night Owl,30,Instagram / Reddit,51,0,34,41,26.9,6.15,22.8,14.9,3,2.2,Moderate Debt
USR-01818,43,Female,Corporate 9-to-5,Intermediate,45,Streaming (Netflix/Hulu),48,0,89,37,28.5,6.52,22.2,20.3,2,1.4,Moderate Debt
USR-01819,37,Male,Corporate 9-to-5,Intermediate,21,Instagram / Reddit,10,0,62,0,25.6,8.53,21.7,19.5,0,1.0,Optimal Recovery
USR-01820,29,Female,Corporate 9-to-5,Night Owl,84,Instagram / Reddit,40,0,0,52,47.8,4.39,19.9,19.5,5,7.0,Moderate Debt
USR-01821,24,Male,Freelance / Creative,Intermediate,107,YouTube,76,1,0,28,57.0,5.39,20.9,18.7,4,6.2,Moderate Debt
USR-01822,22,Female,Corporate 9-to-5,Morning Lark,148,News / Reading,95,0,52,37,64.1,5.94,17.6,18.0,5,7.5,Moderate Debt
USR-01823,36,Male,Remote Tech,Night Owl,52,TikTok / Reels,74,0,130,14,60.3,3.24,18.7,21.6,6,9.9,Severe Sleep Debt
USR-01824,43,Female,Healthcare / Shift Worker,Intermediate,63,Instagram / Reddit,63,1,51,0,38.9,4.16,20.4,18.7,5,7.1,Moderate Debt
USR-01825,37,Female,Student,Intermediate,59,YouTube,27,0,0,48,30.0,6.9,23.9,18.1,1,1.3,Mild Deficit
USR-01826,33,Female,Student,Intermediate,103,Streaming (Netflix/Hulu),59,1,0,53,41.3,6.47,21.0,18.0,0,2.0,Moderate Debt
USR-01827,19,Female,Student,Intermediate,32,TikTok / Reels,57,0,75,31,38.6,7.81,22.5,15.8,1,1.0,Optimal Recovery
USR-01828,60,Female,Healthcare / Shift Worker,Night Owl,45,Instagram / Reddit,100,1,0,42,30.6,3.64,20.0,18.1,4,6.6,Moderate Debt
USR-01829,45,Female,Healthcare / Shift Worker,Morning Lark,65,Streaming (Netflix/Hulu),20,1,0,8,45.7,5.63,21.0,23.5,4,4.6,Moderate Debt
USR-01830,27,Male,Student,Night Owl,100,Instagram / Reddit,30,1,0,34,50.7,4.97,19.5,20.3,4,6.3,Moderate Debt
USR-01831,62,Male,Healthcare / Shift Worker,Morning Lark,116,Instagram / Reddit,79,0,0,42,75.6,4.31,20.6,20.3,4,8.9,Severe Sleep Debt
USR-01832,36,Male,Remote Tech,Intermediate,93,Instagram / Reddit,86,1,0,64,44.5,6.5,23.3,21.8,2,2.8,Moderate Debt
USR-01833,35,Female,Corporate 9-to-5,Night Owl,48,Streaming (Netflix/Hulu),62,0,0,37,27.1,5.48,24.4,19.5,3,4.0,Moderate Debt
USR-01834,42,Male,Healthcare / Shift Worker,Night Owl,77,Streaming (Netflix/Hulu),48,1,34,6,50.1,4.14,20.4,18.1,5,8.4,Moderate Debt
USR-01835,45,Female,Remote Tech,Morning Lark,54,Messaging / Chat,66,1,23,76,28.4,7.42,23.2,19.7,0,1.0,Mild Deficit
USR-01836,38,Male,Freelance / Creative,Morning Lark,38,Streaming (Netflix/Hulu),99,1,83,46,38.9,7.81,21.9,15.4,0,1.0,Optimal Recovery
USR-01837,22,Female,Corporate 9-to-5,Night Owl,59,TikTok / Reels,42,0,0,46,41.0,5.75,26.7,27.0,4,3.4,Moderate Debt
USR-01838,28,Female,Remote Tech,Morning Lark,180,Instagram / Reddit,64,1,0,31,90.4,5.54,24.5,21.5,6,7.4,Moderate Debt
USR-01839,55,Female,Freelance / Creative,Intermediate,32,TikTok / Reels,51,0,26,5,22.5,6.54,21.7,23.9,3,1.4,Moderate Debt
USR-01840,25,Male,Corporate 9-to-5,Night Owl,35,YouTube,62,1,0,36,22.8,5.77,28.0,21.3,2,2.1,Moderate Debt
USR-01841,29,Female,Freelance / Creative,Intermediate,52,YouTube,71,1,73,26,42.9,6.68,22.7,18.0,4,3.6,Moderate Debt
USR-01842,30,Male,Freelance / Creative,Morning Lark,97,Messaging / Chat,43,0,0,54,43.9,5.78,23.0,18.7,4,4.6,Moderate Debt
USR-01843,30,Female,Healthcare / Shift Worker,Intermediate,14,YouTube,75,0,0,22,25.1,6.46,21.2,16.7,2,1.1,Moderate Debt
USR-01844,36,Male,Remote Tech,Night Owl,87,Streaming (Netflix/Hulu),45,0,0,14,48.3,5.01,22.5,17.5,2,4.4,Moderate Debt
USR-01845,57,Male,Student,Intermediate,37,YouTube,66,1,22,39,25.2,7.09,21.1,20.2,2,2.0,Mild Deficit
USR-01846,25,Female,Healthcare / Shift Worker,Night Owl,83,Messaging / Chat,16,1,142,27,41.4,3.2,16.3,19.8,6,9.5,Severe Sleep Debt
USR-01847,22,Female,Student,Intermediate,65,YouTube,70,1,0,26,36.8,6.83,21.2,16.1,2,1.9,Mild Deficit
USR-01848,24,Male,Student,Morning Lark,44,Instagram / Reddit,37,0,0,27,30.4,7.71,22.3,18.9,1,1.0,Mild Deficit
USR-01849,51,Male,Freelance / Creative,Intermediate,20,Streaming (Netflix/Hulu),45,0,0,54,20.5,8.9,23.9,21.5,0,1.0,Optimal Recovery
USR-01850,38,Female,Student,Intermediate,100,YouTube,10,0,0,9,42.7,6.85,22.9,16.7,1,1.0,Mild Deficit
USR-01851,26,Male,Freelance / Creative,Intermediate,51,Messaging / Chat,51,1,196,33,36.8,6.58,20.9,15.8,3,3.1,Moderate Debt
USR-01852,45,Male,Corporate 9-to-5,Intermediate,44,Streaming (Netflix/Hulu),82,0,0,19,41.6,7.98,16.2,15.3,1,1.0,Optimal Recovery
USR-01853,49,Female,Corporate 9-to-5,Night Owl,33,Instagram / Reddit,24,0,0,19,30.1,6.4,21.2,19.2,0,1.0,Moderate Debt
USR-01854,48,Male,Remote Tech,Night Owl,69,Instagram / Reddit,59,1,0,15,42.0,3.99,19.3,19.9,6,6.5,Moderate Debt
USR-01855,54,Female,Remote Tech,Morning Lark,98,Messaging / Chat,14,1,0,67,38.2,5.84,20.7,21.6,3,3.5,Moderate Debt
USR-01856,25,Female,Healthcare / Shift Worker,Night Owl,55,TikTok / Reels,52,0,104,21,46.6,3.2,19.5,10.6,7,10.0,Severe Sleep Debt
USR-01857,42,Male,Corporate 9-to-5,Intermediate,33,YouTube,72,0,0,37,28.6,7.17,22.4,22.2,1,1.3,Mild Deficit
USR-01858,31,Female,Freelance / Creative,Morning Lark,113,Messaging / Chat,53,0,0,68,56.0,6.22,24.1,20.2,4,5.3,Moderate Debt
USR-01859,47,Female,Corporate 9-to-5,Morning Lark,26,TikTok / Reels,71,1,0,41,23.3,8.81,18.5,16.9,1,1.0,Optimal Recovery
USR-01860,41,Male,Remote Tech,Intermediate,49,Streaming (Netflix/Hulu),45,1,61,0,32.7,7.32,14.0,18.0,2,1.0,Mild Deficit
USR-01861,43,Male,Corporate 9-to-5,Intermediate,104,Instagram / Reddit,100,0,48,51,59.0,6.1,18.7,16.3,4,5.3,Moderate Debt
USR-01862,38,Male,Remote Tech,Morning Lark,46,YouTube,77,0,0,14,30.6,7.83,22.8,21.0,1,1.2,Optimal Recovery
USR-01863,23,Male,Corporate 9-to-5,Morning Lark,19,Instagram / Reddit,59,0,0,0,15.1,8.36,22.1,19.3,0,1.0,Optimal Recovery
USR-01864,34,Male,Corporate 9-to-5,Morning Lark,62,Messaging / Chat,89,0,90,43,50.7,7.44,17.1,20.1,3,4.4,Mild Deficit
USR-01865,62,Female,Student,Night Owl,115,Instagram / Reddit,83,0,33,32,79.2,4.59,16.0,17.2,7,10.0,Severe Sleep Debt
USR-01866,56,Female,Corporate 9-to-5,Night Owl,38,TikTok / Reels,44,1,0,31,26.4,5.83,21.7,18.5,2,2.7,Moderate Debt
USR-01867,19,Male,Corporate 9-to-5,Intermediate,41,TikTok / Reels,65,1,0,39,33.6,6.48,21.9,20.1,2,2.8,Moderate Debt
USR-01868,23,Female,Healthcare / Shift Worker,Night Owl,99,News / Reading,49,1,0,24,40.3,3.2,24.0,22.0,4,7.7,Moderate Debt
USR-01869,22,Male,Corporate 9-to-5,Intermediate,4,TikTok / Reels,73,1,79,42,29.0,8.11,19.8,11.7,1,1.0,Optimal Recovery
USR-01870,41,Male,Remote Tech,Night Owl,116,TikTok / Reels,86,0,0,53,69.5,4.28,21.9,20.3,5,8.4,Moderate Debt
USR-01871,46,Female,Corporate 9-to-5,Intermediate,35,News / Reading,25,1,0,30,15.0,6.87,22.7,19.6,2,1.0,Mild Deficit
USR-01872,24,Male,Corporate 9-to-5,Intermediate,15,Streaming (Netflix/Hulu),57,0,170,26,33.8,7.22,17.9,18.6,1,2.0,Mild Deficit
USR-01873,32,Female,Student,Morning Lark,47,Streaming (Netflix/Hulu),84,1,52,17,34.7,7.5,22.3,18.7,2,1.3,Mild Deficit
USR-01874,47,Female,Corporate 9-to-5,Intermediate,80,TikTok / Reels,70,1,0,45,53.1,5.36,19.2,22.7,5,4.2,Moderate Debt
USR-01875,41,Non-Binary,Healthcare / Shift Worker,Morning Lark,44,YouTube,64,1,0,60,33.5,7.2,24.4,21.6,2,1.8,Mild Deficit
USR-01876,34,Female,Freelance / Creative,Morning Lark,23,YouTube,77,1,0,30,29.4,9.43,21.8,16.7,0,1.0,Optimal Recovery
USR-01877,35,Female,Corporate 9-to-5,Morning Lark,98,Streaming (Netflix/Hulu),28,1,0,46,47.8,6.47,23.5,20.8,3,4.3,Moderate Debt
USR-01878,33,Male,Freelance / Creative,Intermediate,50,YouTube,66,1,176,24,43.4,6.06,18.5,20.6,2,3.8,Moderate Debt
USR-01879,27,Male,Corporate 9-to-5,Night Owl,13,TikTok / Reels,80,0,63,29,20.3,6.0,20.8,15.5,2,3.1,Moderate Debt
USR-01880,35,Male,Corporate 9-to-5,Intermediate,14,YouTube,66,1,108,64,24.3,6.85,22.2,18.7,2,1.1,Mild Deficit
USR-01881,39,Male,Corporate 9-to-5,Night Owl,69,Messaging / Chat,31,0,51,22,42.5,5.51,15.2,18.6,4,5.1,Moderate Debt
USR-01882,50,Male,Remote Tech,Intermediate,19,Messaging / Chat,47,0,111,51,28.4,7.57,25.1,16.5,1,1.0,Mild Deficit
USR-01883,37,Female,Student,Intermediate,149,Streaming (Netflix/Hulu),55,0,0,23,59.1,3.91,19.4,17.9,5,9.4,Severe Sleep Debt
USR-01884,43,Male,Corporate 9-to-5,Morning Lark,58,TikTok / Reels,39,1,44,0,43.4,6.65,22.2,15.8,3,2.7,Moderate Debt
USR-01885,23,Male,Healthcare / Shift Worker,Night Owl,30,Streaming (Netflix/Hulu),37,1,68,57,33.6,4.29,24.2,22.6,5,6.0,Moderate Debt
USR-01886,31,Female,Student,Morning Lark,30,Instagram / Reddit,65,0,66,67,38.9,7.35,24.3,16.5,2,1.1,Mild Deficit
USR-01887,18,Female,Remote Tech,Intermediate,56,YouTube,88,1,66,25,41.3,7.45,20.1,18.2,3,3.6,Mild Deficit
USR-01888,25,Non-Binary,Student,Intermediate,129,Messaging / Chat,17,0,84,60,63.3,4.98,27.0,20.4,4,6.4,Moderate Debt
USR-01889,41,Male,Freelance / Creative,Intermediate,35,TikTok / Reels,45,1,89,14,36.2,5.96,21.1,15.6,3,4.6,Moderate Debt
USR-01890,64,Male,Corporate 9-to-5,Morning Lark,45,Instagram / Reddit,41,1,0,63,29.9,8.46,20.9,18.6,0,1.0,Optimal Recovery
USR-01891,21,Male,Corporate 9-to-5,Intermediate,68,Instagram / Reddit,85,0,0,28,49.7,7.02,20.5,18.5,2,2.0,Mild Deficit
USR-01892,29,Male,Remote Tech,Night Owl,46,TikTok / Reels,69,0,20,20,45.1,5.51,21.7,18.5,5,5.3,Moderate Debt
USR-01893,45,Male,Remote Tech,Night Owl,18,YouTube,83,0,0,13,31.0,5.5,21.6,19.4,5,5.2,Moderate Debt
USR-01894,24,Male,Remote Tech,Night Owl,56,News / Reading,73,1,74,72,28.5,5.43,24.4,18.8,3,4.9,Moderate Debt
USR-01895,34,Female,Corporate 9-to-5,Intermediate,34,YouTube,79,1,0,35,27.2,7.86,23.0,18.0,1,1.0,Optimal Recovery
USR-01896,41,Male,Student,Intermediate,44,Instagram / Reddit,61,1,20,63,29.4,6.74,26.7,14.7,2,1.4,Moderate Debt
USR-01897,36,Female,Student,Morning Lark,140,Streaming (Netflix/Hulu),65,0,0,31,55.9,6.32,20.4,21.1,3,4.3,Moderate Debt
USR-01898,24,Male,Remote Tech,Night Owl,46,YouTube,65,0,0,34,29.3,5.65,18.8,23.8,3,4.0,Moderate Debt
USR-01899,28,Female,Corporate 9-to-5,Intermediate,8,YouTube,56,1,50,11,16.6,7.65,18.9,17.4,0,1.0,Mild Deficit
USR-01900,44,Female,Remote Tech,Intermediate,43,TikTok / Reels,55,1,24,70,28.0,8.11,25.6,18.7,0,1.0,Optimal Recovery
USR-01901,34,Female,Remote Tech,Night Owl,51,YouTube,64,1,20,25,31.6,4.6,20.3,16.9,3,6.2,Moderate Debt
USR-01902,18,Female,Remote Tech,Intermediate,79,Streaming (Netflix/Hulu),64,0,0,45,45.5,5.58,24.1,19.2,4,5.1,Moderate Debt
USR-01903,43,Female,Freelance / Creative,Intermediate,62,Messaging / Chat,59,0,0,5,40.4,6.46,19.9,19.9,3,4.2,Moderate Debt
USR-01904,19,Female,Remote Tech,Morning Lark,62,TikTok / Reels,59,1,0,30,49.3,7.96,22.3,15.9,2,1.0,Optimal Recovery
USR-01905,42,Non-Binary,Corporate 9-to-5,Intermediate,65,YouTube,69,0,0,42,41.4,6.5,21.5,19.3,2,2.9,Moderate Debt
USR-01906,24,Female,Remote Tech,Night Owl,86,YouTube,52,1,0,30,43.4,4.85,21.5,21.2,3,5.5,Moderate Debt
USR-01907,59,Female,Healthcare / Shift Worker,Intermediate,18,YouTube,31,0,0,23,20.5,5.17,19.6,20.1,3,3.3,Moderate Debt
USR-01908,28,Male,Healthcare / Shift Worker,Intermediate,171,Instagram / Reddit,59,0,0,0,80.4,3.2,14.0,18.1,6,10.0,Severe Sleep Debt
USR-01909,27,Male,Remote Tech,Morning Lark,41,TikTok / Reels,37,1,64,38,27.5,8.53,23.5,13.3,1,1.0,Optimal Recovery
USR-01910,22,Female,Corporate 9-to-5,Intermediate,24,Streaming (Netflix/Hulu),76,0,0,33,30.8,7.55,19.7,23.6,3,1.6,Mild Deficit
USR-01911,27,Male,Remote Tech,Intermediate,69,TikTok / Reels,43,0,205,11,59.3,6.34,18.3,18.0,5,7.6,Moderate Debt
USR-01912,50,Male,Remote Tech,Morning Lark,45,Messaging / Chat,45,1,32,41,44.2,8.96,23.2,16.4,0,1.0,Optimal Recovery
USR-01913,65,Female,Freelance / Creative,Intermediate,93,Instagram / Reddit,63,0,0,62,61.5,5.7,21.2,19.3,4,6.7,Moderate Debt
USR-01914,28,Female,Student,Intermediate,36,Instagram / Reddit,55,1,0,8,32.2,7.14,20.1,21.3,2,1.9,Mild Deficit
USR-01915,31,Male,Student,Night Owl,101,Messaging / Chat,79,1,0,0,62.6,4.4,21.8,26.0,5,6.6,Moderate Debt
USR-01916,41,Male,Remote Tech,Morning Lark,25,YouTube,51,1,160,1,35.8,7.43,19.4,14.4,1,1.0,Mild Deficit
USR-01917,51,Male,Remote Tech,Night Owl,150,Streaming (Netflix/Hulu),49,1,83,29,74.6,3.63,18.3,17.7,7,10.0,Severe Sleep Debt
USR-01918,36,Female,Healthcare / Shift Worker,Intermediate,52,Streaming (Netflix/Hulu),40,0,20,14,27.1,4.97,21.3,18.7,2,4.9,Moderate Debt
USR-01919,29,Female,Remote Tech,Intermediate,126,YouTube,31,0,0,59,60.2,4.85,22.4,18.9,4,6.4,Moderate Debt
USR-01920,29,Male,Freelance / Creative,Night Owl,22,YouTube,44,0,20,12,21.8,7.1,21.2,20.8,2,1.0,Mild Deficit
USR-01921,40,Female,Remote Tech,Morning Lark,83,YouTube,63,1,0,40,39.3,6.33,28.0,20.7,3,2.3,Moderate Debt
USR-01922,18,Female,Corporate 9-to-5,Intermediate,82,TikTok / Reels,81,0,0,15,65.0,5.4,21.0,21.7,4,7.0,Moderate Debt
USR-01923,37,Male,Student,Intermediate,47,Instagram / Reddit,72,0,52,27,41.6,7.81,24.1,18.6,0,1.0,Optimal Recovery
USR-01924,28,Female,Corporate 9-to-5,Intermediate,9,TikTok / Reels,44,1,228,13,42.0,6.83,17.1,9.8,1,2.5,Mild Deficit
USR-01925,44,Male,Corporate 9-to-5,Intermediate,84,News / Reading,58,0,0,45,48.3,6.21,15.5,22.7,4,4.9,Moderate Debt
USR-01926,21,Male,Remote Tech,Morning Lark,42,Instagram / Reddit,56,1,0,47,25.0,8.1,23.0,21.1,3,1.0,Optimal Recovery
USR-01927,35,Female,Student,Intermediate,113,Instagram / Reddit,78,1,0,47,60.0,5.75,22.0,20.8,2,4.2,Moderate Debt
USR-01928,32,Male,Remote Tech,Intermediate,95,TikTok / Reels,81,1,0,29,54.3,5.98,20.4,19.7,3,5.7,Moderate Debt
USR-01929,37,Female,Corporate 9-to-5,Night Owl,113,Streaming (Netflix/Hulu),16,0,20,0,40.9,5.03,21.3,22.3,3,5.0,Moderate Debt
USR-01930,20,Male,Student,Morning Lark,75,TikTok / Reels,83,1,176,19,66.9,7.11,17.3,12.4,3,3.7,Mild Deficit
USR-01931,35,Female,Remote Tech,Intermediate,57,Streaming (Netflix/Hulu),24,1,0,74,27.4,6.46,25.2,22.6,1,1.6,Moderate Debt
USR-01932,34,Female,Freelance / Creative,Intermediate,128,TikTok / Reels,60,1,0,31,63.7,6.29,23.7,17.5,6,5.5,Moderate Debt
USR-01933,34,Male,Remote Tech,Morning Lark,180,Streaming (Netflix/Hulu),13,1,97,27,72.7,4.46,21.9,21.7,5,7.7,Moderate Debt
USR-01934,36,Female,Student,Intermediate,54,Instagram / Reddit,75,0,0,65,37.0,6.15,21.9,20.5,3,3.1,Moderate Debt
USR-01935,39,Male,Corporate 9-to-5,Morning Lark,112,Streaming (Netflix/Hulu),48,0,137,36,59.4,5.73,24.6,20.9,4,5.7,Moderate Debt
USR-01936,45,Female,Student,Intermediate,33,TikTok / Reels,69,0,46,31,45.2,7.04,24.1,23.7,3,3.5,Mild Deficit
USR-01937,26,Female,Student,Night Owl,24,TikTok / Reels,49,0,0,45,24.8,7.52,26.6,19.7,1,1.0,Mild Deficit
USR-01938,46,Female,Freelance / Creative,Night Owl,34,YouTube,74,0,0,68,27.3,5.52,23.7,20.2,3,3.5,Moderate Debt
USR-01939,32,Female,Corporate 9-to-5,Intermediate,32,Instagram / Reddit,22,0,0,10,34.0,5.97,24.7,21.6,3,2.1,Moderate Debt
USR-01940,20,Female,Remote Tech,Night Owl,86,TikTok / Reels,67,0,0,7,66.3,5.02,20.4,13.8,4,7.9,Moderate Debt
USR-01941,20,Male,Student,Night Owl,38,TikTok / Reels,63,0,0,21,42.0,6.06,20.6,16.6,3,4.9,Moderate Debt
USR-01942,28,Male,Corporate 9-to-5,Intermediate,25,TikTok / Reels,62,0,78,35,34.3,7.33,20.8,18.1,2,1.2,Mild Deficit
USR-01943,44,Male,Remote Tech,Night Owl,26,Streaming (Netflix/Hulu),65,1,0,46,29.0,5.47,22.4,20.8,3,3.9,Moderate Debt
USR-01944,40,Non-Binary,Freelance / Creative,Intermediate,74,Streaming (Netflix/Hulu),78,1,0,64,30.8,7.06,27.4,16.8,2,1.4,Mild Deficit
USR-01945,44,Female,Remote Tech,Intermediate,85,News / Reading,75,0,70,21,46.0,6.78,18.6,22.6,2,3.7,Mild Deficit
USR-01946,33,Male,Freelance / Creative,Intermediate,78,Instagram / Reddit,27,0,250,25,55.9,6.51,16.0,15.7,2,4.8,Moderate Debt
USR-01947,30,Female,Corporate 9-to-5,Night Owl,83,YouTube,57,0,124,61,56.4,4.92,19.5,19.1,4,7.1,Moderate Debt
USR-01948,22,Male,Student,Intermediate,43,Instagram / Reddit,62,0,24,42,38.3,6.34,24.0,17.5,1,2.4,Moderate Debt
USR-01949,27,Female,Remote Tech,Morning Lark,168,YouTube,54,1,126,29,80.5,3.3,14.9,18.1,7,10.0,Severe Sleep Debt
USR-01950,30,Non-Binary,Remote Tech,Morning Lark,43,Streaming (Netflix/Hulu),58,0,118,31,31.2,7.66,18.1,19.7,1,1.0,Mild Deficit
USR-01951,21,Male,Freelance / Creative,Morning Lark,37,Messaging / Chat,65,0,0,65,29.8,8.18,26.6,17.2,1,1.0,Optimal Recovery
USR-01952,25,Male,Corporate 9-to-5,Intermediate,84,YouTube,70,0,0,94,45.6,5.44,24.4,19.1,5,6.8,Moderate Debt
USR-01953,36,Male,Healthcare / Shift Worker,Night Owl,42,Instagram / Reddit,66,0,0,71,26.4,4.34,23.7,21.3,5,6.5,Moderate Debt
USR-01954,41,Male,Student,Intermediate,36,Streaming (Netflix/Hulu),72,1,0,37,24.8,7.21,27.0,20.4,2,1.0,Mild Deficit
USR-01955,65,Male,Corporate 9-to-5,Morning Lark,45,Streaming (Netflix/Hulu),94,1,61,43,36.5,7.71,24.0,19.1,1,1.3,Mild Deficit
USR-01956,56,Female,Freelance / Creative,Night Owl,61,Instagram / Reddit,51,1,162,55,41.4,5.33,22.6,15.7,4,5.5,Moderate Debt
USR-01957,37,Female,Remote Tech,Intermediate,101,TikTok / Reels,52,0,128,3,63.2,5.87,14.2,13.7,4,5.6,Moderate Debt
USR-01958,30,Female,Healthcare / Shift Worker,Intermediate,14,News / Reading,69,0,0,29,29.3,6.9,21.8,21.0,3,2.4,Mild Deficit
USR-01959,37,Female,Remote Tech,Intermediate,101,YouTube,55,1,0,21,48.8,5.82,19.7,19.3,2,4.9,Moderate Debt
USR-01960,44,Male,Healthcare / Shift Worker,Night Owl,18,YouTube,48,0,0,43,11.6,5.96,24.2,23.0,2,1.1,Moderate Debt
USR-01961,22,Female,Student,Intermediate,20,News / Reading,46,1,124,9,30.5,6.85,22.6,15.8,1,1.2,Mild Deficit
USR-01962,29,Male,Corporate 9-to-5,Morning Lark,63,Streaming (Netflix/Hulu),68,0,0,74,31.2,8.3,26.6,23.5,1,1.0,Optimal Recovery
USR-01963,47,Non-Binary,Student,Intermediate,15,YouTube,64,0,0,40,13.1,7.94,23.6,22.6,0,1.0,Optimal Recovery
USR-01964,29,Male,Corporate 9-to-5,Night Owl,36,TikTok / Reels,92,1,0,27,41.0,5.43,22.2,23.0,3,5.2,Moderate Debt
USR-01965,35,Female,Remote Tech,Intermediate,94,Streaming (Netflix/Hulu),35,1,0,32,43.9,6.76,24.7,21.9,3,2.0,Mild Deficit
USR-01966,35,Female,Corporate 9-to-5,Morning Lark,84,YouTube,35,1,0,52,35.2,6.14,23.0,18.0,3,2.8,Moderate Debt
USR-01967,24,Female,Corporate 9-to-5,Morning Lark,101,TikTok / Reels,56,0,0,4,58.0,5.36,18.9,20.7,4,6.7,Moderate Debt
USR-01968,28,Female,Corporate 9-to-5,Intermediate,34,News / Reading,39,0,0,18,25.7,6.28,21.5,20.6,1,1.0,Moderate Debt
USR-01969,28,Male,Remote Tech,Intermediate,43,YouTube,19,1,0,52,26.9,7.81,27.6,19.7,2,1.0,Optimal Recovery
USR-01970,18,Male,Remote Tech,Intermediate,19,Instagram / Reddit,47,0,0,20,22.1,7.63,21.9,18.9,0,1.0,Mild Deficit
USR-01971,18,Male,Remote Tech,Night Owl,44,Instagram / Reddit,98,1,0,60,34.3,5.39,22.7,22.4,3,5.0,Moderate Debt
USR-01972,47,Male,Corporate 9-to-5,Night Owl,19,Streaming (Netflix/Hulu),100,0,77,31,27.0,6.85,22.1,18.6,2,1.0,Mild Deficit
USR-01973,26,Male,Student,Morning Lark,180,Messaging / Chat,66,1,0,31,70.7,5.11,25.7,20.0,5,8.1,Moderate Debt
USR-01974,33,Female,Student,Intermediate,70,Instagram / Reddit,33,1,0,23,38.7,7.73,22.4,18.6,2,1.5,Mild Deficit
USR-01975,27,Male,Remote Tech,Morning Lark,60,Instagram / Reddit,39,0,0,50,30.6,7.94,24.8,18.2,0,1.0,Optimal Recovery
USR-01976,56,Female,Healthcare / Shift Worker,Night Owl,32,Messaging / Chat,57,0,0,43,45.3,3.57,22.9,16.7,5,8.6,Severe Sleep Debt
USR-01977,26,Female,Student,Intermediate,30,Messaging / Chat,45,1,0,29,24.7,6.61,20.7,22.3,1,1.0,Moderate Debt
USR-01978,30,Female,Student,Morning Lark,39,Streaming (Netflix/Hulu),58,1,74,54,35.8,7.45,21.5,22.1,2,1.3,Mild Deficit
USR-01979,50,Female,Corporate 9-to-5,Night Owl,65,Messaging / Chat,56,1,0,8,37.8,5.98,19.7,20.3,3,3.0,Moderate Debt
USR-01980,47,Female,Corporate 9-to-5,Night Owl,24,TikTok / Reels,31,0,136,23,33.3,5.67,22.8,20.3,3,4.9,Moderate Debt
USR-01981,24,Female,Healthcare / Shift Worker,Morning Lark,19,TikTok / Reels,54,1,0,23,46.5,7.72,24.5,17.2,3,1.0,Mild Deficit
USR-01982,45,Male,Healthcare / Shift Worker,Morning Lark,4,TikTok / Reels,64,1,57,14,11.1,6.12,23.3,22.6,1,2.2,Moderate Debt
USR-01983,31,Male,Corporate 9-to-5,Intermediate,71,TikTok / Reels,48,0,39,39,43.5,8.49,21.2,16.8,2,1.6,Optimal Recovery
USR-01984,32,Female,Remote Tech,Intermediate,48,TikTok / Reels,74,1,0,7,30.7,7.15,18.1,18.9,2,1.4,Mild Deficit
USR-01985,22,Female,Student,Night Owl,39,TikTok / Reels,56,0,60,15,51.8,5.16,20.6,17.1,4,6.7,Moderate Debt
USR-01986,20,Male,Student,Intermediate,24,News / Reading,52,0,0,33,17.1,8.31,19.1,20.9,1,1.0,Optimal Recovery
USR-01987,41,Female,Healthcare / Shift Worker,Intermediate,39,YouTube,56,0,112,9,34.9,4.56,13.9,21.5,3,6.5,Moderate Debt
USR-01988,32,Male,Corporate 9-to-5,Night Owl,115,Instagram / Reddit,44,1,0,49,62.4,3.82,22.7,18.4,5,8.3,Moderate Debt
USR-01989,30,Male,Remote Tech,Intermediate,29,Messaging / Chat,63,0,82,67,31.7,7.52,18.2,17.8,0,1.0,Mild Deficit
USR-01990,41,Female,Corporate 9-to-5,Intermediate,77,TikTok / Reels,38,0,0,47,55.1,7.02,26.1,22.0,3,3.0,Mild Deficit
USR-01991,43,Female,Remote Tech,Intermediate,84,YouTube,100,1,0,31,51.3,5.32,24.2,21.0,3,4.9,Moderate Debt
USR-01992,23,Female,Corporate 9-to-5,Night Owl,22,TikTok / Reels,96,0,0,12,36.6,5.78,21.6,19.1,5,5.1,Moderate Debt
USR-01993,36,Female,Healthcare / Shift Worker,Morning Lark,26,TikTok / Reels,53,0,0,23,23.9,8.95,20.5,18.6,0,1.0,Optimal Recovery
USR-01994,22,Female,Remote Tech,Intermediate,50,Messaging / Chat,66,0,28,15,30.5,6.91,22.7,18.6,1,1.2,Mild Deficit
USR-01995,42,Male,Healthcare / Shift Worker,Morning Lark,162,Messaging / Chat,67,0,0,62,83.2,3.48,26.8,18.4,7,10.0,Severe Sleep Debt
USR-01996,38,Female,Corporate 9-to-5,Night Owl,95,Messaging / Chat,67,1,0,43,40.5,3.91,21.2,23.4,5,8.7,Severe Sleep Debt
USR-01997,58,Male,Corporate 9-to-5,Intermediate,50,Messaging / Chat,69,0,0,31,42.7,6.8,24.9,17.5,2,2.6,Mild Deficit
USR-01998,20,Male,Corporate 9-to-5,Intermediate,97,TikTok / Reels,70,0,0,50,69.3,5.71,18.8,18.8,4,6.2,Moderate Debt
USR-01999,20,Female,Remote Tech,Night Owl,8,Instagram / Reddit,69,0,0,0,26.7,6.55,24.0,18.7,2,1.6,Moderate Debt
USR-02000,26,Female,Healthcare / Shift Worker,Night Owl,47,Instagram / Reddit,39,0,0,31,31.4,3.6,24.0,22.4,5,7.2,Moderate Debt
USR-02001,26,Female,Remote Tech,Night Owl,8,Messaging / Chat,64,1,0,82,21.2,7.71,24.1,21.9,4,1.3,Mild Deficit
USR-02002,25,Female,Corporate 9-to-5,Morning Lark,58,TikTok / Reels,40,1,0,44,47.8,7.56,25.3,20.5,3,2.0,Mild Deficit
USR-02003,53,Male,Corporate 9-to-5,Night Owl,81,Instagram / Reddit,65,0,167,0,61.7,4.26,15.2,15.6,5,9.1,Severe Sleep Debt
USR-02004,25,Female,Corporate 9-to-5,Intermediate,36,TikTok / Reels,74,0,0,25,38.9,7.53,23.9,19.5,2,2.1,Mild Deficit
USR-02005,26,Male,Student,Morning Lark,34,TikTok / Reels,63,0,62,33,40.4,8.07,21.8,14.4,1,1.0,Optimal Recovery
USR-02006,43,Female,Remote Tech,Intermediate,51,Streaming (Netflix/Hulu),70,1,0,52,41.6,7.62,25.2,21.6,0,1.3,Mild Deficit
USR-02007,31,Female,Student,Intermediate,38,TikTok / Reels,59,1,0,0,30.7,6.04,20.7,18.7,2,2.9,Moderate Debt
USR-02008,43,Male,Student,Morning Lark,42,Instagram / Reddit,92,0,0,36,39.5,7.94,19.4,17.8,1,1.0,Optimal Recovery
USR-02009,20,Male,Corporate 9-to-5,Intermediate,103,Instagram / Reddit,63,0,49,25,77.8,5.18,21.5,15.2,5,7.4,Moderate Debt
USR-02010,32,Female,Corporate 9-to-5,Night Owl,84,TikTok / Reels,37,1,171,40,62.5,3.2,17.9,17.7,6,10.0,Severe Sleep Debt
USR-02011,19,Female,Student,Intermediate,66,TikTok / Reels,45,1,20,52,47.2,5.83,28.0,20.7,3,3.6,Moderate Debt
USR-02012,20,Male,Student,Intermediate,16,Messaging / Chat,64,1,0,48,12.9,7.72,21.4,19.9,0,1.0,Mild Deficit
USR-02013,53,Female,Remote Tech,Intermediate,74,Messaging / Chat,81,1,56,43,41.7,5.55,23.7,18.3,3,4.3,Moderate Debt
USR-02014,22,Female,Corporate 9-to-5,Night Owl,50,Instagram / Reddit,63,0,118,0,42.6,6.36,21.5,17.6,1,4.0,Moderate Debt
USR-02015,33,Male,Corporate 9-to-5,Morning Lark,38,Messaging / Chat,60,0,25,11,24.8,7.89,20.1,19.9,1,1.0,Optimal Recovery
USR-02016,29,Female,Corporate 9-to-5,Intermediate,42,TikTok / Reels,33,0,0,11,27.6,6.68,22.1,16.9,2,1.9,Moderate Debt
USR-02017,28,Male,Corporate 9-to-5,Intermediate,116,TikTok / Reels,93,0,0,85,68.4,3.71,24.5,16.2,6,9.5,Severe Sleep Debt
USR-02018,52,Male,Corporate 9-to-5,Night Owl,93,TikTok / Reels,28,0,68,44,59.8,4.38,20.5,19.4,4,8.0,Moderate Debt
USR-02019,18,Male,Remote Tech,Morning Lark,42,YouTube,24,0,0,26,26.5,8.21,20.2,18.7,2,1.0,Optimal Recovery
USR-02020,38,Male,Corporate 9-to-5,Intermediate,132,Instagram / Reddit,46,0,73,48,85.8,3.94,22.4,19.4,6,10.0,Severe Sleep Debt
USR-02021,59,Male,Corporate 9-to-5,Intermediate,88,TikTok / Reels,67,1,32,18,59.7,4.76,22.0,16.3,5,6.6,Moderate Debt
USR-02022,34,Male,Healthcare / Shift Worker,Night Owl,30,TikTok / Reels,47,1,0,37,35.4,4.42,18.9,20.6,4,5.7,Moderate Debt
USR-02023,56,Male,Remote Tech,Morning Lark,30,Messaging / Chat,43,0,20,57,48.0,7.6,24.9,17.1,2,1.0,Mild Deficit
USR-02024,19,Female,Freelance / Creative,Intermediate,57,YouTube,39,0,20,50,34.8,6.62,26.1,19.5,2,2.6,Moderate Debt
USR-02025,30,Female,Corporate 9-to-5,Morning Lark,25,News / Reading,90,0,143,79,42.8,9.47,26.4,14.5,0,1.0,Optimal Recovery
USR-02026,26,Male,Student,Night Owl,142,TikTok / Reels,62,0,0,41,87.9,3.2,20.3,17.9,7,10.0,Severe Sleep Debt
USR-02027,41,Male,Corporate 9-to-5,Intermediate,58,Streaming (Netflix/Hulu),73,0,0,37,35.1,7.2,22.5,14.3,2,1.9,Mild Deficit
USR-02028,62,Female,Student,Intermediate,27,Messaging / Chat,96,1,0,78,13.4,7.8,28.0,16.6,1,1.0,Optimal Recovery
USR-02029,26,Male,Corporate 9-to-5,Intermediate,121,Streaming (Netflix/Hulu),96,1,71,23,66.7,4.82,17.6,17.2,5,8.1,Moderate Debt
USR-02030,38,Female,Corporate 9-to-5,Intermediate,7,YouTube,37,0,0,93,7.9,6.97,27.1,22.0,1,1.0,Mild Deficit
USR-02031,24,Male,Freelance / Creative,Morning Lark,59,TikTok / Reels,60,0,203,31,50.1,7.74,14.5,15.8,3,3.8,Mild Deficit
USR-02032,35,Male,Remote Tech,Intermediate,48,YouTube,71,1,0,36,37.9,6.22,22.4,21.3,3,3.8,Moderate Debt
USR-02033,31,Male,Freelance / Creative,Night Owl,18,Streaming (Netflix/Hulu),57,0,0,41,20.5,7.77,22.6,16.8,2,1.0,Optimal Recovery
USR-02034,60,Female,Corporate 9-to-5,Intermediate,128,Instagram / Reddit,41,1,0,2,77.6,3.92,19.4,15.8,6,10.0,Severe Sleep Debt
USR-02035,36,Male,Corporate 9-to-5,Night Owl,37,Streaming (Netflix/Hulu),10,1,126,30,38.8,4.44,19.5,22.2,5,6.5,Moderate Debt
USR-02036,28,Female,Remote Tech,Morning Lark,33,TikTok / Reels,82,1,0,15,21.1,7.43,20.0,20.1,1,1.0,Mild Deficit
USR-02037,21,Female,Student,Night Owl,85,YouTube,92,1,20,49,44.2,5.45,25.2,20.9,5,5.7,Moderate Debt
USR-02038,23,Female,Remote Tech,Intermediate,57,TikTok / Reels,70,1,49,25,35.1,5.62,20.6,19.1,3,5.6,Moderate Debt
USR-02039,25,Male,Freelance / Creative,Intermediate,27,Streaming (Netflix/Hulu),55,0,0,34,27.6,6.8,21.5,18.4,3,1.5,Mild Deficit
USR-02040,25,Female,Corporate 9-to-5,Intermediate,36,Instagram / Reddit,44,1,0,30,31.3,7.21,22.6,21.6,2,1.9,Mild Deficit
USR-02041,48,Female,Student,Night Owl,118,Instagram / Reddit,58,0,46,18,67.1,3.29,24.7,17.6,6,10.0,Severe Sleep Debt
USR-02042,34,Male,Corporate 9-to-5,Night Owl,44,Streaming (Netflix/Hulu),82,0,0,55,25.6,4.59,26.0,22.8,4,4.2,Moderate Debt
USR-02043,33,Male,Corporate 9-to-5,Intermediate,160,TikTok / Reels,66,1,97,61,101.9,4.08,13.5,13.3,7,10.0,Severe Sleep Debt
USR-02044,21,Male,Remote Tech,Intermediate,25,Instagram / Reddit,11,1,0,6,15.8,7.48,22.1,24.1,1,1.0,Mild Deficit
USR-02045,49,Male,Remote Tech,Morning Lark,40,TikTok / Reels,87,0,0,28,33.6,7.77,16.9,16.7,1,1.6,Optimal Recovery
USR-02046,41,Female,Corporate 9-to-5,Intermediate,31,Streaming (Netflix/Hulu),69,0,0,34,31.5,7.9,23.7,22.6,1,1.0,Optimal Recovery
USR-02047,20,Male,Corporate 9-to-5,Intermediate,81,YouTube,34,0,51,0,41.8,6.2,22.1,21.5,2,3.6,Moderate Debt
USR-02048,40,Male,Remote Tech,Intermediate,165,YouTube,67,1,0,38,64.7,5.08,20.3,15.0,5,8.5,Moderate Debt
USR-02049,34,Female,Remote Tech,Intermediate,54,YouTube,59,0,0,45,38.6,7.22,27.2,17.1,0,1.0,Mild Deficit
USR-02050,20,Female,Corporate 9-to-5,Night Owl,61,TikTok / Reels,59,0,250,40,58.9,3.98,19.4,11.8,5,9.4,Severe Sleep Debt
USR-02051,31,Female,Corporate 9-to-5,Night Owl,39,YouTube,35,0,0,28,33.8,5.36,16.6,17.8,5,6.6,Moderate Debt
USR-02052,32,Female,Corporate 9-to-5,Morning Lark,17,News / Reading,50,0,21,48,24.0,8.52,25.4,21.8,1,1.0,Optimal Recovery
USR-02053,23,Male,Freelance / Creative,Night Owl,45,YouTube,23,0,0,42,27.2,5.33,21.8,21.0,3,3.7,Moderate Debt
USR-02054,57,Male,Freelance / Creative,Morning Lark,70,Instagram / Reddit,80,0,0,1,43.9,7.27,21.1,20.9,1,1.6,Mild Deficit
USR-02055,48,Male,Remote Tech,Night Owl,35,Streaming (Netflix/Hulu),38,1,0,55,26.0,6.71,26.0,17.5,3,1.9,Moderate Debt
USR-02056,39,Female,Freelance / Creative,Morning Lark,19,Instagram / Reddit,77,0,0,41,33.4,8.31,20.1,18.9,1,1.0,Optimal Recovery
USR-02057,31,Female,Student,Night Owl,5,YouTube,67,1,0,60,21.4,5.12,21.5,17.8,3,3.8,Moderate Debt
USR-02058,29,Male,Corporate 9-to-5,Intermediate,132,TikTok / Reels,47,1,30,29,75.8,4.93,21.5,15.1,3,6.1,Moderate Debt
USR-02059,38,Female,Corporate 9-to-5,Intermediate,38,Streaming (Netflix/Hulu),40,0,0,76,26.8,7.93,22.6,23.0,1,1.0,Optimal Recovery
USR-02060,34,Non-Binary,Freelance / Creative,Intermediate,68,Streaming (Netflix/Hulu),59,0,66,46,46.3,7.57,18.0,21.1,2,1.8,Mild Deficit
USR-02061,20,Female,Student,Morning Lark,100,Messaging / Chat,77,1,63,61,58.6,7.51,21.4,17.3,3,2.9,Mild Deficit
USR-02062,33,Male,Healthcare / Shift Worker,Morning Lark,112,TikTok / Reels,71,0,20,28,71.9,4.57,18.1,21.8,6,10.0,Severe Sleep Debt
USR-02063,45,Female,Healthcare / Shift Worker,Intermediate,34,TikTok / Reels,66,1,0,52,32.5,5.35,23.2,22.0,4,4.4,Moderate Debt
USR-02064,31,Female,Remote Tech,Night Owl,66,Messaging / Chat,52,0,0,44,35.1,5.29,19.6,18.3,2,2.6,Moderate Debt
USR-02065,19,Female,Corporate 9-to-5,Intermediate,71,Instagram / Reddit,71,0,242,46,70.8,6.97,17.8,15.5,4,5.0,Mild Deficit
USR-02066,44,Male,Corporate 9-to-5,Intermediate,91,News / Reading,24,0,175,55,43.0,5.8,19.5,19.0,3,4.9,Moderate Debt
USR-02067,24,Male,Corporate 9-to-5,Intermediate,70,YouTube,60,0,0,28,36.8,7.62,26.8,21.1,0,1.0,Mild Deficit
USR-02068,26,Female,Corporate 9-to-5,Intermediate,61,YouTube,55,0,164,0,44.1,6.63,16.1,14.8,4,5.6,Moderate Debt
USR-02069,23,Male,Remote Tech,Intermediate,25,TikTok / Reels,31,1,0,63,24.4,8.61,23.2,22.4,0,1.0,Optimal Recovery
USR-02070,27,Male,Corporate 9-to-5,Night Owl,79,TikTok / Reels,48,0,52,25,50.4,5.48,18.3,17.6,3,5.9,Moderate Debt
USR-02071,42,Male,Corporate 9-to-5,Intermediate,51,YouTube,89,1,77,30,41.7,6.48,21.0,18.7,2,3.2,Moderate Debt
USR-02072,33,Male,Remote Tech,Morning Lark,122,TikTok / Reels,66,0,20,37,84.3,5.72,23.8,19.0,4,6.7,Moderate Debt
USR-02073,24,Female,Corporate 9-to-5,Morning Lark,80,YouTube,74,1,20,32,37.6,7.34,21.7,20.3,0,1.0,Mild Deficit
USR-02074,50,Female,Remote Tech,Intermediate,11,Messaging / Chat,46,1,29,46,15.9,7.31,23.6,21.8,1,1.0,Mild Deficit
USR-02075,50,Male,Remote Tech,Intermediate,24,YouTube,21,1,0,0,17.0,7.12,22.6,21.8,2,1.9,Mild Deficit
USR-02076,50,Male,Student,Morning Lark,39,TikTok / Reels,85,0,0,45,31.0,8.21,18.7,18.4,2,1.0,Optimal Recovery
USR-02077,25,Non-Binary,Freelance / Creative,Night Owl,50,News / Reading,40,0,20,57,37.5,4.78,25.0,22.3,4,4.7,Moderate Debt
USR-02078,31,Male,Corporate 9-to-5,Intermediate,177,TikTok / Reels,48,1,0,36,102.9,3.99,19.0,19.4,7,10.0,Severe Sleep Debt
USR-02079,63,Female,Corporate 9-to-5,Intermediate,86,Instagram / Reddit,28,0,146,50,50.7,6.02,18.3,16.0,2,5.4,Moderate Debt
USR-02080,43,Male,Healthcare / Shift Worker,Morning Lark,31,Messaging / Chat,83,1,0,28,23.2,6.81,25.6,21.3,2,1.4,Mild Deficit
USR-02081,18,Female,Remote Tech,Night Owl,87,TikTok / Reels,62,1,0,18,53.7,5.65,21.2,21.7,3,4.8,Moderate Debt
USR-02082,20,Non-Binary,Student,Night Owl,59,Streaming (Netflix/Hulu),52,1,56,44,32.3,5.42,26.4,20.5,2,3.6,Moderate Debt
USR-02083,31,Female,Corporate 9-to-5,Morning Lark,88,Instagram / Reddit,67,0,0,22,53.6,6.46,14.0,21.4,4,5.6,Moderate Debt
USR-02084,53,Male,Healthcare / Shift Worker,Night Owl,42,YouTube,48,1,120,20,35.7,4.71,19.4,20.6,3,5.6,Moderate Debt
USR-02085,34,Male,Freelance / Creative,Intermediate,180,Messaging / Chat,43,1,0,34,77.4,4.23,22.6,21.8,6,7.9,Moderate Debt
USR-02086,32,Female,Student,Intermediate,132,Streaming (Netflix/Hulu),31,0,107,12,56.7,6.69,18.0,21.4,4,5.1,Moderate Debt
USR-02087,21,Female,Corporate 9-to-5,Night Owl,78,Instagram / Reddit,29,0,0,48,53.9,5.18,27.0,20.7,3,4.7,Moderate Debt
USR-02088,38,Male,Healthcare / Shift Worker,Night Owl,38,Instagram / Reddit,76,1,0,37,43.4,3.88,20.5,16.5,4,7.1,Moderate Debt
USR-02089,46,Male,Healthcare / Shift Worker,Night Owl,88,YouTube,80,1,0,69,55.0,3.36,24.6,17.1,6,8.7,Severe Sleep Debt
USR-02090,29,Female,Student,Night Owl,17,TikTok / Reels,21,0,0,8,19.9,6.0,25.4,19.3,2,3.5,Moderate Debt
USR-02091,43,Male,Corporate 9-to-5,Night Owl,138,TikTok / Reels,54,1,148,41,88.3,3.2,16.9,13.6,7,10.0,Severe Sleep Debt
USR-02092,59,Male,Healthcare / Shift Worker,Morning Lark,120,YouTube,57,0,0,33,62.1,4.9,15.2,19.1,5,6.8,Moderate Debt
USR-02093,24,Female,Corporate 9-to-5,Intermediate,72,TikTok / Reels,42,1,0,58,53.0,5.29,23.6,15.5,4,5.5,Moderate Debt
USR-02094,33,Female,Corporate 9-to-5,Intermediate,26,TikTok / Reels,39,1,31,64,46.3,7.3,24.3,15.9,3,2.5,Mild Deficit
USR-02095,26,Male,Remote Tech,Night Owl,41,TikTok / Reels,57,1,0,26,25.7,6.09,27.4,20.9,3,2.9,Moderate Debt
USR-02096,44,Male,Corporate 9-to-5,Intermediate,8,YouTube,41,0,79,35,27.2,8.41,25.5,23.5,0,1.0,Optimal Recovery
USR-02097,35,Male,Student,Morning Lark,8,Streaming (Netflix/Hulu),56,1,0,24,21.2,7.93,24.6,25.5,1,1.0,Optimal Recovery
USR-02098,37,Male,Student,Night Owl,46,YouTube,33,0,49,54,39.6,6.43,22.2,22.7,3,3.9,Moderate Debt
USR-02099,44,Female,Corporate 9-to-5,Night Owl,24,Instagram / Reddit,43,0,22,50,23.8,5.74,19.7,19.5,3,4.7,Moderate Debt
USR-02100,29,Female,Student,Intermediate,11,YouTube,49,1,93,27,30.2,7.78,21.7,15.9,1,1.7,Optimal Recovery
USR-02101,54,Female,Freelance / Creative,Morning Lark,38,Messaging / Chat,48,0,81,11,26.9,8.67,20.8,15.3,1,1.0,Optimal Recovery
USR-02102,33,Female,Corporate 9-to-5,Morning Lark,41,Streaming (Netflix/Hulu),78,1,0,24,25.7,8.04,24.1,19.1,1,1.0,Optimal Recovery
USR-02103,23,Male,Remote Tech,Morning Lark,20,Messaging / Chat,44,1,110,70,31.1,8.23,26.1,19.6,1,1.0,Optimal Recovery
USR-02104,40,Male,Corporate 9-to-5,Intermediate,64,Streaming (Netflix/Hulu),74,1,0,22,39.3,6.95,22.1,21.4,4,2.3,Mild Deficit
USR-02105,44,Female,Remote Tech,Night Owl,97,TikTok / Reels,10,1,0,24,53.9,4.47,28.0,19.0,5,6.2,Moderate Debt
USR-02106,27,Female,Corporate 9-to-5,Morning Lark,66,YouTube,55,1,0,19,33.8,7.59,23.1,22.9,2,2.0,Mild Deficit
USR-02107,49,Male,Remote Tech,Intermediate,50,Streaming (Netflix/Hulu),13,1,0,46,43.3,7.09,24.7,21.2,2,1.2,Mild Deficit
USR-02108,53,Male,Corporate 9-to-5,Intermediate,53,Instagram / Reddit,80,0,0,17,48.7,7.62,16.8,20.2,2,2.1,Mild Deficit
USR-02109,26,Male,Freelance / Creative,Intermediate,43,YouTube,95,1,143,52,41.3,7.03,20.5,18.3,1,3.0,Mild Deficit
USR-02110,62,Male,Student,Intermediate,38,Streaming (Netflix/Hulu),54,1,0,40,28.0,8.25,25.4,20.0,2,1.0,Optimal Recovery
USR-02111,22,Male,Remote Tech,Night Owl,66,TikTok / Reels,89,1,145,38,50.0,4.64,22.0,15.1,5,6.7,Moderate Debt
USR-02112,24,Male,Remote Tech,Night Owl,68,Messaging / Chat,39,1,36,53,40.1,4.39,27.0,22.0,4,5.7,Moderate Debt
USR-02113,24,Female,Remote Tech,Intermediate,53,YouTube,75,0,32,30,36.1,6.52,20.2,20.4,3,2.6,Moderate Debt
USR-02114,52,Female,Remote Tech,Night Owl,39,Streaming (Netflix/Hulu),72,1,0,65,38.4,4.36,24.1,27.0,5,5.8,Moderate Debt
USR-02115,38,Female,Remote Tech,Intermediate,26,News / Reading,52,1,58,32,31.7,7.68,24.6,22.2,0,1.0,Mild Deficit
USR-02116,23,Male,Remote Tech,Morning Lark,14,Instagram / Reddit,55,0,46,10,34.3,7.56,19.8,21.7,1,1.3,Mild Deficit
USR-02117,30,Male,Corporate 9-to-5,Morning Lark,26,Instagram / Reddit,62,0,0,32,20.6,9.8,22.9,19.7,0,1.0,Optimal Recovery
USR-02118,36,Male,Corporate 9-to-5,Intermediate,39,Messaging / Chat,59,0,0,8,30.5,6.17,22.9,19.0,3,2.9,Moderate Debt
USR-02119,20,Female,Remote Tech,Morning Lark,41,YouTube,62,1,32,61,28.4,8.33,21.2,17.1,1,1.0,Optimal Recovery
USR-02120,51,Female,Healthcare / Shift Worker,Intermediate,180,Instagram / Reddit,98,0,0,40,98.4,3.2,11.6,15.8,7,10.0,Severe Sleep Debt
USR-02121,45,Female,Corporate 9-to-5,Intermediate,90,Messaging / Chat,95,0,29,22,61.5,6.32,15.6,20.0,5,7.1,Moderate Debt
USR-02122,32,Female,Corporate 9-to-5,Intermediate,66,TikTok / Reels,72,1,0,51,61.3,6.45,23.6,22.1,4,4.6,Moderate Debt
USR-02123,60,Male,Corporate 9-to-5,Morning Lark,78,Instagram / Reddit,96,0,0,38,56.5,7.75,19.4,16.9,3,3.1,Optimal Recovery
USR-02124,30,Male,Freelance / Creative,Intermediate,180,YouTube,33,1,0,32,84.2,3.66,20.9,19.8,7,9.8,Severe Sleep Debt
USR-02125,62,Male,Healthcare / Shift Worker,Intermediate,32,Streaming (Netflix/Hulu),71,1,0,17,23.1,6.35,19.5,19.5,2,2.6,Moderate Debt
USR-02126,38,Male,Remote Tech,Intermediate,142,TikTok / Reels,72,0,30,33,95.5,4.81,19.4,18.3,5,8.7,Severe Sleep Debt
USR-02127,37,Male,Freelance / Creative,Intermediate,5,Streaming (Netflix/Hulu),47,1,35,0,11.9,7.17,17.9,20.3,0,1.1,Mild Deficit
USR-02128,23,Male,Remote Tech,Night Owl,45,TikTok / Reels,98,1,0,67,35.8,6.31,20.4,22.4,2,2.9,Moderate Debt
USR-02129,51,Female,Freelance / Creative,Morning Lark,23,TikTok / Reels,87,0,0,3,22.5,9.29,21.4,12.2,0,1.0,Optimal Recovery
USR-02130,30,Male,Corporate 9-to-5,Intermediate,13,News / Reading,66,0,0,52,23.2,8.6,24.1,17.9,0,1.0,Optimal Recovery
USR-02131,23,Male,Corporate 9-to-5,Morning Lark,120,TikTok / Reels,41,1,0,18,77.1,4.91,18.7,20.2,3,6.9,Moderate Debt
USR-02132,18,Male,Student,Morning Lark,45,TikTok / Reels,24,1,0,34,40.7,7.78,20.5,16.8,2,1.0,Optimal Recovery
USR-02133,34,Female,Remote Tech,Night Owl,39,YouTube,34,1,22,55,29.8,5.25,24.0,17.8,4,5.0,Moderate Debt
USR-02134,33,Female,Student,Intermediate,45,Streaming (Netflix/Hulu),88,0,0,60,34.6,6.82,23.6,19.8,2,2.8,Mild Deficit
USR-02135,41,Female,Corporate 9-to-5,Intermediate,57,Messaging / Chat,50,0,0,80,30.0,5.99,24.5,18.4,5,4.2,Moderate Debt
USR-02136,51,Male,Student,Night Owl,28,Messaging / Chat,78,0,241,63,41.0,6.31,22.6,13.7,3,4.5,Moderate Debt
USR-02137,20,Female,Corporate 9-to-5,Morning Lark,13,TikTok / Reels,62,0,135,23,36.2,8.63,17.4,17.7,1,1.0,Optimal Recovery
USR-02138,41,Male,Corporate 9-to-5,Morning Lark,50,Instagram / Reddit,15,0,0,22,26.0,8.58,19.5,16.0,1,1.0,Optimal Recovery
USR-02139,24,Male,Freelance / Creative,Night Owl,58,Instagram / Reddit,50,0,0,47,45.1,5.97,21.1,17.1,2,3.4,Moderate Debt
USR-02140,49,Female,Healthcare / Shift Worker,Night Owl,125,Streaming (Netflix/Hulu),36,0,0,38,51.2,3.2,25.6,21.7,6,8.0,Moderate Debt
USR-02141,46,Male,Freelance / Creative,Intermediate,49,Streaming (Netflix/Hulu),72,0,0,30,38.4,7.81,25.6,25.7,1,1.0,Optimal Recovery
USR-02142,34,Male,Student,Intermediate,55,Streaming (Netflix/Hulu),73,1,0,10,29.0,7.02,19.6,23.4,3,2.8,Mild Deficit
USR-02143,40,Female,Student,Night Owl,24,TikTok / Reels,51,0,0,40,33.0,5.42,19.4,16.8,3,3.7,Moderate Debt
USR-02144,27,Male,Remote Tech,Intermediate,24,TikTok / Reels,86,0,54,28,45.4,6.92,23.0,17.0,1,3.5,Mild Deficit
USR-02145,31,Female,Corporate 9-to-5,Morning Lark,66,Streaming (Netflix/Hulu),77,0,0,60,41.3,8.8,21.7,19.9,1,1.0,Optimal Recovery
USR-02146,46,Female,Corporate 9-to-5,Intermediate,84,Instagram / Reddit,46,0,20,67,46.9,6.62,25.7,16.1,3,3.5,Moderate Debt
USR-02147,31,Male,Corporate 9-to-5,Intermediate,101,Instagram / Reddit,66,0,0,8,58.9,5.38,19.9,19.8,3,5.5,Moderate Debt
USR-02148,28,Male,Healthcare / Shift Worker,Morning Lark,64,YouTube,39,1,0,33,36.7,7.3,22.0,17.9,1,1.0,Mild Deficit
USR-02149,32,Non-Binary,Corporate 9-to-5,Intermediate,28,YouTube,48,0,0,29,26.8,7.18,22.7,17.8,1,1.1,Mild Deficit
USR-02150,46,Male,Freelance / Creative,Night Owl,15,Streaming (Netflix/Hulu),67,0,143,39,18.3,6.89,21.9,19.6,1,2.7,Mild Deficit
USR-02151,28,Male,Remote Tech,Intermediate,23,TikTok / Reels,56,1,0,28,21.5,8.46,21.3,18.2,0,1.0,Optimal Recovery
USR-02152,23,Male,Student,Morning Lark,64,Instagram / Reddit,27,1,0,52,37.0,7.41,24.9,19.0,3,2.7,Mild Deficit
USR-02153,40,Male,Corporate 9-to-5,Intermediate,16,YouTube,63,0,169,24,24.5,6.61,18.4,12.2,2,2.1,Moderate Debt
USR-02154,46,Male,Corporate 9-to-5,Night Owl,23,Streaming (Netflix/Hulu),49,1,32,56,25.2,7.59,21.5,20.5,1,1.0,Mild Deficit
USR-02155,21,Female,Freelance / Creative,Morning Lark,31,Instagram / Reddit,39,1,88,31,47.2,8.06,19.8,17.9,1,1.0,Optimal Recovery
USR-02156,25,Male,Corporate 9-to-5,Morning Lark,74,YouTube,33,0,54,49,55.1,5.28,23.0,15.8,4,5.6,Moderate Debt
USR-02157,22,Female,Corporate 9-to-5,Intermediate,114,TikTok / Reels,51,0,0,9,75.2,4.86,17.3,19.1,5,8.8,Severe Sleep Debt
USR-02158,28,Male,Corporate 9-to-5,Morning Lark,54,TikTok / Reels,60,1,0,32,55.5,7.1,23.2,19.9,2,2.8,Mild Deficit
USR-02159,31,Female,Corporate 9-to-5,Night Owl,61,TikTok / Reels,50,1,0,48,49.1,4.8,26.1,17.8,4,6.3,Moderate Debt
USR-02160,42,Male,Corporate 9-to-5,Intermediate,50,TikTok / Reels,61,0,0,39,48.1,7.11,16.2,16.3,3,3.0,Mild Deficit
USR-02161,38,Female,Student,Intermediate,45,TikTok / Reels,50,0,126,9,50.5,6.56,15.2,16.3,2,4.3,Moderate Debt
USR-02162,37,Female,Remote Tech,Night Owl,69,Streaming (Netflix/Hulu),67,1,55,41,45.5,6.12,23.4,18.2,2,3.2,Moderate Debt
USR-02163,28,Male,Remote Tech,Intermediate,46,Messaging / Chat,52,1,74,0,34.3,7.29,19.4,20.0,3,2.9,Mild Deficit
USR-02164,47,Female,Corporate 9-to-5,Morning Lark,136,TikTok / Reels,22,1,0,0,80.2,5.47,21.8,14.0,4,4.9,Moderate Debt
USR-02165,31,Male,Healthcare / Shift Worker,Morning Lark,59,TikTok / Reels,31,0,76,31,41.3,4.57,21.3,16.0,4,5.8,Moderate Debt
USR-02166,62,Female,Healthcare / Shift Worker,Intermediate,63,Messaging / Chat,44,0,0,9,36.9,4.85,22.1,20.8,4,5.4,Moderate Debt
USR-02167,37,Female,Corporate 9-to-5,Morning Lark,51,Streaming (Netflix/Hulu),80,0,0,36,34.7,7.82,23.6,22.5,1,1.2,Optimal Recovery
USR-02168,22,Female,Remote Tech,Intermediate,87,YouTube,36,0,0,2,45.6,5.6,22.6,17.6,2,3.8,Moderate Debt
USR-02169,39,Male,Corporate 9-to-5,Morning Lark,30,News / Reading,63,0,79,79,25.3,7.83,22.8,17.8,0,1.0,Optimal Recovery
USR-02170,27,Female,Healthcare / Shift Worker,Morning Lark,24,YouTube,63,0,112,19,33.5,6.53,21.7,17.5,3,2.9,Moderate Debt
USR-02171,39,Male,Student,Intermediate,79,Streaming (Netflix/Hulu),31,0,43,63,29.7,5.99,23.7,15.4,2,2.1,Moderate Debt
USR-02172,20,Female,Freelance / Creative,Night Owl,58,Instagram / Reddit,50,0,32,37,40.5,4.74,19.9,20.7,6,7.9,Moderate Debt
USR-02173,23,Female,Corporate 9-to-5,Night Owl,80,TikTok / Reels,58,1,0,36,50.1,4.33,22.0,16.7,5,6.9,Moderate Debt
USR-02174,48,Female,Remote Tech,Intermediate,41,Instagram / Reddit,49,1,0,29,42.2,6.02,25.3,17.6,2,3.1,Moderate Debt
USR-02175,25,Female,Corporate 9-to-5,Night Owl,56,TikTok / Reels,66,1,0,56,39.0,4.14,21.8,18.0,4,6.5,Moderate Debt
USR-02176,47,Male,Remote Tech,Morning Lark,37,Instagram / Reddit,66,1,250,50,50.3,7.98,22.4,13.9,2,1.0,Optimal Recovery
USR-02177,26,Male,Remote Tech,Morning Lark,49,TikTok / Reels,59,1,0,34,39.0,7.31,23.2,22.3,4,2.7,Mild Deficit
USR-02178,37,Male,Corporate 9-to-5,Intermediate,15,YouTube,73,0,29,38,19.9,8.12,25.4,20.1,1,1.0,Optimal Recovery
USR-02179,40,Female,Student,Intermediate,8,YouTube,55,0,0,65,12.1,7.18,25.8,21.2,2,1.0,Mild Deficit
USR-02180,33,Female,Remote Tech,Intermediate,17,YouTube,57,0,0,36,20.8,7.7,21.9,21.3,1,1.0,Mild Deficit
USR-02181,27,Female,Healthcare / Shift Worker,Morning Lark,85,TikTok / Reels,61,0,0,34,62.8,5.74,18.8,20.4,3,5.5,Moderate Debt
USR-02182,24,Male,Corporate 9-to-5,Morning Lark,83,Instagram / Reddit,33,0,79,12,46.8,7.47,18.3,19.3,2,1.5,Mild Deficit
USR-02183,19,Female,Freelance / Creative,Intermediate,140,YouTube,67,1,0,38,63.5,3.69,24.2,20.3,5,9.6,Severe Sleep Debt
USR-02184,27,Male,Freelance / Creative,Night Owl,81,Streaming (Netflix/Hulu),43,1,0,36,40.6,4.64,26.0,20.3,4,6.1,Moderate Debt
USR-02185,38,Female,Freelance / Creative,Intermediate,39,Messaging / Chat,51,1,109,60,36.4,6.52,18.6,22.4,2,2.9,Moderate Debt
USR-02186,56,Female,Student,Morning Lark,50,YouTube,66,1,0,45,25.7,9.25,19.6,26.2,0,1.0,Optimal Recovery
USR-02187,50,Female,Healthcare / Shift Worker,Night Owl,8,Instagram / Reddit,64,0,21,47,33.0,3.86,24.5,17.1,5,7.2,Moderate Debt
USR-02188,43,Female,Remote Tech,Intermediate,39,Streaming (Netflix/Hulu),27,1,28,62,38.4,7.35,23.8,19.9,3,1.2,Mild Deficit
USR-02189,44,Male,Corporate 9-to-5,Morning Lark,56,Instagram / Reddit,27,0,47,13,49.2,6.92,16.8,20.4,2,1.7,Mild Deficit
USR-02190,38,Female,Student,Intermediate,96,Messaging / Chat,35,1,0,48,52.4,6.29,28.0,22.9,3,2.1,Moderate Debt
USR-02191,26,Male,Student,Night Owl,53,YouTube,59,1,70,1,26.2,4.25,20.7,19.0,4,6.0,Moderate Debt
USR-02192,53,Female,Freelance / Creative,Night Owl,21,Streaming (Netflix/Hulu),81,1,71,0,20.3,6.7,22.1,15.3,2,1.9,Moderate Debt
USR-02193,39,Male,Remote Tech,Intermediate,92,Messaging / Chat,45,1,57,22,53.1,6.08,22.6,19.2,4,4.5,Moderate Debt
USR-02194,34,Female,Corporate 9-to-5,Intermediate,36,TikTok / Reels,36,0,41,28,32.3,8.09,21.2,17.7,1,1.0,Optimal Recovery
USR-02195,21,Male,Student,Intermediate,28,YouTube,36,1,0,0,18.1,8.47,23.0,22.3,0,1.0,Optimal Recovery
USR-02196,31,Male,Freelance / Creative,Morning Lark,48,TikTok / Reels,64,0,0,17,33.3,8.05,23.6,21.6,2,1.0,Optimal Recovery
USR-02197,31,Male,Corporate 9-to-5,Night Owl,36,YouTube,77,0,85,25,44.0,5.76,20.4,18.9,3,4.7,Moderate Debt
USR-02198,49,Female,Corporate 9-to-5,Intermediate,56,YouTube,75,0,144,17,55.2,6.62,21.6,16.3,5,5.8,Moderate Debt
USR-02199,34,Male,Remote Tech,Morning Lark,77,Instagram / Reddit,42,0,0,57,43.5,7.38,25.4,24.4,3,2.9,Mild Deficit
USR-02200,29,Female,Corporate 9-to-5,Intermediate,40,Streaming (Netflix/Hulu),25,0,0,52,20.1,6.73,20.3,18.0,1,1.0,Moderate Debt
USR-02201,61,Female,Corporate 9-to-5,Intermediate,40,TikTok / Reels,57,0,0,30,36.4,6.84,24.3,15.2,2,2.1,Mild Deficit
USR-02202,21,Female,Corporate 9-to-5,Night Owl,77,Instagram / Reddit,85,0,120,47,63.2,4.87,16.0,16.2,6,8.4,Moderate Debt
USR-02203,30,Female,Healthcare / Shift Worker,Night Owl,77,TikTok / Reels,64,0,0,40,49.2,3.2,18.2,20.7,4,9.6,Severe Sleep Debt
USR-02204,19,Non-Binary,Corporate 9-to-5,Morning Lark,59,TikTok / Reels,28,0,49,0,52.1,7.78,21.4,18.4,2,1.6,Optimal Recovery
USR-02205,42,Female,Remote Tech,Night Owl,46,News / Reading,54,0,45,61,29.0,4.64,22.4,21.9,3,5.3,Moderate Debt
USR-02206,54,Male,Student,Intermediate,106,TikTok / Reels,35,1,0,48,72.6,5.06,23.6,18.9,5,7.3,Moderate Debt
USR-02207,26,Male,Freelance / Creative,Morning Lark,31,TikTok / Reels,62,0,64,24,34.0,7.49,15.1,16.8,2,1.5,Mild Deficit
USR-02208,49,Male,Freelance / Creative,Intermediate,78,YouTube,54,0,0,80,46.6,4.61,25.5,16.4,4,5.6,Moderate Debt
USR-02209,26,Male,Remote Tech,Intermediate,30,TikTok / Reels,50,1,0,20,31.7,6.97,26.3,17.5,2,2.2,Mild Deficit
USR-02210,53,Female,Freelance / Creative,Morning Lark,55,YouTube,42,1,77,16,37.8,7.42,22.2,20.3,1,1.0,Mild Deficit
USR-02211,42,Male,Corporate 9-to-5,Intermediate,19,TikTok / Reels,64,1,0,53,25.3,7.61,23.4,15.3,1,1.0,Mild Deficit
USR-02212,45,Female,Student,Intermediate,56,Instagram / Reddit,79,0,20,22,57.5,7.0,19.0,17.8,3,4.4,Mild Deficit
USR-02213,18,Male,Student,Morning Lark,110,YouTube,87,0,0,45,55.2,6.2,20.4,19.4,5,5.8,Moderate Debt
USR-02214,59,Male,Corporate 9-to-5,Intermediate,89,Streaming (Netflix/Hulu),63,0,0,0,51.3,6.3,20.2,21.6,3,4.7,Moderate Debt
USR-02215,41,Non-Binary,Remote Tech,Intermediate,10,Messaging / Chat,80,0,0,41,37.0,6.02,24.7,19.9,4,4.0,Moderate Debt
USR-02216,27,Female,Corporate 9-to-5,Morning Lark,108,TikTok / Reels,35,1,90,36,61.9,5.75,21.7,17.1,3,5.2,Moderate Debt
USR-02217,46,Female,Healthcare / Shift Worker,Night Owl,35,Instagram / Reddit,48,0,0,55,33.2,4.39,27.4,19.6,2,4.8,Moderate Debt
USR-02218,26,Female,Remote Tech,Morning Lark,70,TikTok / Reels,36,0,110,11,64.7,6.47,16.6,16.1,3,5.0,Moderate Debt
USR-02219,50,Female,Student,Morning Lark,50,TikTok / Reels,45,1,0,50,54.7,6.22,15.6,21.0,3,4.2,Moderate Debt
USR-02220,21,Female,Corporate 9-to-5,Morning Lark,33,Streaming (Netflix/Hulu),34,0,0,32,22.2,9.41,19.2,23.3,0,1.0,Optimal Recovery
USR-02221,40,Male,Corporate 9-to-5,Intermediate,65,Streaming (Netflix/Hulu),88,0,0,46,33.8,7.87,24.6,24.2,0,1.0,Optimal Recovery
USR-02222,34,Female,Freelance / Creative,Intermediate,34,TikTok / Reels,48,0,0,31,29.0,6.53,25.9,19.2,3,2.2,Moderate Debt
USR-02223,21,Female,Student,Intermediate,80,TikTok / Reels,52,1,0,30,48.8,6.04,25.1,16.1,2,2.9,Moderate Debt
USR-02224,25,Male,Freelance / Creative,Intermediate,33,TikTok / Reels,24,0,193,32,35.6,7.71,25.4,18.2,2,1.0,Mild Deficit
USR-02225,18,Male,Corporate 9-to-5,Night Owl,31,Streaming (Netflix/Hulu),15,0,0,33,13.1,5.85,24.9,21.4,2,1.1,Moderate Debt
USR-02226,31,Female,Corporate 9-to-5,Morning Lark,81,Streaming (Netflix/Hulu),89,1,0,0,43.2,7.65,22.8,20.4,2,1.6,Mild Deficit
USR-02227,27,Female,Remote Tech,Intermediate,175,YouTube,50,1,100,33,78.2,4.62,19.0,17.1,5,8.7,Severe Sleep Debt
USR-02228,36,Female,Remote Tech,Morning Lark,95,TikTok / Reels,100,0,36,17,64.7,6.6,18.6,17.4,4,5.2,Moderate Debt
USR-02229,27,Female,Corporate 9-to-5,Morning Lark,86,YouTube,52,1,36,35,44.5,7.72,26.9,20.9,2,1.0,Mild Deficit
USR-02230,27,Male,Student,Intermediate,52,Streaming (Netflix/Hulu),30,1,80,74,28.1,7.05,19.9,25.3,1,1.2,Mild Deficit
USR-02231,42,Female,Remote Tech,Morning Lark,77,Instagram / Reddit,55,1,0,61,58.5,8.01,25.1,21.2,2,2.0,Optimal Recovery
USR-02232,19,Male,Corporate 9-to-5,Intermediate,40,TikTok / Reels,56,0,0,45,48.9,7.62,23.0,19.2,2,1.2,Mild Deficit
USR-02233,53,Male,Corporate 9-to-5,Night Owl,121,TikTok / Reels,58,0,0,0,77.5,3.83,19.2,23.7,7,10.0,Severe Sleep Debt
USR-02234,48,Male,Remote Tech,Morning Lark,13,YouTube,54,0,0,16,12.7,9.37,23.5,22.3,0,1.0,Optimal Recovery
USR-02235,38,Female,Student,Night Owl,50,TikTok / Reels,25,1,0,24,25.4,4.16,18.3,19.9,4,6.2,Moderate Debt
USR-02236,36,Female,Remote Tech,Intermediate,42,Streaming (Netflix/Hulu),24,1,0,55,23.2,6.63,24.6,19.8,2,1.7,Moderate Debt
USR-02237,52,Male,Remote Tech,Intermediate,52,YouTube,78,1,40,46,40.3,7.18,19.7,23.6,2,1.9,Mild Deficit
USR-02238,24,Female,Corporate 9-to-5,Intermediate,32,Streaming (Netflix/Hulu),94,1,0,66,29.9,7.91,23.7,19.1,1,1.0,Optimal Recovery
USR-02239,20,Female,Freelance / Creative,Intermediate,58,Instagram / Reddit,49,0,0,46,36.2,7.1,23.9,18.9,2,2.3,Mild Deficit
USR-02240,25,Female,Freelance / Creative,Morning Lark,31,YouTube,18,0,0,50,34.0,8.96,24.8,20.8,1,1.0,Optimal Recovery
USR-02241,44,Female,Student,Night Owl,38,Streaming (Netflix/Hulu),79,0,0,43,21.7,5.1,23.4,22.4,2,3.6,Moderate Debt
USR-02242,19,Male,Corporate 9-to-5,Intermediate,71,TikTok / Reels,38,1,0,40,43.2,5.77,23.2,23.4,4,4.1,Moderate Debt
USR-02243,35,Female,Remote Tech,Night Owl,180,TikTok / Reels,62,0,78,0,101.7,3.2,8.1,18.0,7,10.0,Severe Sleep Debt
USR-02244,65,Male,Student,Night Owl,37,News / Reading,45,1,59,25,29.2,5.0,22.4,19.9,2,4.6,Moderate Debt
USR-02245,48,Female,Freelance / Creative,Morning Lark,65,Instagram / Reddit,45,0,0,53,49.6,6.4,21.9,19.8,5,5.1,Moderate Debt
USR-02246,33,Male,Freelance / Creative,Morning Lark,103,TikTok / Reels,38,1,103,69,61.8,6.46,22.1,18.6,3,4.4,Moderate Debt
USR-02247,20,Male,Healthcare / Shift Worker,Morning Lark,67,TikTok / Reels,83,0,0,27,45.6,6.51,18.1,21.4,3,3.9,Moderate Debt
USR-02248,47,Male,Corporate 9-to-5,Night Owl,45,TikTok / Reels,64,0,0,57,31.8,5.98,23.3,17.1,2,3.2,Moderate Debt
USR-02249,36,Female,Freelance / Creative,Night Owl,45,YouTube,62,1,0,23,24.7,5.16,21.6,18.9,4,5.3,Moderate Debt
USR-02250,21,Female,Student,Intermediate,108,TikTok / Reels,56,0,0,27,72.5,5.33,18.5,17.9,4,6.2,Moderate Debt
USR-02251,21,Female,Healthcare / Shift Worker,Morning Lark,10,TikTok / Reels,63,0,0,0,15.7,7.34,21.1,17.9,1,1.0,Mild Deficit
USR-02252,53,Male,Remote Tech,Morning Lark,57,Streaming (Netflix/Hulu),31,0,0,63,36.4,7.32,22.2,19.1,2,1.8,Mild Deficit
USR-02253,39,Male,Corporate 9-to-5,Night Owl,41,Messaging / Chat,65,0,0,42,35.4,5.94,19.6,21.9,3,3.6,Moderate Debt
USR-02254,46,Male,Remote Tech,Night Owl,15,YouTube,79,1,0,20,13.6,7.2,24.4,20.0,1,1.0,Mild Deficit
USR-02255,50,Female,Corporate 9-to-5,Morning Lark,54,Instagram / Reddit,59,0,0,74,47.2,7.16,26.5,18.5,3,1.9,Mild Deficit
USR-02256,35,Male,Remote Tech,Morning Lark,33,TikTok / Reels,72,1,169,33,37.0,8.44,23.3,15.8,1,1.0,Optimal Recovery
USR-02257,33,Female,Healthcare / Shift Worker,Intermediate,23,TikTok / Reels,47,1,0,66,26.8,6.97,22.0,21.3,1,1.0,Mild Deficit
USR-02258,30,Male,Corporate 9-to-5,Morning Lark,116,Instagram / Reddit,63,0,86,5,82.1,5.92,17.7,15.9,4,7.4,Moderate Debt
USR-02259,27,Female,Corporate 9-to-5,Night Owl,26,Streaming (Netflix/Hulu),47,1,0,61,20.9,6.67,26.0,18.8,3,1.9,Moderate Debt
USR-02260,30,Male,Corporate 9-to-5,Intermediate,22,TikTok / Reels,22,0,0,56,26.6,7.46,26.2,16.5,2,1.8,Mild Deficit
USR-02261,43,Female,Remote Tech,Intermediate,17,Instagram / Reddit,50,0,0,33,20.4,8.92,23.2,17.5,0,1.0,Optimal Recovery
USR-02262,36,Female,Freelance / Creative,Intermediate,63,News / Reading,78,0,75,26,43.1,6.44,24.0,21.8,2,2.4,Moderate Debt
USR-02263,52,Male,Corporate 9-to-5,Intermediate,67,Streaming (Netflix/Hulu),28,0,0,18,33.7,5.12,20.8,21.4,5,7.0,Moderate Debt
USR-02264,30,Female,Corporate 9-to-5,Morning Lark,173,YouTube,88,0,0,60,86.1,4.86,13.5,19.0,5,10.0,Severe Sleep Debt
USR-02265,36,Male,Freelance / Creative,Night Owl,42,YouTube,44,0,66,20,28.7,6.21,24.3,18.8,3,3.8,Moderate Debt
USR-02266,37,Male,Healthcare / Shift Worker,Intermediate,37,News / Reading,66,0,0,0,25.3,5.93,22.9,21.5,3,3.1,Moderate Debt
USR-02267,35,Male,Corporate 9-to-5,Intermediate,21,YouTube,85,1,0,61,25.1,7.91,27.6,22.9,0,1.0,Optimal Recovery
USR-02268,40,Female,Student,Intermediate,70,Instagram / Reddit,92,1,0,42,46.4,7.61,18.7,19.0,3,2.2,Mild Deficit
USR-02269,25,Female,Student,Morning Lark,16,TikTok / Reels,87,1,104,30,38.9,7.43,17.1,16.6,2,2.0,Mild Deficit
USR-02270,33,Male,Student,Morning Lark,33,Instagram / Reddit,40,1,0,28,34.1,8.95,23.2,19.6,1,1.0,Optimal Recovery
USR-02271,21,Female,Remote Tech,Intermediate,61,TikTok / Reels,78,1,20,88,49.0,6.67,22.0,19.4,3,3.3,Moderate Debt
USR-02272,29,Male,Freelance / Creative,Intermediate,34,Instagram / Reddit,43,1,0,29,31.5,6.51,23.2,19.6,1,1.0,Moderate Debt
USR-02273,32,Female,Corporate 9-to-5,Intermediate,33,YouTube,36,0,20,27,25.7,7.63,19.0,19.2,2,1.1,Mild Deficit
USR-02274,38,Female,Corporate 9-to-5,Night Owl,29,Streaming (Netflix/Hulu),43,0,40,28,24.5,6.56,17.5,13.2,1,1.8,Moderate Debt
USR-02275,58,Female,Remote Tech,Intermediate,120,YouTube,80,0,0,20,71.9,4.52,16.6,19.3,3,8.3,Moderate Debt
USR-02276,36,Female,Remote Tech,Intermediate,32,YouTube,46,0,0,27,20.5,8.05,21.1,18.1,1,1.0,Optimal Recovery
USR-02277,42,Female,Freelance / Creative,Morning Lark,71,Streaming (Netflix/Hulu),39,1,44,42,40.2,8.25,21.7,14.7,1,1.0,Optimal Recovery
USR-02278,32,Male,Remote Tech,Night Owl,31,News / Reading,87,1,0,25,26.3,4.53,21.9,18.4,3,4.8,Moderate Debt
USR-02279,37,Male,Corporate 9-to-5,Intermediate,37,Messaging / Chat,52,1,0,0,27.1,6.25,23.6,18.3,2,2.5,Moderate Debt
USR-02280,20,Female,Remote Tech,Morning Lark,52,TikTok / Reels,68,1,0,5,38.9,7.74,22.6,20.3,1,1.0,Mild Deficit
USR-02281,25,Male,Remote Tech,Intermediate,113,YouTube,36,1,0,48,54.4,6.51,22.7,18.4,3,3.3,Moderate Debt
USR-02282,28,Female,Freelance / Creative,Intermediate,8,Instagram / Reddit,47,0,0,9,25.4,7.41,23.5,19.2,2,1.6,Mild Deficit
USR-02283,31,Male,Remote Tech,Night Owl,105,Instagram / Reddit,51,1,32,44,60.7,5.06,23.6,18.3,5,7.4,Moderate Debt
USR-02284,19,Male,Student,Night Owl,26,Instagram / Reddit,43,1,0,62,21.3,5.71,24.1,22.6,2,2.8,Moderate Debt
USR-02285,22,Male,Student,Intermediate,57,News / Reading,53,0,0,47,38.9,6.91,22.6,21.1,2,3.1,Mild Deficit
USR-02286,26,Female,Student,Night Owl,48,TikTok / Reels,37,0,0,38,34.5,5.39,23.5,25.6,3,4.7,Moderate Debt
USR-02287,60,Female,Student,Morning Lark,19,Streaming (Netflix/Hulu),53,1,0,36,14.9,9.75,23.2,24.5,0,1.0,Optimal Recovery
USR-02288,27,Female,Corporate 9-to-5,Intermediate,34,TikTok / Reels,78,0,0,38,22.3,7.05,21.9,19.0,1,1.2,Mild Deficit
USR-02289,32,Male,Healthcare / Shift Worker,Night Owl,48,Messaging / Chat,22,0,28,34,33.3,3.57,22.8,21.8,5,6.2,Moderate Debt
USR-02290,24,Female,Student,Intermediate,18,Instagram / Reddit,52,1,43,9,16.9,7.62,22.1,20.6,0,1.0,Mild Deficit
USR-02291,36,Male,Student,Intermediate,92,Instagram / Reddit,45,1,0,32,45.7,6.4,19.9,19.5,3,2.4,Moderate Debt
USR-02292,26,Female,Freelance / Creative,Night Owl,52,Streaming (Netflix/Hulu),43,0,0,54,26.4,5.52,25.4,17.5,3,3.7,Moderate Debt
USR-02293,24,Male,Healthcare / Shift Worker,Morning Lark,35,Instagram / Reddit,94,0,92,59,32.6,6.05,20.8,19.5,2,3.2,Moderate Debt
USR-02294,33,Female,Healthcare / Shift Worker,Morning Lark,40,Instagram / Reddit,84,0,0,30,40.7,6.05,20.3,22.2,2,3.4,Moderate Debt
USR-02295,18,Female,Freelance / Creative,Intermediate,91,Messaging / Chat,45,1,31,46,42.1,5.25,21.0,21.2,4,4.6,Moderate Debt
USR-02296,18,Female,Corporate 9-to-5,Night Owl,105,TikTok / Reels,28,1,92,44,64.2,3.98,24.0,16.7,4,7.6,Moderate Debt
USR-02297,25,Female,Remote Tech,Night Owl,28,News / Reading,85,1,0,38,23.7,6.13,22.4,20.8,2,2.5,Moderate Debt
USR-02298,19,Female,Remote Tech,Intermediate,21,TikTok / Reels,63,0,0,39,19.4,7.41,20.7,18.8,0,1.0,Mild Deficit
USR-02299,21,Male,Corporate 9-to-5,Night Owl,77,YouTube,32,0,86,39,40.6,4.97,19.0,15.6,2,4.9,Moderate Debt
USR-02300,28,Female,Healthcare / Shift Worker,Night Owl,23,TikTok / Reels,37,0,129,33,27.1,5.99,21.2,17.5,4,3.3,Moderate Debt
USR-02301,45,Female,Student,Morning Lark,68,YouTube,57,0,0,35,43.5,6.95,21.7,18.0,3,3.2,Mild Deficit
USR-02302,35,Male,Student,Night Owl,25,Streaming (Netflix/Hulu),90,1,52,51,24.8,6.55,25.1,21.0,2,1.7,Moderate Debt
USR-02303,33,Female,Freelance / Creative,Morning Lark,25,TikTok / Reels,48,0,49,17,34.7,9.26,17.0,17.0,0,1.0,Optimal Recovery
USR-02304,27,Male,Corporate 9-to-5,Morning Lark,15,Messaging / Chat,64,0,0,6,11.8,9.34,24.3,18.1,0,1.0,Optimal Recovery
USR-02305,55,Non-Binary,Student,Intermediate,147,YouTube,43,0,0,20,70.4,5.28,19.7,16.2,5,7.1,Moderate Debt
USR-02306,29,Female,Remote Tech,Intermediate,105,TikTok / Reels,64,0,0,30,69.9,5.66,19.4,17.9,4,6.1,Moderate Debt
USR-02307,21,Female,Corporate 9-to-5,Intermediate,41,Streaming (Netflix/Hulu),22,1,64,36,26.2,7.46,22.0,18.8,0,1.0,Mild Deficit
USR-02308,36,Female,Corporate 9-to-5,Morning Lark,59,Streaming (Netflix/Hulu),68,1,191,40,54.2,8.11,22.6,14.4,1,1.3,Optimal Recovery
USR-02309,21,Male,Healthcare / Shift Worker,Intermediate,58,Instagram / Reddit,60,0,0,22,38.2,4.9,25.1,20.0,2,3.8,Moderate Debt
USR-02310,28,Male,Remote Tech,Morning Lark,148,TikTok / Reels,38,1,0,74,86.0,5.47,27.1,16.7,4,5.9,Moderate Debt
USR-02311,33,Male,Healthcare / Shift Worker,Intermediate,65,Streaming (Netflix/Hulu),10,1,0,48,27.8,5.53,25.2,18.1,3,3.2,Moderate Debt
USR-02312,50,Male,Remote Tech,Night Owl,86,YouTube,88,1,167,27,57.6,4.21,22.6,17.5,5,9.9,Severe Sleep Debt
USR-02313,32,Female,Corporate 9-to-5,Night Owl,115,News / Reading,20,0,0,27,33.0,4.8,20.0,24.2,3,4.7,Moderate Debt
USR-02314,40,Male,Corporate 9-to-5,Night Owl,27,Streaming (Netflix/Hulu),80,1,53,32,29.7,5.03,19.1,20.1,3,5.0,Moderate Debt
USR-02315,64,Male,Remote Tech,Intermediate,31,Messaging / Chat,38,0,0,50,20.9,6.69,28.0,22.1,2,1.0,Moderate Debt
USR-02316,22,Male,Freelance / Creative,Night Owl,105,Instagram / Reddit,63,0,0,66,58.3,3.6,19.3,18.8,5,9.2,Severe Sleep Debt
USR-02317,26,Male,Corporate 9-to-5,Intermediate,40,YouTube,67,0,74,70,38.5,7.49,24.3,18.6,1,1.0,Mild Deficit
USR-02318,29,Male,Freelance / Creative,Morning Lark,24,Instagram / Reddit,88,0,0,51,32.0,7.8,27.8,21.9,1,1.0,Optimal Recovery
USR-02319,30,Female,Freelance / Creative,Intermediate,55,Streaming (Netflix/Hulu),33,0,0,17,34.7,7.0,22.7,16.5,2,1.1,Mild Deficit
USR-02320,29,Female,Freelance / Creative,Intermediate,103,TikTok / Reels,54,1,0,66,75.0,6.54,26.8,21.3,3,2.0,Moderate Debt
USR-02321,53,Female,Remote Tech,Night Owl,158,YouTube,36,0,0,31,68.3,3.2,17.9,21.1,6,10.0,Severe Sleep Debt
USR-02322,40,Female,Freelance / Creative,Intermediate,130,YouTube,34,1,36,34,56.9,6.8,25.5,14.9,2,3.3,Mild Deficit
USR-02323,36,Male,Remote Tech,Morning Lark,6,Streaming (Netflix/Hulu),57,1,72,37,23.9,8.66,24.0,19.3,1,1.0,Optimal Recovery
USR-02324,27,Female,Corporate 9-to-5,Night Owl,41,YouTube,72,1,0,21,40.9,5.21,21.3,16.6,5,5.1,Moderate Debt
USR-02325,46,Male,Corporate 9-to-5,Intermediate,20,Streaming (Netflix/Hulu),100,1,0,33,13.4,7.9,18.2,22.3,0,1.0,Optimal Recovery
USR-02326,58,Female,Freelance / Creative,Night Owl,28,Messaging / Chat,51,0,0,18,33.3,5.93,24.6,17.5,1,2.6,Moderate Debt
USR-02327,46,Female,Corporate 9-to-5,Night Owl,57,Instagram / Reddit,54,1,0,60,36.3,5.42,22.3,17.5,2,4.7,Moderate Debt
USR-02328,18,Male,Remote Tech,Intermediate,56,TikTok / Reels,55,1,0,8,32.6,7.16,22.1,20.7,1,1.0,Mild Deficit
USR-02329,37,Male,Corporate 9-to-5,Morning Lark,6,TikTok / Reels,58,1,0,69,11.4,8.79,24.9,17.7,0,1.0,Optimal Recovery
USR-02330,19,Male,Corporate 9-to-5,Morning Lark,28,TikTok / Reels,60,0,0,48,34.3,7.8,24.6,17.7,2,1.0,Optimal Recovery
USR-02331,26,Female,Corporate 9-to-5,Morning Lark,136,TikTok / Reels,32,0,104,39,76.4,6.17,21.2,15.6,5,6.9,Moderate Debt
USR-02332,20,Female,Healthcare / Shift Worker,Morning Lark,16,TikTok / Reels,10,0,0,20,20.9,7.74,23.0,19.2,1,1.0,Mild Deficit
USR-02333,36,Female,Remote Tech,Intermediate,103,Streaming (Netflix/Hulu),50,1,163,74,53.8,4.4,21.9,16.7,4,6.6,Moderate Debt
USR-02334,39,Female,Freelance / Creative,Night Owl,35,TikTok / Reels,94,1,0,74,30.3,6.15,27.6,19.0,2,3.0,Moderate Debt
USR-02335,21,Female,Student,Night Owl,50,TikTok / Reels,56,1,0,40,39.3,5.64,20.5,18.9,4,3.9,Moderate Debt
USR-02336,29,Male,Freelance / Creative,Night Owl,111,News / Reading,52,0,0,15,60.5,3.77,19.9,21.6,4,7.6,Moderate Debt
USR-02337,31,Male,Remote Tech,Morning Lark,43,News / Reading,55,1,0,22,41.9,8.36,23.1,17.8,1,1.0,Optimal Recovery
USR-02338,28,Male,Student,Intermediate,141,Instagram / Reddit,41,0,39,34,73.4,4.98,18.2,21.7,4,8.0,Moderate Debt
USR-02339,22,Male,Remote Tech,Intermediate,16,TikTok / Reels,53,1,0,18,23.1,8.08,21.6,17.4,1,1.0,Optimal Recovery
USR-02340,30,Female,Remote Tech,Morning Lark,90,Messaging / Chat,56,1,0,33,49.0,7.14,20.7,22.6,2,2.6,Mild Deficit
USR-02341,42,Male,Healthcare / Shift Worker,Night Owl,83,Instagram / Reddit,56,0,42,16,66.3,3.36,22.1,19.1,6,10.0,Severe Sleep Debt
USR-02342,20,Female,Student,Night Owl,131,TikTok / Reels,57,1,83,26,93.6,3.2,20.1,16.0,6,10.0,Severe Sleep Debt
USR-02343,20,Male,Healthcare / Shift Worker,Intermediate,74,YouTube,57,0,40,43,43.5,4.69,18.8,22.7,5,7.4,Moderate Debt
USR-02344,28,Female,Healthcare / Shift Worker,Night Owl,46,TikTok / Reels,54,1,60,28,36.7,3.6,21.1,19.9,5,8.9,Severe Sleep Debt
USR-02345,57,Female,Corporate 9-to-5,Morning Lark,27,News / Reading,78,0,0,24,24.4,8.27,23.2,20.5,1,1.0,Optimal Recovery
USR-02346,38,Male,Student,Intermediate,40,Messaging / Chat,93,0,22,30,36.3,7.41,25.3,17.3,3,2.5,Mild Deficit
USR-02347,39,Male,Corporate 9-to-5,Morning Lark,14,YouTube,21,0,0,20,11.6,8.93,26.5,18.2,0,1.0,Optimal Recovery
USR-02348,28,Male,Remote Tech,Morning Lark,87,YouTube,44,1,77,22,58.9,6.84,22.7,22.5,2,3.4,Mild Deficit
USR-02349,36,Male,Student,Night Owl,50,YouTube,11,0,0,87,26.7,5.68,28.0,18.8,2,3.1,Moderate Debt
USR-02350,18,Female,Freelance / Creative,Night Owl,45,Streaming (Netflix/Hulu),65,0,62,21,36.4,5.41,19.7,18.0,3,5.2,Moderate Debt
USR-02351,37,Female,Corporate 9-to-5,Intermediate,38,YouTube,80,0,0,43,28.2,6.8,21.9,18.5,3,1.1,Mild Deficit
USR-02352,54,Female,Corporate 9-to-5,Intermediate,80,TikTok / Reels,57,1,0,14,49.0,7.18,24.3,19.0,2,1.2,Mild Deficit
USR-02353,36,Male,Corporate 9-to-5,Intermediate,45,YouTube,57,1,0,0,31.9,7.9,19.7,21.1,1,1.0,Optimal Recovery
USR-02354,50,Male,Remote Tech,Night Owl,53,YouTube,43,0,0,18,30.8,5.81,21.3,17.7,4,3.4,Moderate Debt
USR-02355,41,Female,Healthcare / Shift Worker,Night Owl,53,News / Reading,59,0,0,33,26.2,3.53,26.8,20.0,6,8.7,Severe Sleep Debt
USR-02356,22,Male,Healthcare / Shift Worker,Night Owl,74,Messaging / Chat,54,0,0,19,44.1,3.2,19.4,15.6,6,8.6,Severe Sleep Debt
USR-02357,52,Male,Student,Night Owl,70,YouTube,77,1,0,0,45.4,4.96,21.8,20.8,5,5.5,Moderate Debt
USR-02358,20,Female,Healthcare / Shift Worker,Intermediate,111,TikTok / Reels,96,0,250,25,80.4,3.23,13.6,14.3,7,10.0,Severe Sleep Debt
USR-02359,33,Male,Corporate 9-to-5,Intermediate,102,Instagram / Reddit,86,1,0,36,57.2,6.07,21.5,20.6,2,3.8,Moderate Debt
USR-02360,22,Male,Corporate 9-to-5,Morning Lark,38,Instagram / Reddit,100,1,52,50,30.5,7.79,20.6,21.1,1,1.0,Optimal Recovery
USR-02361,18,Male,Corporate 9-to-5,Morning Lark,154,TikTok / Reels,68,1,0,33,91.4,5.26,19.6,16.0,6,8.3,Moderate Debt
USR-02362,30,Female,Healthcare / Shift Worker,Night Owl,69,Instagram / Reddit,62,0,0,17,44.7,3.8,18.2,15.0,4,7.8,Moderate Debt
USR-02363,27,Female,Student,Night Owl,174,TikTok / Reels,55,1,80,60,97.9,3.2,21.4,17.7,7,10.0,Severe Sleep Debt
USR-02364,32,Female,Student,Intermediate,63,YouTube,62,1,0,77,35.4,7.73,23.7,21.1,1,1.1,Mild Deficit
USR-02365,35,Female,Corporate 9-to-5,Intermediate,40,Streaming (Netflix/Hulu),62,0,0,41,19.9,6.86,18.3,22.1,2,1.7,Mild Deficit
USR-02366,19,Male,Remote Tech,Morning Lark,34,YouTube,81,0,0,66,30.8,8.07,28.0,20.1,2,1.0,Optimal Recovery
USR-02367,22,Female,Freelance / Creative,Intermediate,13,YouTube,51,0,0,51,32.1,7.99,24.8,20.4,2,1.0,Optimal Recovery
USR-02368,34,Male,Corporate 9-to-5,Intermediate,60,Messaging / Chat,34,0,45,77,45.3,6.26,22.7,18.0,3,3.3,Moderate Debt
USR-02369,28,Male,Student,Intermediate,62,Instagram / Reddit,54,1,0,38,45.7,7.17,24.7,18.5,2,1.7,Mild Deficit
USR-02370,41,Female,Corporate 9-to-5,Night Owl,50,YouTube,37,0,83,54,30.1,4.88,23.8,16.6,3,5.6,Moderate Debt
USR-02371,38,Female,Corporate 9-to-5,Morning Lark,66,Instagram / Reddit,51,1,0,65,40.2,7.18,24.3,20.1,1,1.0,Mild Deficit
USR-02372,48,Male,Student,Intermediate,18,Messaging / Chat,21,1,0,36,15.4,7.94,27.8,21.8,0,1.0,Optimal Recovery
USR-02373,39,Male,Corporate 9-to-5,Intermediate,48,Instagram / Reddit,56,0,106,51,39.0,7.99,24.0,16.6,1,1.5,Optimal Recovery
USR-02374,30,Female,Student,Night Owl,22,Streaming (Netflix/Hulu),37,0,0,37,43.4,5.75,21.2,20.4,3,4.2,Moderate Debt
USR-02375,39,Male,Student,Night Owl,67,YouTube,70,0,0,21,37.6,4.93,23.6,20.9,3,5.1,Moderate Debt
USR-02376,26,Female,Remote Tech,Intermediate,57,TikTok / Reels,47,1,81,4,45.3,7.06,16.0,15.9,2,3.5,Mild Deficit
USR-02377,27,Female,Student,Night Owl,102,TikTok / Reels,17,1,0,62,49.7,3.2,24.0,18.4,6,8.0,Moderate Debt
USR-02378,44,Male,Remote Tech,Intermediate,41,Instagram / Reddit,47,1,20,69,29.7,7.79,25.8,17.8,2,1.0,Optimal Recovery
USR-02379,31,Female,Corporate 9-to-5,Morning Lark,101,YouTube,53,1,111,32,57.1,6.19,20.1,16.4,4,3.7,Moderate Debt
USR-02380,45,Male,Student,Intermediate,47,Messaging / Chat,62,0,0,17,33.3,8.29,23.4,22.1,0,1.0,Optimal Recovery
USR-02381,46,Female,Remote Tech,Morning Lark,79,Instagram / Reddit,66,1,0,47,43.6,6.97,21.5,20.8,5,3.6,Mild Deficit
USR-02382,49,Female,Corporate 9-to-5,Intermediate,29,Streaming (Netflix/Hulu),39,0,77,44,34.1,7.91,22.0,21.5,2,1.1,Optimal Recovery
USR-02383,54,Female,Freelance / Creative,Night Owl,53,Streaming (Netflix/Hulu),40,0,104,2,33.0,5.73,15.4,16.4,5,5.7,Moderate Debt
USR-02384,30,Male,Remote Tech,Night Owl,49,Instagram / Reddit,54,0,52,66,34.3,4.3,21.8,17.6,4,4.6,Moderate Debt
USR-02385,27,Male,Healthcare / Shift Worker,Intermediate,106,Instagram / Reddit,61,1,0,21,60.4,4.19,17.0,20.1,5,8.2,Moderate Debt
USR-02386,35,Male,Healthcare / Shift Worker,Intermediate,49,Messaging / Chat,64,1,54,28,35.3,6.42,19.5,18.3,3,3.5,Moderate Debt
USR-02387,28,Female,Remote Tech,Morning Lark,49,TikTok / Reels,74,0,0,20,43.2,7.26,24.0,18.2,2,1.6,Mild Deficit
USR-02388,36,Female,Remote Tech,Intermediate,166,TikTok / Reels,21,1,78,13,95.6,4.46,19.5,15.8,7,10.0,Severe Sleep Debt
USR-02389,40,Male,Remote Tech,Morning Lark,88,News / Reading,74,0,0,0,49.5,7.42,19.3,20.0,2,2.7,Mild Deficit
USR-02390,39,Female,Remote Tech,Intermediate,42,Streaming (Netflix/Hulu),71,1,0,39,23.7,7.32,24.0,21.8,1,1.0,Mild Deficit
USR-02391,29,Male,Healthcare / Shift Worker,Night Owl,74,Instagram / Reddit,72,0,37,10,63.0,3.74,15.3,20.2,6,9.4,Severe Sleep Debt
USR-02392,23,Female,Healthcare / Shift Worker,Night Owl,93,Instagram / Reddit,51,0,111,49,54.7,3.2,18.6,17.4,5,10.0,Severe Sleep Debt
USR-02393,30,Male,Corporate 9-to-5,Morning Lark,56,Streaming (Netflix/Hulu),60,0,55,35,44.8,7.9,20.0,22.4,3,1.4,Optimal Recovery
USR-02394,22,Female,Student,Intermediate,86,YouTube,65,1,0,32,37.6,6.73,17.4,23.8,3,3.2,Moderate Debt
USR-02395,51,Male,Freelance / Creative,Intermediate,53,News / Reading,51,1,0,29,23.8,7.56,21.2,21.3,1,1.0,Mild Deficit
USR-02396,28,Female,Remote Tech,Morning Lark,106,Instagram / Reddit,74,1,0,46,70.8,5.79,19.4,27.0,5,6.7,Moderate Debt
USR-02397,23,Female,Healthcare / Shift Worker,Intermediate,11,Streaming (Netflix/Hulu),31,0,104,37,18.8,6.44,21.0,20.3,2,1.8,Moderate Debt
USR-02398,18,Female,Student,Intermediate,26,YouTube,69,1,0,64,13.4,7.87,25.5,19.3,0,1.0,Optimal Recovery
USR-02399,38,Female,Remote Tech,Intermediate,39,News / Reading,65,1,37,17,28.8,7.01,21.9,21.2,1,1.0,Mild Deficit
USR-02400,37,Female,Remote Tech,Night Owl,85,Streaming (Netflix/Hulu),85,1,0,80,40.2,3.49,26.3,23.3,6,8.6,Severe Sleep Debt
USR-02401,28,Male,Student,Intermediate,66,Instagram / Reddit,94,1,0,70,47.0,6.35,21.1,18.5,2,4.2,Moderate Debt
USR-02402,20,Male,Remote Tech,Night Owl,30,TikTok / Reels,51,0,0,61,25.0,5.35,26.5,20.3,3,3.3,Moderate Debt
USR-02403,29,Male,Remote Tech,Morning Lark,57,Instagram / Reddit,86,1,0,30,36.4,8.08,23.1,20.6,2,1.0,Optimal Recovery
USR-02404,27,Male,Student,Night Owl,12,TikTok / Reels,61,0,0,55,22.3,5.76,24.0,18.6,3,2.7,Moderate Debt
USR-02405,39,Male,Student,Morning Lark,17,Streaming (Netflix/Hulu),62,1,0,47,8.3,9.5,24.4,20.4,0,1.0,Optimal Recovery
USR-02406,36,Female,Corporate 9-to-5,Morning Lark,15,Instagram / Reddit,63,1,0,19,29.1,9.62,23.6,20.8,0,1.0,Optimal Recovery
USR-02407,28,Female,Corporate 9-to-5,Morning Lark,23,TikTok / Reels,28,1,0,17,33.8,8.77,20.5,17.0,1,1.0,Optimal Recovery
USR-02408,24,Female,Corporate 9-to-5,Intermediate,83,YouTube,78,0,207,32,49.4,5.65,12.6,14.4,4,7.4,Moderate Debt
USR-02409,63,Male,Remote Tech,Intermediate,67,Instagram / Reddit,27,1,0,0,38.7,6.94,19.5,17.0,1,1.2,Mild Deficit
USR-02410,31,Female,Corporate 9-to-5,Night Owl,43,Streaming (Netflix/Hulu),65,1,0,19,37.8,4.92,22.5,19.3,4,5.6,Moderate Debt
USR-02411,39,Female,Remote Tech,Night Owl,85,Instagram / Reddit,10,1,0,26,42.2,4.77,22.9,23.3,3,4.9,Moderate Debt
USR-02412,22,Male,Corporate 9-to-5,Intermediate,110,YouTube,51,0,73,43,81.3,5.29,22.0,19.2,5,8.7,Severe Sleep Debt
USR-02413,32,Female,Remote Tech,Intermediate,23,Streaming (Netflix/Hulu),55,1,58,43,19.9,8.03,19.5,18.0,1,1.0,Optimal Recovery
USR-02414,19,Male,Remote Tech,Intermediate,104,Instagram / Reddit,68,1,0,0,60.2,5.97,18.2,19.1,4,6.4,Moderate Debt
USR-02415,32,Male,Remote Tech,Night Owl,30,News / Reading,84,0,0,68,34.9,5.75,26.0,23.1,3,3.8,Moderate Debt
USR-02416,59,Female,Remote Tech,Night Owl,34,YouTube,53,1,0,6,15.3,5.33,19.7,22.8,4,3.7,Moderate Debt
USR-02417,29,Female,Corporate 9-to-5,Intermediate,147,Instagram / Reddit,30,1,20,0,65.1,5.88,16.2,19.4,4,6.3,Moderate Debt
USR-02418,19,Female,Freelance / Creative,Intermediate,59,TikTok / Reels,46,0,0,50,47.1,5.17,25.3,17.7,3,5.1,Moderate Debt
USR-02419,19,Male,Corporate 9-to-5,Night Owl,38,Streaming (Netflix/Hulu),60,1,0,61,36.2,5.91,27.5,15.6,3,3.6,Moderate Debt
USR-02420,29,Female,Student,Morning Lark,75,Instagram / Reddit,58,1,0,37,43.1,6.79,22.7,17.9,2,1.3,Mild Deficit
USR-02421,23,Male,Freelance / Creative,Morning Lark,91,Instagram / Reddit,20,0,42,46,58.0,8.08,25.2,19.8,2,1.0,Optimal Recovery
USR-02422,18,Male,Remote Tech,Intermediate,59,TikTok / Reels,45,0,0,51,43.0,7.63,25.6,19.0,2,1.9,Mild Deficit
USR-02423,42,Female,Healthcare / Shift Worker,Night Owl,38,News / Reading,44,1,101,36,27.0,4.49,19.9,19.1,5,7.6,Moderate Debt
USR-02424,31,Female,Corporate 9-to-5,Intermediate,65,News / Reading,51,0,0,43,37.9,5.78,28.0,18.6,4,2.9,Moderate Debt
USR-02425,26,Male,Remote Tech,Night Owl,79,TikTok / Reels,67,1,0,25,51.4,3.67,21.2,21.8,6,9.1,Severe Sleep Debt
USR-02426,52,Female,Remote Tech,Morning Lark,48,Instagram / Reddit,39,0,119,30,34.9,7.44,19.5,14.5,0,1.5,Mild Deficit
USR-02427,21,Male,Corporate 9-to-5,Intermediate,141,Streaming (Netflix/Hulu),76,0,139,51,77.7,3.36,18.3,17.8,6,10.0,Severe Sleep Debt
USR-02428,58,Female,Remote Tech,Intermediate,63,Instagram / Reddit,70,0,0,62,48.8,6.11,15.8,20.4,4,5.8,Moderate Debt
USR-02429,27,Male,Remote Tech,Night Owl,88,YouTube,13,0,54,30,44.2,5.48,25.3,21.9,4,5.1,Moderate Debt
USR-02430,51,Male,Student,Intermediate,90,Streaming (Netflix/Hulu),47,1,0,16,57.9,6.95,20.3,20.5,4,3.7,Mild Deficit
USR-02431,36,Male,Freelance / Creative,Intermediate,17,Streaming (Netflix/Hulu),59,0,0,94,24.7,8.71,23.0,21.6,0,1.0,Optimal Recovery
USR-02432,46,Female,Corporate 9-to-5,Morning Lark,76,Instagram / Reddit,85,1,0,41,46.7,6.73,21.4,18.8,3,3.4,Moderate Debt
USR-02433,62,Female,Corporate 9-to-5,Intermediate,81,Instagram / Reddit,31,1,54,0,75.4,5.5,16.6,19.0,4,7.6,Moderate Debt
USR-02434,26,Male,Remote Tech,Night Owl,37,YouTube,21,0,0,23,23.7,6.13,27.5,19.5,3,1.3,Moderate Debt
USR-02435,59,Female,Remote Tech,Intermediate,33,Messaging / Chat,59,1,50,0,18.4,7.05,17.9,16.7,1,1.1,Mild Deficit
USR-02436,29,Female,Student,Night Owl,17,Streaming (Netflix/Hulu),35,0,20,39,36.6,5.33,24.0,21.9,2,3.5,Moderate Debt
USR-02437,29,Male,Remote Tech,Night Owl,116,Instagram / Reddit,54,1,0,39,66.6,3.85,22.4,21.5,5,8.0,Moderate Debt
USR-02438,28,Female,Corporate 9-to-5,Morning Lark,29,YouTube,40,0,0,36,25.7,8.68,21.8,22.6,1,1.0,Optimal Recovery
USR-02439,34,Female,Student,Night Owl,17,Messaging / Chat,73,0,64,26,36.7,5.99,20.7,17.8,3,3.4,Moderate Debt
USR-02440,23,Female,Healthcare / Shift Worker,Intermediate,42,YouTube,70,0,58,33,36.2,5.98,20.3,19.4,3,3.8,Moderate Debt
USR-02441,34,Male,Remote Tech,Morning Lark,25,Streaming (Netflix/Hulu),43,1,26,49,22.2,8.83,21.7,20.7,0,1.0,Optimal Recovery
USR-02442,34,Male,Remote Tech,Intermediate,17,Instagram / Reddit,85,1,35,57,26.1,7.62,28.0,21.2,0,1.0,Mild Deficit
USR-02443,43,Female,Corporate 9-to-5,Night Owl,180,YouTube,56,0,0,30,77.3,3.2,16.4,20.1,5,10.0,Severe Sleep Debt
USR-02444,47,Female,Corporate 9-to-5,Intermediate,24,Instagram / Reddit,62,1,0,42,34.7,7.88,26.2,21.8,2,1.0,Optimal Recovery
USR-02445,30,Female,Corporate 9-to-5,Morning Lark,30,Messaging / Chat,42,1,20,51,23.9,8.21,21.0,21.2,0,1.0,Optimal Recovery
USR-02446,27,Male,Remote Tech,Night Owl,57,Messaging / Chat,40,1,91,62,44.5,4.85,24.4,21.0,5,6.3,Moderate Debt
USR-02447,26,Female,Freelance / Creative,Night Owl,17,TikTok / Reels,86,0,81,23,25.2,5.6,22.9,17.0,2,3.5,Moderate Debt
USR-02448,24,Male,Remote Tech,Intermediate,49,YouTube,57,1,0,74,39.3,6.44,23.3,20.1,1,2.6,Moderate Debt
USR-02449,20,Female,Corporate 9-to-5,Intermediate,77,YouTube,60,0,69,55,49.9,6.51,22.7,16.7,3,2.8,Moderate Debt
USR-02450,28,Non-Binary,Corporate 9-to-5,Morning Lark,61,YouTube,45,1,66,35,32.4,7.27,21.2,16.3,2,1.1,Mild Deficit
USR-02451,26,Female,Remote Tech,Intermediate,70,News / Reading,60,1,55,34,34.6,5.68,17.2,17.6,4,5.8,Moderate Debt
USR-02452,60,Male,Student,Intermediate,48,Instagram / Reddit,55,1,0,39,22.4,7.19,19.8,19.0,1,1.0,Mild Deficit
USR-02453,34,Female,Remote Tech,Intermediate,38,Messaging / Chat,55,1,0,12,23.6,6.82,23.9,18.3,1,1.0,Mild Deficit
USR-02454,28,Female,Remote Tech,Morning Lark,70,Instagram / Reddit,88,1,124,18,50.2,7.9,15.6,17.1,2,2.4,Optimal Recovery
USR-02455,35,Male,Remote Tech,Night Owl,67,TikTok / Reels,58,1,158,8,53.9,4.57,18.1,13.2,6,8.5,Moderate Debt
USR-02456,22,Male,Corporate 9-to-5,Intermediate,23,Instagram / Reddit,32,0,109,47,31.8,8.25,22.1,18.1,1,1.0,Optimal Recovery
USR-02457,30,Female,Corporate 9-to-5,Intermediate,57,Streaming (Netflix/Hulu),65,0,61,31,45.8,6.25,21.2,22.4,4,5.1,Moderate Debt
USR-02458,37,Male,Corporate 9-to-5,Intermediate,50,Streaming (Netflix/Hulu),48,1,0,43,32.2,7.42,23.6,19.9,2,1.0,Mild Deficit
USR-02459,32,Male,Corporate 9-to-5,Intermediate,79,TikTok / Reels,35,0,0,55,54.4,5.66,24.1,16.8,4,6.0,Moderate Debt
USR-02460,29,Male,Corporate 9-to-5,Morning Lark,65,TikTok / Reels,41,1,65,56,46.6,7.59,26.2,16.8,2,2.3,Mild Deficit
USR-02461,64,Female,Corporate 9-to-5,Intermediate,109,Streaming (Netflix/Hulu),77,0,37,0,62.7,5.46,20.9,21.3,5,7.6,Moderate Debt
USR-02462,50,Male,Student,Intermediate,92,YouTube,34,1,0,29,60.0,5.4,20.3,24.6,4,6.0,Moderate Debt
USR-02463,37,Female,Student,Morning Lark,99,News / Reading,35,1,0,5,47.2,7.03,19.0,22.9,2,1.5,Mild Deficit
USR-02464,35,Female,Student,Morning Lark,80,Instagram / Reddit,56,0,0,21,46.6,8.09,20.6,20.9,1,1.0,Optimal Recovery
USR-02465,37,Male,Healthcare / Shift Worker,Intermediate,96,TikTok / Reels,48,1,0,0,51.4,5.52,18.2,22.4,4,4.4,Moderate Debt
USR-02466,24,Female,Corporate 9-to-5,Morning Lark,40,Instagram / Reddit,35,0,0,54,27.0,7.86,22.6,17.8,0,1.0,Optimal Recovery
USR-02467,29,Female,Healthcare / Shift Worker,Intermediate,90,YouTube,73,0,32,0,54.6,4.24,15.7,17.7,6,9.8,Severe Sleep Debt
USR-02468,19,Male,Remote Tech,Intermediate,51,TikTok / Reels,47,1,35,12,45.5,5.99,24.7,19.4,3,3.0,Moderate Debt
USR-02469,31,Male,Remote Tech,Intermediate,18,TikTok / Reels,29,1,0,15,16.3,7.56,22.3,17.9,3,1.0,Mild Deficit
USR-02470,34,Female,Remote Tech,Night Owl,89,YouTube,61,0,116,56,60.2,3.96,21.7,17.8,4,7.7,Moderate Debt
USR-02471,25,Female,Corporate 9-to-5,Intermediate,61,TikTok / Reels,71,1,0,37,39.1,6.74,24.5,18.8,2,2.2,Moderate Debt
USR-02472,59,Male,Freelance / Creative,Night Owl,121,Streaming (Netflix/Hulu),64,1,0,21,49.6,3.92,18.9,20.8,4,8.4,Moderate Debt
USR-02473,53,Female,Corporate 9-to-5,Night Owl,56,Streaming (Netflix/Hulu),68,0,71,10,42.9,4.31,16.8,20.2,5,6.8,Moderate Debt
USR-02474,41,Male,Corporate 9-to-5,Night Owl,30,YouTube,68,1,0,43,38.7,5.09,24.7,21.4,4,4.8,Moderate Debt
USR-02475,33,Male,Corporate 9-to-5,Morning Lark,35,Streaming (Netflix/Hulu),50,0,0,0,24.1,8.43,25.3,21.8,1,1.0,Optimal Recovery
USR-02476,50,Female,Corporate 9-to-5,Night Owl,45,Messaging / Chat,46,0,85,16,31.0,4.59,22.1,16.2,3,4.2,Moderate Debt
USR-02477,22,Male,Corporate 9-to-5,Night Owl,62,Instagram / Reddit,42,0,0,74,41.0,4.51,22.3,20.0,3,5.7,Moderate Debt
USR-02478,44,Male,Corporate 9-to-5,Intermediate,97,Streaming (Netflix/Hulu),55,1,92,57,56.1,6.14,22.8,18.0,5,3.8,Moderate Debt
USR-02479,22,Female,Corporate 9-to-5,Intermediate,62,TikTok / Reels,22,0,35,3,38.6,6.37,21.0,16.9,5,4.7,Moderate Debt
USR-02480,44,Male,Healthcare / Shift Worker,Night Owl,23,TikTok / Reels,32,1,0,63,29.4,3.69,26.8,21.1,3,5.8,Moderate Debt
USR-02481,26,Male,Corporate 9-to-5,Intermediate,63,TikTok / Reels,82,0,0,35,47.7,7.26,20.5,15.3,2,3.7,Mild Deficit
USR-02482,50,Male,Corporate 9-to-5,Intermediate,107,Streaming (Netflix/Hulu),73,0,0,52,55.6,5.84,23.5,18.3,3,4.7,Moderate Debt
USR-02483,57,Male,Student,Night Owl,57,Streaming (Netflix/Hulu),58,1,0,44,39.4,5.18,20.9,18.8,3,5.1,Moderate Debt
USR-02484,22,Female,Freelance / Creative,Intermediate,69,Messaging / Chat,86,0,41,31,40.3,5.64,21.5,18.7,3,4.6,Moderate Debt
USR-02485,31,Female,Corporate 9-to-5,Morning Lark,49,Streaming (Netflix/Hulu),63,1,0,39,34.4,8.2,24.6,20.1,1,1.0,Optimal Recovery
USR-02486,62,Female,Corporate 9-to-5,Intermediate,49,Instagram / Reddit,56,1,57,62,29.8,8.5,23.1,14.7,0,1.0,Optimal Recovery
USR-02487,32,Female,Freelance / Creative,Intermediate,99,Messaging / Chat,28,1,0,71,44.1,5.46,26.3,19.4,3,3.8,Moderate Debt
USR-02488,49,Female,Corporate 9-to-5,Night Owl,85,TikTok / Reels,49,1,0,41,48.4,4.09,24.1,19.5,5,7.1,Moderate Debt
USR-02489,35,Male,Remote Tech,Intermediate,180,Messaging / Chat,75,1,81,17,85.8,3.58,15.9,17.5,6,10.0,Severe Sleep Debt
USR-02490,29,Male,Corporate 9-to-5,Night Owl,38,TikTok / Reels,66,0,36,34,62.5,5.74,20.5,14.9,4,6.5,Moderate Debt
USR-02491,26,Male,Freelance / Creative,Intermediate,33,TikTok / Reels,94,1,0,82,22.7,8.41,21.4,21.5,0,1.0,Optimal Recovery
USR-02492,24,Male,Freelance / Creative,Intermediate,18,TikTok / Reels,55,0,0,51,14.5,7.46,24.3,14.9,1,1.0,Mild Deficit
USR-02493,43,Male,Healthcare / Shift Worker,Morning Lark,45,News / Reading,10,0,0,52,24.5,5.88,19.8,20.2,2,2.3,Moderate Debt
USR-02494,29,Female,Corporate 9-to-5,Intermediate,51,Instagram / Reddit,63,1,0,41,25.0,6.87,25.8,20.5,1,1.4,Mild Deficit
USR-02495,33,Male,Remote Tech,Night Owl,32,TikTok / Reels,10,0,0,53,26.4,4.65,24.9,18.9,4,4.9,Moderate Debt
USR-02496,32,Female,Corporate 9-to-5,Morning Lark,70,YouTube,45,0,0,28,41.4,7.89,20.4,21.1,1,1.0,Optimal Recovery
USR-02497,35,Male,Healthcare / Shift Worker,Night Owl,86,YouTube,73,0,0,43,54.0,3.2,24.6,20.5,5,9.1,Severe Sleep Debt
USR-02498,49,Male,Freelance / Creative,Intermediate,68,TikTok / Reels,89,0,48,15,62.6,5.88,20.0,14.9,5,6.8,Moderate Debt
USR-02499,62,Female,Remote Tech,Morning Lark,25,TikTok / Reels,34,0,0,7,17.4,8.72,21.2,15.7,1,1.0,Optimal Recovery
USR-02500,29,Male,Student,Morning Lark,33,Instagram / Reddit,63,1,0,14,34.4,8.42,23.7,16.0,2,1.0,Optimal Recovery
USR-02501,46,Male,Corporate 9-to-5,Night Owl,55,Messaging / Chat,87,0,119,63,44.3,4.75,21.7,20.1,4,6.8,Moderate Debt
USR-02502,43,Female,Remote Tech,Intermediate,103,News / Reading,57,0,87,7,49.3,5.73,21.2,19.8,2,4.5,Moderate Debt
USR-02503,35,Male,Student,Intermediate,48,TikTok / Reels,43,1,127,80,45.7,7.06,21.6,16.2,4,3.2,Mild Deficit
USR-02504,58,Female,Remote Tech,Intermediate,10,Messaging / Chat,92,0,25,55,17.0,7.8,25.5,20.7,2,1.0,Optimal Recovery
USR-02505,24,Female,Remote Tech,Intermediate,45,TikTok / Reels,75,0,99,57,35.9,5.84,24.0,19.0,4,4.7,Moderate Debt
USR-02506,21,Male,Corporate 9-to-5,Intermediate,53,TikTok / Reels,56,1,0,6,39.6,5.91,26.6,19.0,3,3.4,Moderate Debt
USR-02507,48,Male,Healthcare / Shift Worker,Intermediate,129,TikTok / Reels,24,1,0,24,72.2,3.2,24.4,17.4,7,10.0,Severe Sleep Debt
USR-02508,30,Male,Healthcare / Shift Worker,Night Owl,10,News / Reading,48,1,0,42,16.5,5.45,23.9,21.1,2,2.4,Moderate Debt
USR-02509,48,Male,Freelance / Creative,Intermediate,86,News / Reading,40,0,40,36,40.6,4.8,19.1,17.8,3,5.2,Moderate Debt
USR-02510,52,Female,Student,Morning Lark,18,Messaging / Chat,21,1,0,65,17.5,8.31,23.3,19.9,0,1.0,Optimal Recovery
USR-02511,20,Male,Remote Tech,Intermediate,39,TikTok / Reels,82,1,0,26,34.2,6.21,20.1,19.7,3,3.4,Moderate Debt
USR-02512,51,Male,Corporate 9-to-5,Intermediate,67,Messaging / Chat,66,1,0,56,62.2,6.05,24.2,21.8,4,3.8,Moderate Debt
USR-02513,31,Male,Freelance / Creative,Intermediate,93,Streaming (Netflix/Hulu),41,0,54,58,48.4,5.83,19.9,21.3,3,4.7,Moderate Debt
USR-02514,33,Female,Remote Tech,Night Owl,33,TikTok / Reels,43,0,0,40,35.5,5.15,23.9,22.2,4,4.2,Moderate Debt
USR-02515,37,Male,Student,Night Owl,40,YouTube,46,0,0,34,28.5,6.14,24.3,17.7,2,2.2,Moderate Debt
USR-02516,55,Male,Student,Intermediate,47,Streaming (Netflix/Hulu),35,1,0,2,26.0,6.81,23.2,20.8,3,1.6,Mild Deficit
USR-02517,18,Male,Healthcare / Shift Worker,Intermediate,32,Streaming (Netflix/Hulu),100,0,241,41,39.1,4.88,17.9,14.7,6,7.2,Moderate Debt
USR-02518,32,Male,Corporate 9-to-5,Night Owl,121,Messaging / Chat,41,0,0,55,50.5,4.45,24.4,19.0,4,7.4,Moderate Debt
USR-02519,39,Female,Corporate 9-to-5,Night Owl,61,Instagram / Reddit,49,0,0,20,46.0,5.14,20.9,19.4,3,4.7,Moderate Debt
USR-02520,41,Male,Student,Intermediate,82,Instagram / Reddit,41,0,91,8,59.4,7.13,17.6,17.6,3,3.3,Mild Deficit
USR-02521,39,Male,Healthcare / Shift Worker,Intermediate,48,Streaming (Netflix/Hulu),19,1,149,22,31.8,5.6,20.3,19.9,3,4.1,Moderate Debt
USR-02522,22,Female,Student,Night Owl,10,Instagram / Reddit,30,1,179,30,23.9,6.32,18.3,18.4,1,2.6,Moderate Debt
USR-02523,27,Male,Remote Tech,Intermediate,48,TikTok / Reels,76,1,235,48,60.5,6.31,19.0,10.3,2,5.1,Moderate Debt
USR-02524,28,Female,Remote Tech,Intermediate,98,Instagram / Reddit,48,1,24,38,47.3,4.93,19.5,18.0,5,6.7,Moderate Debt
USR-02525,45,Female,Student,Night Owl,53,YouTube,63,1,0,17,25.7,6.24,23.9,20.8,3,2.8,Moderate Debt
USR-02526,26,Male,Student,Night Owl,74,YouTube,64,0,0,0,48.6,4.78,20.8,21.0,4,7.0,Moderate Debt
USR-02527,24,Female,Student,Morning Lark,42,TikTok / Reels,64,1,0,66,31.6,8.51,25.0,17.0,1,1.0,Optimal Recovery
USR-02528,58,Female,Corporate 9-to-5,Intermediate,34,Streaming (Netflix/Hulu),41,0,107,3,26.4,8.09,19.1,15.6,2,1.0,Optimal Recovery
USR-02529,18,Male,Freelance / Creative,Intermediate,60,TikTok / Reels,89,1,45,29,57.7,5.63,16.6,18.1,5,6.5,Moderate Debt
USR-02530,65,Female,Remote Tech,Night Owl,30,News / Reading,73,1,183,32,29.2,6.69,24.1,15.5,1,2.7,Moderate Debt
USR-02531,39,Female,Healthcare / Shift Worker,Night Owl,16,Streaming (Netflix/Hulu),65,0,0,0,27.2,4.27,23.4,20.7,3,4.6,Moderate Debt
USR-02532,46,Female,Corporate 9-to-5,Night Owl,42,News / Reading,60,1,0,1,23.6,6.13,26.1,22.1,2,2.2,Moderate Debt
USR-02533,27,Female,Corporate 9-to-5,Intermediate,138,TikTok / Reels,27,0,30,0,98.7,5.17,22.6,19.5,5,8.4,Moderate Debt
USR-02534,18,Male,Healthcare / Shift Worker,Morning Lark,72,Instagram / Reddit,72,0,56,54,53.0,5.94,24.3,19.2,3,5.0,Moderate Debt
USR-02535,42,Male,Corporate 9-to-5,Intermediate,37,News / Reading,52,1,0,28,15.0,6.88,20.2,20.9,1,1.0,Mild Deficit
USR-02536,47,Male,Remote Tech,Intermediate,74,YouTube,39,1,0,31,39.7,7.48,24.0,19.3,2,1.7,Mild Deficit
USR-02537,42,Male,Remote Tech,Intermediate,107,TikTok / Reels,35,0,0,35,73.1,5.43,24.1,21.5,5,8.0,Moderate Debt
USR-02538,22,Female,Student,Intermediate,32,Instagram / Reddit,75,1,0,0,21.1,8.19,23.7,19.0,1,1.0,Optimal Recovery
USR-02539,42,Male,Corporate 9-to-5,Intermediate,74,YouTube,27,0,0,0,52.5,6.13,22.5,16.1,5,4.6,Moderate Debt
USR-02540,43,Male,Corporate 9-to-5,Night Owl,41,YouTube,47,0,77,40,44.1,6.03,21.6,19.0,3,4.9,Moderate Debt
USR-02541,38,Male,Freelance / Creative,Morning Lark,114,News / Reading,58,1,29,28,48.0,7.49,22.7,20.4,3,2.1,Mild Deficit
USR-02542,43,Male,Remote Tech,Night Owl,37,Streaming (Netflix/Hulu),52,1,139,0,37.5,4.66,19.4,16.7,1,5.0,Moderate Debt
USR-02543,48,Male,Corporate 9-to-5,Intermediate,40,Instagram / Reddit,63,0,0,38,32.7,7.06,21.9,20.3,2,1.6,Mild Deficit
USR-02544,36,Male,Corporate 9-to-5,Night Owl,69,TikTok / Reels,78,0,0,40,63.7,5.74,24.3,20.1,5,6.2,Moderate Debt
USR-02545,21,Female,Freelance / Creative,Intermediate,29,TikTok / Reels,67,0,222,49,43.6,6.09,21.9,16.0,2,3.7,Moderate Debt
USR-02546,32,Male,Corporate 9-to-5,Morning Lark,27,YouTube,56,0,0,44,18.0,8.47,21.1,21.6,1,1.0,Optimal Recovery
USR-02547,20,Female,Student,Intermediate,111,YouTube,46,0,0,43,65.1,6.17,20.0,22.5,4,4.7,Moderate Debt
USR-02548,29,Female,Remote Tech,Morning Lark,98,YouTube,26,1,121,31,56.2,6.13,17.9,17.7,2,4.7,Moderate Debt
USR-02549,29,Female,Healthcare / Shift Worker,Morning Lark,83,TikTok / Reels,54,0,0,55,60.5,4.81,18.2,18.6,5,7.6,Moderate Debt
USR-02550,20,Female,Student,Night Owl,34,Messaging / Chat,48,0,58,50,29.4,5.47,25.7,18.6,3,3.5,Moderate Debt
USR-02551,28,Female,Remote Tech,Morning Lark,164,YouTube,66,1,20,26,93.5,6.17,27.7,19.4,4,6.0,Moderate Debt
USR-02552,21,Female,Corporate 9-to-5,Intermediate,54,TikTok / Reels,52,0,51,0,53.1,5.86,21.6,19.9,4,5.7,Moderate Debt
USR-02553,45,Male,Healthcare / Shift Worker,Morning Lark,59,Streaming (Netflix/Hulu),76,0,56,20,42.4,5.19,18.8,21.9,4,5.3,Moderate Debt
USR-02554,57,Male,Remote Tech,Intermediate,133,TikTok / Reels,46,0,0,9,74.2,5.06,17.8,20.4,5,8.2,Moderate Debt
USR-02555,20,Non-Binary,Freelance / Creative,Night Owl,51,Instagram / Reddit,44,0,0,95,33.9,4.66,23.1,20.3,4,5.0,Moderate Debt
USR-02556,58,Female,Remote Tech,Intermediate,31,Streaming (Netflix/Hulu),63,1,0,10,18.9,7.84,25.2,22.9,0,1.0,Optimal Recovery
USR-02557,33,Male,Student,Intermediate,79,News / Reading,57,1,0,55,38.7,6.58,20.6,23.6,2,2.5,Moderate Debt
USR-02558,27,Male,Corporate 9-to-5,Night Owl,59,TikTok / Reels,63,0,0,0,51.6,4.62,21.7,20.7,5,6.5,Moderate Debt
USR-02559,20,Female,Student,Morning Lark,85,TikTok / Reels,52,0,0,0,52.0,6.44,19.8,18.2,2,3.5,Moderate Debt
USR-02560,32,Male,Corporate 9-to-5,Night Owl,120,TikTok / Reels,56,1,28,58,72.7,3.21,23.7,16.4,6,10.0,Severe Sleep Debt
USR-02561,44,Male,Remote Tech,Intermediate,124,TikTok / Reels,49,1,46,21,88.9,4.95,22.3,14.2,5,7.6,Moderate Debt
USR-02562,40,Female,Corporate 9-to-5,Morning Lark,36,Messaging / Chat,58,0,0,86,25.2,7.95,25.3,19.2,2,1.0,Optimal Recovery
USR-02563,19,Male,Corporate 9-to-5,Intermediate,42,Instagram / Reddit,80,1,0,69,35.0,6.72,21.9,21.8,2,1.8,Moderate Debt
USR-02564,20,Male,Corporate 9-to-5,Morning Lark,8,News / Reading,45,1,0,25,25.3,7.93,26.9,24.1,0,1.0,Optimal Recovery
USR-02565,29,Female,Corporate 9-to-5,Night Owl,31,TikTok / Reels,43,0,104,2,36.1,5.21,22.0,15.0,3,5.1,Moderate Debt
USR-02566,27,Female,Healthcare / Shift Worker,Morning Lark,50,Streaming (Netflix/Hulu),61,1,0,50,25.2,5.96,22.7,22.8,3,3.8,Moderate Debt
USR-02567,25,Female,Remote Tech,Morning Lark,113,TikTok / Reels,51,1,98,29,76.6,6.11,19.2,15.8,4,4.5,Moderate Debt
USR-02568,26,Female,Student,Intermediate,49,Messaging / Chat,83,0,0,59,33.6,5.57,23.7,20.4,3,4.4,Moderate Debt
USR-02569,45,Female,Corporate 9-to-5,Intermediate,93,TikTok / Reels,69,1,0,71,57.6,6.15,27.0,17.2,3,4.1,Moderate Debt
USR-02570,55,Male,Remote Tech,Night Owl,35,Messaging / Chat,72,1,0,22,19.2,6.36,27.3,23.2,2,1.0,Moderate Debt
USR-02571,29,Female,Remote Tech,Intermediate,24,TikTok / Reels,74,1,0,46,23.2,7.57,22.7,22.0,1,1.0,Mild Deficit
USR-02572,53,Male,Freelance / Creative,Night Owl,53,YouTube,42,0,0,20,34.5,3.79,15.6,16.9,5,8.1,Moderate Debt
USR-02573,27,Female,Healthcare / Shift Worker,Night Owl,64,Instagram / Reddit,57,1,101,58,51.4,3.2,21.2,16.7,6,9.7,Severe Sleep Debt
USR-02574,32,Female,Remote Tech,Intermediate,31,Messaging / Chat,69,1,0,13,21.3,7.63,22.7,21.8,2,1.0,Mild Deficit
USR-02575,25,Female,Student,Night Owl,21,Instagram / Reddit,55,0,0,54,28.8,5.72,28.0,18.4,3,3.5,Moderate Debt
USR-02576,37,Male,Corporate 9-to-5,Intermediate,38,YouTube,37,0,20,42,24.8,7.05,24.3,19.3,3,1.7,Mild Deficit
USR-02577,62,Female,Remote Tech,Morning Lark,78,YouTube,74,1,0,3,39.1,7.79,18.3,17.4,1,1.2,Optimal Recovery
USR-02578,36,Female,Corporate 9-to-5,Intermediate,53,YouTube,52,0,20,5,34.4,7.6,23.8,18.6,1,1.0,Mild Deficit
USR-02579,28,Female,Corporate 9-to-5,Morning Lark,27,Streaming (Netflix/Hulu),61,0,27,31,32.1,8.28,20.7,19.3,0,1.0,Optimal Recovery
USR-02580,38,Male,Corporate 9-to-5,Night Owl,30,TikTok / Reels,67,1,28,21,33.5,5.33,21.9,16.7,4,4.3,Moderate Debt
USR-02581,22,Non-Binary,Student,Morning Lark,84,Messaging / Chat,85,1,0,0,41.2,7.36,21.0,21.3,2,1.6,Mild Deficit
USR-02582,51,Female,Remote Tech,Intermediate,47,Streaming (Netflix/Hulu),59,1,102,0,42.3,7.38,19.7,19.3,1,2.8,Mild Deficit
USR-02583,32,Female,Student,Intermediate,17,Streaming (Netflix/Hulu),15,0,0,6,19.1,7.9,26.3,18.6,2,1.0,Optimal Recovery
USR-02584,31,Male,Remote Tech,Intermediate,105,Messaging / Chat,59,1,0,48,58.0,5.47,22.7,18.4,5,6.2,Moderate Debt
USR-02585,35,Male,Corporate 9-to-5,Morning Lark,18,Streaming (Netflix/Hulu),61,0,86,32,32.8,7.45,22.3,15.9,1,1.0,Mild Deficit
USR-02586,37,Female,Student,Night Owl,96,YouTube,22,0,0,13,49.5,5.11,16.8,19.9,3,6.6,Moderate Debt
USR-02587,20,Male,Healthcare / Shift Worker,Morning Lark,36,TikTok / Reels,84,1,0,23,39.9,6.37,20.0,14.1,2,3.0,Moderate Debt
USR-02588,39,Male,Freelance / Creative,Night Owl,26,TikTok / Reels,10,1,0,55,11.7,5.83,23.3,19.3,3,2.4,Moderate Debt
USR-02589,25,Female,Remote Tech,Night Owl,58,YouTube,67,1,20,67,35.5,6.6,20.8,23.2,3,3.2,Moderate Debt
USR-02590,40,Male,Student,Intermediate,45,TikTok / Reels,24,1,216,2,46.8,6.32,15.7,10.0,3,5.5,Moderate Debt
USR-02591,46,Male,Student,Morning Lark,37,Streaming (Netflix/Hulu),76,0,20,20,32.4,7.25,21.5,19.1,1,2.0,Mild Deficit
USR-02592,45,Male,Corporate 9-to-5,Morning Lark,60,TikTok / Reels,66,1,78,44,45.8,6.77,16.6,16.0,2,3.0,Mild Deficit
USR-02593,34,Female,Corporate 9-to-5,Night Owl,20,Messaging / Chat,84,0,66,27,42.0,6.33,20.2,20.2,2,1.7,Moderate Debt
USR-02594,33,Female,Corporate 9-to-5,Morning Lark,56,Streaming (Netflix/Hulu),65,0,0,61,51.0,7.45,23.7,18.0,3,1.7,Mild Deficit
USR-02595,22,Female,Corporate 9-to-5,Morning Lark,58,Streaming (Netflix/Hulu),62,0,30,10,29.1,7.27,21.2,22.0,3,2.0,Mild Deficit
USR-02596,43,Female,Remote Tech,Intermediate,35,TikTok / Reels,48,0,0,24,41.3,6.6,25.0,20.1,4,3.7,Moderate Debt
USR-02597,26,Male,Freelance / Creative,Intermediate,3,Instagram / Reddit,20,0,79,39,14.4,7.13,25.5,16.3,2,1.0,Mild Deficit
USR-02598,32,Male,Remote Tech,Morning Lark,46,Messaging / Chat,99,0,0,34,26.2,7.53,18.8,20.8,0,1.0,Mild Deficit
USR-02599,26,Male,Student,Intermediate,45,TikTok / Reels,45,1,0,26,31.2,7.71,25.2,18.9,2,1.0,Mild Deficit
USR-02600,22,Non-Binary,Student,Intermediate,42,News / Reading,62,1,0,40,22.5,6.99,21.9,20.5,1,1.0,Mild Deficit
USR-02601,37,Female,Corporate 9-to-5,Morning Lark,13,YouTube,39,1,0,49,25.3,9.23,28.0,19.8,1,1.0,Optimal Recovery
USR-02602,19,Male,Corporate 9-to-5,Intermediate,56,TikTok / Reels,34,0,78,22,41.8,5.97,18.4,19.2,3,4.8,Moderate Debt
USR-02603,42,Male,Remote Tech,Intermediate,90,Instagram / Reddit,56,0,0,32,53.2,6.53,26.6,25.6,4,4.2,Moderate Debt
USR-02604,27,Female,Student,Night Owl,43,TikTok / Reels,63,1,0,7,32.5,4.94,20.2,17.0,4,6.1,Moderate Debt
USR-02605,18,Male,Freelance / Creative,Morning Lark,20,Streaming (Netflix/Hulu),90,0,108,14,21.7,8.7,22.6,17.7,0,1.0,Optimal Recovery
USR-02606,33,Female,Remote Tech,Intermediate,68,YouTube,75,0,0,15,44.0,6.26,19.2,16.0,3,4.3,Moderate Debt
USR-02607,19,Male,Healthcare / Shift Worker,Intermediate,121,YouTube,61,0,218,35,73.1,3.79,17.0,19.2,7,10.0,Severe Sleep Debt
USR-02608,26,Male,Remote Tech,Intermediate,27,Instagram / Reddit,54,1,20,32,32.2,7.6,22.7,16.5,1,1.0,Mild Deficit
USR-02609,40,Female,Student,Morning Lark,27,Messaging / Chat,62,1,0,59,19.7,9.15,27.2,17.4,1,1.0,Optimal Recovery
USR-02610,20,Male,Remote Tech,Morning Lark,107,TikTok / Reels,50,0,0,15,70.9,6.9,17.2,24.2,2,4.1,Mild Deficit
USR-02611,47,Male,Corporate 9-to-5,Night Owl,46,Streaming (Netflix/Hulu),60,1,116,21,31.1,5.74,14.8,17.4,3,4.5,Moderate Debt
USR-02612,18,Female,Corporate 9-to-5,Intermediate,12,TikTok / Reels,39,1,0,20,13.0,8.23,20.3,14.9,0,1.0,Optimal Recovery
USR-02613,25,Female,Corporate 9-to-5,Intermediate,144,Instagram / Reddit,44,1,0,96,79.8,3.8,27.0,14.9,7,8.5,Moderate Debt
USR-02614,42,Female,Remote Tech,Night Owl,6,News / Reading,54,0,0,56,21.5,5.41,26.6,25.3,3,2.2,Moderate Debt
USR-02615,27,Male,Student,Intermediate,10,TikTok / Reels,61,1,0,15,32.9,7.07,27.4,21.8,1,1.0,Mild Deficit
USR-02616,21,Male,Corporate 9-to-5,Intermediate,22,TikTok / Reels,53,0,0,14,18.5,7.58,24.5,17.6,0,1.0,Mild Deficit
USR-02617,28,Male,Student,Intermediate,80,YouTube,59,1,0,6,39.3,5.39,18.1,22.5,4,5.6,Moderate Debt
USR-02618,26,Male,Corporate 9-to-5,Night Owl,84,TikTok / Reels,37,0,31,49,54.3,5.24,23.8,19.5,4,6.0,Moderate Debt
USR-02619,47,Male,Healthcare / Shift Worker,Intermediate,18,YouTube,31,0,0,73,19.9,6.08,24.4,17.5,3,2.4,Moderate Debt
USR-02620,27,Female,Healthcare / Shift Worker,Intermediate,28,TikTok / Reels,54,1,0,44,29.1,5.61,23.5,17.3,1,2.1,Moderate Debt
USR-02621,44,Male,Student,Intermediate,63,Instagram / Reddit,21,1,28,30,42.0,6.56,23.2,20.8,3,3.5,Moderate Debt
USR-02622,52,Female,Remote Tech,Night Owl,120,YouTube,72,0,38,14,68.9,3.2,25.0,19.5,6,10.0,Severe Sleep Debt
USR-02623,30,Female,Corporate 9-to-5,Night Owl,5,Instagram / Reddit,28,0,0,59,14.1,6.32,24.7,21.8,2,2.3,Moderate Debt
USR-02624,53,Male,Healthcare / Shift Worker,Intermediate,11,Instagram / Reddit,47,0,24,26,22.6,6.21,21.2,20.7,1,2.6,Moderate Debt
USR-02625,29,Female,Corporate 9-to-5,Intermediate,35,Instagram / Reddit,65,0,0,53,30.2,7.25,23.1,19.0,2,1.0,Mild Deficit
USR-02626,59,Male,Corporate 9-to-5,Intermediate,15,News / Reading,73,0,86,72,30.0,7.8,21.6,15.2,0,1.0,Optimal Recovery
USR-02627,21,Male,Corporate 9-to-5,Morning Lark,103,YouTube,68,1,0,13,43.4,6.22,24.7,22.5,3,3.9,Moderate Debt
USR-02628,39,Female,Student,Night Owl,49,YouTube,65,0,0,64,25.4,5.75,24.6,20.6,3,3.9,Moderate Debt
USR-02629,32,Female,Student,Morning Lark,97,YouTube,100,1,0,38,62.3,6.97,21.8,26.5,3,4.0,Mild Deficit
USR-02630,29,Male,Student,Intermediate,63,Instagram / Reddit,34,1,0,43,60.6,5.46,28.0,17.6,5,4.9,Moderate Debt
USR-02631,37,Male,Remote Tech,Intermediate,78,News / Reading,61,1,139,56,51.0,5.59,21.5,20.6,4,6.8,Moderate Debt
USR-02632,40,Female,Corporate 9-to-5,Intermediate,31,Streaming (Netflix/Hulu),68,0,0,0,26.0,7.21,19.1,26.8,2,1.0,Mild Deficit
USR-02633,18,Female,Freelance / Creative,Intermediate,9,TikTok / Reels,62,0,78,50,21.5,8.25,24.6,13.7,0,1.0,Optimal Recovery
USR-02634,23,Male,Remote Tech,Night Owl,44,Streaming (Netflix/Hulu),46,1,36,40,25.0,5.72,24.9,19.3,1,2.0,Moderate Debt
USR-02635,40,Male,Remote Tech,Intermediate,90,Streaming (Netflix/Hulu),66,0,0,53,48.4,5.38,21.5,22.1,4,6.3,Moderate Debt
USR-02636,38,Female,Remote Tech,Morning Lark,142,TikTok / Reels,65,0,20,39,105.6,5.96,17.7,20.5,6,8.9,Moderate Debt
USR-02637,60,Female,Corporate 9-to-5,Intermediate,42,Streaming (Netflix/Hulu),80,0,0,24,31.9,7.52,26.0,21.8,1,1.0,Mild Deficit
USR-02638,43,Male,Corporate 9-to-5,Morning Lark,80,YouTube,64,1,0,25,44.0,6.53,20.3,17.7,2,2.3,Moderate Debt
USR-02639,58,Male,Remote Tech,Morning Lark,31,Instagram / Reddit,17,1,82,27,24.7,8.11,20.5,16.4,2,1.7,Optimal Recovery
USR-02640,40,Non-Binary,Corporate 9-to-5,Morning Lark,38,YouTube,71,1,0,48,20.7,9.44,23.3,20.0,0,1.0,Optimal Recovery
USR-02641,27,Male,Corporate 9-to-5,Morning Lark,48,TikTok / Reels,47,0,100,70,47.2,7.11,22.3,13.7,3,3.1,Mild Deficit
USR-02642,21,Male,Healthcare / Shift Worker,Intermediate,126,Instagram / Reddit,51,1,132,1,80.0,4.44,15.8,14.4,6,9.7,Severe Sleep Debt
USR-02643,44,Female,Remote Tech,Intermediate,79,Messaging / Chat,32,1,20,14,44.0,5.96,19.4,17.7,2,4.5,Moderate Debt
USR-02644,38,Male,Remote Tech,Morning Lark,72,YouTube,58,1,0,22,49.6,6.64,26.2,19.3,4,3.6,Moderate Debt
USR-02645,19,Female,Student,Night Owl,122,TikTok / Reels,94,1,0,0,72.6,3.2,17.8,16.8,6,9.9,Severe Sleep Debt
USR-02646,28,Male,Freelance / Creative,Morning Lark,28,YouTube,76,0,0,9,31.1,8.57,18.8,21.3,0,1.0,Optimal Recovery
USR-02647,58,Female,Corporate 9-to-5,Night Owl,42,Messaging / Chat,31,0,0,20,36.3,6.33,19.3,22.5,3,3.8,Moderate Debt
USR-02648,32,Female,Healthcare / Shift Worker,Intermediate,72,TikTok / Reels,51,0,0,39,38.7,5.48,22.7,21.0,3,5.4,Moderate Debt
USR-02649,30,Male,Remote Tech,Morning Lark,34,Messaging / Chat,75,1,113,41,36.9,8.47,17.6,14.8,0,1.0,Optimal Recovery
USR-02650,31,Male,Corporate 9-to-5,Night Owl,41,News / Reading,51,1,0,17,18.2,5.97,20.1,18.3,1,1.7,Moderate Debt
USR-02651,24,Female,Corporate 9-to-5,Intermediate,59,YouTube,14,0,0,79,33.5,6.95,24.7,20.8,2,2.4,Mild Deficit
USR-02652,28,Male,Remote Tech,Intermediate,49,TikTok / Reels,44,0,91,25,52.2,6.82,25.4,15.7,2,3.2,Mild Deficit
USR-02653,28,Female,Student,Intermediate,22,TikTok / Reels,83,0,0,44,26.0,8.12,22.2,15.3,1,1.0,Optimal Recovery
USR-02654,19,Female,Corporate 9-to-5,Night Owl,30,TikTok / Reels,85,0,0,39,31.9,5.18,27.1,19.5,4,4.2,Moderate Debt
USR-02655,43,Male,Remote Tech,Intermediate,22,YouTube,51,0,35,45,27.7,8.11,22.5,16.2,0,1.0,Optimal Recovery
USR-02656,30,Female,Student,Morning Lark,80,Messaging / Chat,50,0,0,57,40.4,6.91,17.7,17.4,3,3.7,Mild Deficit
USR-02657,46,Male,Remote Tech,Morning Lark,30,TikTok / Reels,10,0,0,33,25.4,8.42,28.0,15.7,0,1.0,Optimal Recovery
USR-02658,48,Female,Healthcare / Shift Worker,Night Owl,72,YouTube,53,0,137,54,48.7,3.79,19.0,18.1,5,8.2,Moderate Debt
USR-02659,24,Male,Healthcare / Shift Worker,Morning Lark,56,YouTube,44,0,245,52,46.9,5.29,15.2,11.0,3,7.4,Moderate Debt
USR-02660,38,Male,Remote Tech,Morning Lark,50,Messaging / Chat,17,1,0,49,20.8,8.23,21.0,15.8,1,1.0,Optimal Recovery
USR-02661,31,Female,Freelance / Creative,Intermediate,19,YouTube,36,1,0,40,18.3,6.66,23.2,20.4,2,1.5,Moderate Debt
USR-02662,50,Female,Corporate 9-to-5,Night Owl,56,Streaming (Netflix/Hulu),29,0,0,11,30.3,6.91,22.1,21.8,2,1.3,Mild Deficit
USR-02663,24,Male,Corporate 9-to-5,Intermediate,67,YouTube,56,1,90,15,36.7,5.8,18.9,18.9,2,4.5,Moderate Debt
USR-02664,39,Male,Remote Tech,Intermediate,81,Streaming (Netflix/Hulu),86,0,0,0,45.5,6.53,19.3,16.6,3,4.0,Moderate Debt
USR-02665,36,Female,Student,Night Owl,22,Messaging / Chat,52,1,0,58,24.0,7.29,20.8,21.6,1,1.0,Mild Deficit
USR-02666,27,Male,Student,Morning Lark,43,TikTok / Reels,60,1,0,36,30.2,7.76,24.1,18.1,2,1.0,Optimal Recovery
USR-02667,22,Female,Remote Tech,Intermediate,94,YouTube,100,0,0,59,46.6,6.45,16.4,14.9,4,3.7,Moderate Debt
USR-02668,38,Female,Corporate 9-to-5,Night Owl,88,Streaming (Netflix/Hulu),17,0,0,7,36.8,4.64,23.6,19.4,4,5.5,Moderate Debt
USR-02669,42,Female,Corporate 9-to-5,Night Owl,48,Messaging / Chat,59,0,0,35,30.0,5.59,21.1,20.7,4,4.4,Moderate Debt
USR-02670,27,Female,Healthcare / Shift Worker,Morning Lark,19,TikTok / Reels,78,1,63,21,32.8,7.39,22.9,20.2,2,1.0,Mild Deficit
USR-02671,38,Male,Healthcare / Shift Worker,Intermediate,83,YouTube,61,0,0,16,51.8,3.65,22.5,19.6,6,7.6,Moderate Debt
USR-02672,29,Male,Student,Morning Lark,51,TikTok / Reels,22,0,51,16,31.4,7.9,25.0,19.3,1,1.0,Optimal Recovery
USR-02673,40,Male,Student,Night Owl,26,Messaging / Chat,94,1,0,97,24.7,5.66,27.1,21.6,2,2.4,Moderate Debt
USR-02674,24,Male,Remote Tech,Night Owl,44,Streaming (Netflix/Hulu),72,1,0,54,27.6,5.49,20.3,19.4,3,3.4,Moderate Debt
USR-02675,51,Male,Corporate 9-to-5,Morning Lark,19,Instagram / Reddit,60,0,250,21,39.0,7.95,18.2,10.8,1,1.7,Optimal Recovery
USR-02676,26,Male,Remote Tech,Intermediate,83,TikTok / Reels,27,0,0,10,59.5,6.79,20.7,18.5,3,4.1,Mild Deficit
USR-02677,28,Male,Student,Night Owl,12,TikTok / Reels,100,1,250,23,45.4,6.36,18.1,15.8,1,3.6,Moderate Debt
USR-02678,20,Non-Binary,Remote Tech,Morning Lark,98,Instagram / Reddit,67,1,51,71,50.3,6.05,22.2,20.8,3,4.6,Moderate Debt
USR-02679,21,Male,Corporate 9-to-5,Morning Lark,61,News / Reading,64,0,20,20,31.9,7.13,18.6,22.8,2,3.8,Mild Deficit
USR-02680,33,Female,Freelance / Creative,Morning Lark,20,Messaging / Chat,67,0,0,9,22.8,8.4,24.4,19.5,1,1.0,Optimal Recovery
USR-02681,26,Male,Healthcare / Shift Worker,Intermediate,41,Instagram / Reddit,74,0,0,10,37.1,6.01,23.5,18.5,1,2.9,Moderate Debt
USR-02682,47,Male,Corporate 9-to-5,Night Owl,38,Instagram / Reddit,57,0,93,58,43.3,5.0,21.3,19.1,5,7.2,Moderate Debt
USR-02683,18,Male,Student,Night Owl,27,News / Reading,53,1,0,14,20.7,5.09,23.6,22.4,4,4.4,Moderate Debt
USR-02684,29,Male,Freelance / Creative,Morning Lark,57,Streaming (Netflix/Hulu),10,1,0,63,18.6,7.56,25.9,14.4,1,1.0,Mild Deficit
USR-02685,28,Male,Corporate 9-to-5,Morning Lark,123,TikTok / Reels,39,0,0,38,71.6,5.18,20.5,17.9,5,8.1,Moderate Debt
USR-02686,18,Non-Binary,Remote Tech,Intermediate,29,Instagram / Reddit,95,1,24,54,15.6,7.59,21.0,19.7,1,1.0,Mild Deficit
USR-02687,22,Female,Remote Tech,Night Owl,53,YouTube,38,1,0,65,29.8,5.31,27.7,21.3,3,3.8,Moderate Debt
USR-02688,30,Male,Remote Tech,Intermediate,51,Streaming (Netflix/Hulu),49,1,39,21,28.3,7.71,25.9,17.2,1,1.0,Mild Deficit
USR-02689,32,Female,Healthcare / Shift Worker,Intermediate,57,News / Reading,32,0,34,52,23.7,5.43,26.2,21.6,4,5.0,Moderate Debt
USR-02690,29,Male,Remote Tech,Intermediate,6,TikTok / Reels,65,0,88,34,19.2,8.18,20.9,13.7,2,1.0,Optimal Recovery
USR-02691,33,Male,Corporate 9-to-5,Morning Lark,102,Messaging / Chat,50,1,45,42,49.2,8.23,18.9,18.3,2,1.0,Optimal Recovery
USR-02692,36,Female,Corporate 9-to-5,Intermediate,180,Streaming (Netflix/Hulu),49,0,85,88,80.0,3.24,19.9,21.0,5,10.0,Severe Sleep Debt
USR-02693,18,Female,Corporate 9-to-5,Night Owl,51,Messaging / Chat,39,0,88,34,37.9,4.83,19.9,22.4,4,6.3,Moderate Debt
USR-02694,31,Male,Remote Tech,Morning Lark,79,TikTok / Reels,63,0,165,56,71.5,6.55,21.1,13.1,4,6.1,Moderate Debt
USR-02695,59,Female,Student,Intermediate,66,Streaming (Netflix/Hulu),84,1,0,75,45.8,7.13,23.4,19.5,4,2.7,Mild Deficit
USR-02696,33,Female,Corporate 9-to-5,Intermediate,22,TikTok / Reels,21,1,0,22,23.5,8.34,20.9,20.4,0,1.0,Optimal Recovery
USR-02697,39,Male,Student,Intermediate,48,YouTube,49,0,110,16,40.1,7.4,22.9,16.6,3,2.3,Mild Deficit
USR-02698,27,Female,Student,Intermediate,31,TikTok / Reels,52,0,95,32,35.1,7.44,22.9,17.8,1,1.9,Mild Deficit
USR-02699,43,Female,Corporate 9-to-5,Intermediate,45,Instagram / Reddit,40,1,84,14,39.3,6.74,21.1,14.3,4,3.0,Moderate Debt
USR-02700,43,Male,Student,Night Owl,52,News / Reading,78,1,0,25,29.5,5.68,21.3,24.5,3,3.5,Moderate Debt
USR-02701,33,Female,Student,Intermediate,55,TikTok / Reels,78,1,0,25,32.3,7.21,23.4,19.1,2,2.2,Mild Deficit
USR-02702,61,Female,Remote Tech,Intermediate,29,TikTok / Reels,60,1,0,31,25.0,8.28,25.9,19.1,1,1.0,Optimal Recovery
USR-02703,22,Male,Corporate 9-to-5,Morning Lark,55,TikTok / Reels,41,0,45,14,34.9,7.63,17.5,16.4,3,1.2,Mild Deficit
USR-02704,18,Male,Student,Night Owl,46,YouTube,78,1,75,41,45.1,5.37,18.6,15.6,2,5.4,Moderate Debt
USR-02705,43,Male,Freelance / Creative,Intermediate,97,TikTok / Reels,49,0,149,25,75.0,4.96,14.3,18.7,5,8.4,Moderate Debt
USR-02706,45,Male,Remote Tech,Night Owl,77,News / Reading,75,1,0,28,38.6,5.84,20.7,22.3,3,5.0,Moderate Debt
USR-02707,22,Male,Remote Tech,Intermediate,87,YouTube,100,0,0,49,53.1,6.56,19.6,16.4,2,3.9,Moderate Debt
USR-02708,26,Female,Remote Tech,Morning Lark,91,Streaming (Netflix/Hulu),55,0,0,42,41.9,7.2,26.9,20.2,3,2.0,Mild Deficit
USR-02709,18,Female,Corporate 9-to-5,Morning Lark,25,Instagram / Reddit,58,0,0,60,28.4,8.08,21.3,21.8,2,1.0,Optimal Recovery
USR-02710,27,Female,Remote Tech,Night Owl,75,Instagram / Reddit,41,1,0,63,36.9,5.39,24.5,19.3,4,4.3,Moderate Debt
USR-02711,43,Female,Corporate 9-to-5,Intermediate,24,News / Reading,75,0,36,27,21.7,7.76,22.0,22.5,0,1.0,Optimal Recovery
USR-02712,33,Male,Corporate 9-to-5,Morning Lark,114,News / Reading,59,0,66,38,42.7,7.16,19.7,22.1,1,1.8,Mild Deficit
USR-02713,28,Male,Remote Tech,Morning Lark,74,TikTok / Reels,30,0,0,43,60.4,7.1,22.9,20.7,3,2.5,Mild Deficit
USR-02714,29,Female,Corporate 9-to-5,Intermediate,23,Messaging / Chat,41,0,0,22,22.1,7.49,22.4,18.4,0,1.0,Mild Deficit
USR-02715,18,Male,Remote Tech,Morning Lark,56,YouTube,94,1,0,14,30.6,8.5,26.8,20.8,1,1.0,Optimal Recovery
USR-02716,27,Female,Corporate 9-to-5,Intermediate,28,TikTok / Reels,50,1,0,52,30.2,7.35,22.0,20.9,1,1.0,Mild Deficit
USR-02717,38,Female,Corporate 9-to-5,Morning Lark,36,Streaming (Netflix/Hulu),33,1,0,60,24.1,8.38,21.3,21.4,0,1.0,Optimal Recovery
USR-02718,61,Male,Healthcare / Shift Worker,Intermediate,62,YouTube,59,0,0,17,39.1,3.84,19.9,22.3,5,7.0,Moderate Debt
USR-02719,48,Female,Freelance / Creative,Morning Lark,33,Instagram / Reddit,44,0,0,40,22.3,8.87,24.8,22.7,0,1.0,Optimal Recovery
USR-02720,18,Female,Corporate 9-to-5,Intermediate,42,Streaming (Netflix/Hulu),51,0,0,21,25.8,7.63,26.1,21.0,1,1.6,Mild Deficit
USR-02721,52,Female,Remote Tech,Intermediate,92,TikTok / Reels,66,1,108,22,70.5,4.35,21.6,17.6,6,9.9,Severe Sleep Debt
USR-02722,44,Female,Corporate 9-to-5,Morning Lark,45,YouTube,62,0,0,27,31.0,8.62,22.3,22.2,1,1.0,Optimal Recovery
USR-02723,44,Male,Remote Tech,Intermediate,25,News / Reading,56,0,0,52,24.4,8.47,23.1,19.2,0,1.0,Optimal Recovery
USR-02724,31,Male,Remote Tech,Intermediate,11,Instagram / Reddit,43,1,0,45,22.8,7.35,25.2,21.7,3,1.0,Mild Deficit
USR-02725,29,Female,Corporate 9-to-5,Morning Lark,77,TikTok / Reels,19,0,0,55,41.6,7.25,21.5,16.6,4,3.2,Mild Deficit
USR-02726,27,Female,Student,Intermediate,77,Messaging / Chat,93,0,0,37,45.4,7.13,17.5,21.9,3,4.5,Mild Deficit
USR-02727,20,Male,Corporate 9-to-5,Intermediate,56,Messaging / Chat,92,0,0,5,41.6,6.33,21.0,20.8,1,2.0,Moderate Debt
USR-02728,25,Male,Corporate 9-to-5,Intermediate,172,TikTok / Reels,55,1,0,63,89.5,5.43,20.5,18.0,5,7.0,Moderate Debt
USR-02729,25,Female,Student,Morning Lark,41,TikTok / Reels,72,0,98,55,44.1,8.81,19.7,17.7,0,1.0,Optimal Recovery
USR-02730,32,Female,Student,Intermediate,98,News / Reading,54,0,43,0,49.5,6.51,23.7,20.5,4,4.9,Moderate Debt
USR-02731,42,Male,Remote Tech,Morning Lark,31,TikTok / Reels,40,0,0,29,28.3,8.26,28.0,15.7,0,1.0,Optimal Recovery
USR-02732,31,Male,Remote Tech,Intermediate,80,Instagram / Reddit,56,1,0,33,40.6,8.36,22.6,18.3,1,1.0,Optimal Recovery
USR-02733,20,Female,Remote Tech,Intermediate,23,TikTok / Reels,58,1,0,48,20.7,7.62,22.0,16.6,1,1.0,Mild Deficit
USR-02734,59,Male,Remote Tech,Intermediate,79,Streaming (Netflix/Hulu),85,0,55,54,46.7,5.92,24.9,17.5,4,5.6,Moderate Debt
USR-02735,57,Female,Remote Tech,Night Owl,42,TikTok / Reels,57,1,0,46,35.2,4.11,23.1,17.9,4,6.3,Moderate Debt
USR-02736,44,Male,Remote Tech,Morning Lark,69,Streaming (Netflix/Hulu),89,0,0,34,34.5,7.07,23.8,21.9,3,2.6,Mild Deficit
USR-02737,64,Male,Remote Tech,Night Owl,58,TikTok / Reels,52,1,0,7,35.6,6.26,21.6,16.7,2,2.5,Moderate Debt
USR-02738,34,Male,Student,Morning Lark,76,YouTube,44,0,0,82,47.4,7.97,27.7,16.8,1,1.0,Optimal Recovery
USR-02739,59,Female,Student,Night Owl,10,TikTok / Reels,85,1,0,70,17.2,5.62,24.0,15.5,3,1.8,Moderate Debt
USR-02740,20,Female,Remote Tech,Intermediate,46,TikTok / Reels,83,0,0,60,32.0,6.94,22.7,16.7,4,3.5,Mild Deficit
USR-02741,28,Female,Remote Tech,Night Owl,95,Streaming (Netflix/Hulu),57,1,0,68,42.2,4.8,23.5,18.4,4,5.1,Moderate Debt
USR-02742,25,Male,Remote Tech,Morning Lark,103,Messaging / Chat,62,0,0,13,60.2,6.09,18.9,17.8,5,6.3,Moderate Debt
USR-02743,24,Female,Remote Tech,Intermediate,67,Instagram / Reddit,61,1,0,51,47.4,6.17,19.0,18.7,4,5.4,Moderate Debt
USR-02744,22,Female,Remote Tech,Intermediate,97,YouTube,59,1,0,53,49.0,4.88,23.1,18.9,4,5.5,Moderate Debt
USR-02745,37,Female,Healthcare / Shift Worker,Night Owl,44,YouTube,48,0,78,0,34.0,4.69,19.8,19.0,5,6.4,Moderate Debt
USR-02746,44,Male,Student,Night Owl,1,YouTube,100,1,0,46,11.8,7.01,23.2,16.8,2,1.0,Mild Deficit
USR-02747,35,Female,Healthcare / Shift Worker,Morning Lark,32,YouTube,47,0,112,18,47.3,6.43,16.5,16.5,3,4.4,Moderate Debt
USR-02748,22,Female,Student,Intermediate,53,Instagram / Reddit,66,1,122,46,41.6,6.82,22.4,16.1,2,1.0,Mild Deficit
USR-02749,45,Female,Freelance / Creative,Intermediate,58,YouTube,59,0,109,53,40.9,6.02,17.0,16.0,5,4.9,Moderate Debt
USR-02750,37,Male,Student,Morning Lark,65,News / Reading,10,1,45,35,37.7,7.7,26.2,16.4,1,1.0,Mild Deficit
USR-02751,29,Male,Freelance / Creative,Morning Lark,51,Instagram / Reddit,57,1,0,57,28.8,8.63,20.6,22.2,0,1.0,Optimal Recovery
USR-02752,39,Male,Corporate 9-to-5,Night Owl,51,News / Reading,49,1,0,58,27.2,6.16,21.4,22.9,2,2.2,Moderate Debt
USR-02753,26,Male,Corporate 9-to-5,Intermediate,82,YouTube,44,1,0,14,38.6,6.94,24.1,14.0,3,2.1,Mild Deficit
USR-02754,28,Male,Remote Tech,Morning Lark,27,YouTube,34,1,57,0,19.9,9.3,20.6,17.9,0,1.0,Optimal Recovery
USR-02755,54,Female,Freelance / Creative,Morning Lark,58,YouTube,91,1,101,6,41.4,7.18,19.1,17.4,3,2.6,Mild Deficit
USR-02756,26,Male,Remote Tech,Intermediate,67,Instagram / Reddit,33,0,51,77,38.3,6.34,22.0,19.0,2,3.0,Moderate Debt
USR-02757,31,Female,Corporate 9-to-5,Intermediate,33,News / Reading,51,0,0,10,27.1,6.96,25.2,25.9,3,1.1,Mild Deficit
USR-02758,51,Female,Remote Tech,Intermediate,42,TikTok / Reels,45,1,211,29,44.2,6.76,21.9,12.4,2,3.9,Mild Deficit
USR-02759,40,Male,Student,Intermediate,126,YouTube,34,0,0,37,60.6,4.29,25.1,21.3,4,7.5,Moderate Debt
USR-02760,20,Female,Corporate 9-to-5,Morning Lark,56,TikTok / Reels,70,0,0,13,46.8,9.22,20.8,17.5,1,1.0,Optimal Recovery
USR-02761,22,Female,Student,Intermediate,180,News / Reading,64,1,32,29,61.7,4.55,22.4,20.4,6,8.9,Severe Sleep Debt
USR-02762,18,Female,Freelance / Creative,Morning Lark,53,TikTok / Reels,45,0,0,0,42.8,6.87,18.8,16.8,2,2.6,Mild Deficit
USR-02763,37,Male,Healthcare / Shift Worker,Night Owl,85,Messaging / Chat,37,1,0,61,40.4,4.72,25.8,23.0,4,4.9,Moderate Debt
USR-02764,31,Female,Corporate 9-to-5,Morning Lark,16,YouTube,65,0,86,49,32.3,7.77,22.1,19.9,1,1.0,Optimal Recovery
USR-02765,22,Male,Corporate 9-to-5,Night Owl,10,Streaming (Netflix/Hulu),64,1,0,68,6.0,6.73,25.5,24.9,1,1.0,Moderate Debt
USR-02766,59,Male,Remote Tech,Intermediate,24,Instagram / Reddit,52,0,0,27,19.2,6.26,24.2,22.4,2,1.2,Moderate Debt
USR-02767,33,Male,Remote Tech,Intermediate,91,YouTube,84,1,0,28,52.0,6.31,22.2,21.4,4,5.2,Moderate Debt
USR-02768,25,Female,Corporate 9-to-5,Intermediate,42,Instagram / Reddit,86,1,81,41,36.7,7.02,22.8,18.8,2,2.8,Mild Deficit
USR-02769,32,Male,Student,Intermediate,15,Messaging / Chat,45,1,23,25,26.6,7.97,19.5,17.8,1,1.0,Optimal Recovery
USR-02770,39,Female,Remote Tech,Night Owl,53,Instagram / Reddit,97,1,0,20,36.6,5.9,20.6,17.2,3,4.2,Moderate Debt
USR-02771,20,Female,Healthcare / Shift Worker,Intermediate,86,Instagram / Reddit,49,0,110,0,55.3,3.81,17.6,15.2,4,8.8,Severe Sleep Debt
USR-02772,26,Female,Freelance / Creative,Morning Lark,27,TikTok / Reels,50,0,148,76,33.0,7.05,20.3,18.2,3,1.4,Mild Deficit
USR-02773,45,Male,Corporate 9-to-5,Intermediate,89,News / Reading,69,1,0,16,49.3,5.03,20.1,17.6,4,6.7,Moderate Debt
USR-02774,31,Female,Freelance / Creative,Morning Lark,19,TikTok / Reels,62,1,0,32,29.2,6.67,19.3,19.2,2,1.8,Moderate Debt
USR-02775,34,Female,Student,Intermediate,85,YouTube,56,0,0,26,50.7,5.06,19.3,19.5,4,6.8,Moderate Debt
USR-02776,30,Female,Remote Tech,Morning Lark,99,YouTube,17,0,0,32,47.3,7.05,19.2,18.8,2,1.0,Mild Deficit
USR-02777,19,Female,Remote Tech,Intermediate,32,TikTok / Reels,23,1,0,18,23.0,7.27,27.3,20.8,2,1.0,Mild Deficit
USR-02778,23,Male,Remote Tech,Intermediate,108,YouTube,29,0,0,27,64.6,5.59,22.4,22.5,5,6.8,Moderate Debt
USR-02779,31,Male,Corporate 9-to-5,Morning Lark,121,Instagram / Reddit,55,0,20,77,73.2,6.92,24.5,19.4,4,5.3,Mild Deficit
USR-02780,24,Male,Student,Intermediate,65,YouTube,45,1,0,51,35.9,6.53,25.8,20.9,2,3.3,Moderate Debt
USR-02781,19,Female,Corporate 9-to-5,Intermediate,33,TikTok / Reels,47,0,0,8,30.6,7.84,20.1,15.9,2,1.1,Optimal Recovery
USR-02782,48,Female,Student,Morning Lark,180,YouTube,49,1,0,24,85.8,4.72,17.6,19.4,6,9.2,Severe Sleep Debt
USR-02783,62,Male,Corporate 9-to-5,Intermediate,30,Messaging / Chat,75,0,0,8,26.1,6.44,18.9,23.9,2,2.1,Moderate Debt
USR-02784,44,Female,Corporate 9-to-5,Intermediate,131,Messaging / Chat,70,0,0,2,75.2,5.59,16.7,24.6,2,6.1,Moderate Debt
USR-02785,48,Male,Remote Tech,Morning Lark,160,YouTube,47,1,84,56,73.7,4.71,21.9,20.0,7,9.2,Severe Sleep Debt
USR-02786,25,Female,Remote Tech,Night Owl,67,YouTube,49,1,54,31,48.1,3.59,21.9,19.4,6,7.5,Moderate Debt
USR-02787,59,Male,Remote Tech,Intermediate,23,YouTube,38,1,73,64,31.4,7.4,23.1,20.8,2,1.7,Mild Deficit
USR-02788,24,Female,Corporate 9-to-5,Morning Lark,63,Streaming (Netflix/Hulu),48,0,20,16,54.2,8.32,19.5,16.4,1,1.0,Optimal Recovery
USR-02789,58,Female,Healthcare / Shift Worker,Night Owl,175,News / Reading,81,0,0,59,60.5,3.2,18.8,23.4,6,10.0,Severe Sleep Debt
USR-02790,64,Male,Student,Intermediate,33,YouTube,73,0,141,36,33.1,7.32,20.6,15.5,2,1.8,Mild Deficit
USR-02791,40,Male,Corporate 9-to-5,Intermediate,48,Messaging / Chat,63,1,20,34,28.9,7.4,18.6,16.1,1,1.3,Mild Deficit
USR-02792,62,Female,Remote Tech,Intermediate,8,YouTube,34,1,136,57,24.6,8.15,25.6,14.5,0,1.0,Optimal Recovery
USR-02793,35,Male,Remote Tech,Night Owl,49,TikTok / Reels,54,0,0,41,32.3,4.91,23.7,22.1,4,4.2,Moderate Debt
USR-02794,26,Male,Corporate 9-to-5,Night Owl,78,YouTube,47,0,0,40,41.2,4.27,20.9,23.7,5,6.8,Moderate Debt
USR-02795,30,Female,Student,Intermediate,25,Instagram / Reddit,52,1,68,50,35.4,6.89,22.2,16.4,2,1.3,Mild Deficit
USR-02796,36,Female,Healthcare / Shift Worker,Morning Lark,128,Streaming (Netflix/Hulu),71,0,65,0,65.8,4.47,11.1,18.4,5,9.2,Severe Sleep Debt
USR-02797,20,Female,Student,Intermediate,17,Instagram / Reddit,77,0,0,49,28.1,6.67,23.9,13.0,2,1.0,Moderate Debt
USR-02798,37,Female,Corporate 9-to-5,Intermediate,34,News / Reading,100,0,161,23,35.2,6.45,16.4,18.4,3,4.1,Moderate Debt
USR-02799,62,Male,Healthcare / Shift Worker,Morning Lark,114,Instagram / Reddit,37,1,0,10,59.6,4.93,23.3,21.3,4,6.6,Moderate Debt
USR-02800,24,Female,Corporate 9-to-5,Intermediate,46,YouTube,80,1,0,22,48.5,6.53,19.0,16.4,3,3.1,Moderate Debt
USR-02801,44,Female,Freelance / Creative,Intermediate,145,Instagram / Reddit,52,0,66,18,83.3,4.14,16.9,19.2,5,10.0,Severe Sleep Debt
USR-02802,53,Female,Corporate 9-to-5,Night Owl,11,YouTube,41,0,0,70,21.2,6.96,22.9,15.9,1,1.0,Mild Deficit
USR-02803,57,Male,Remote Tech,Intermediate,40,Streaming (Netflix/Hulu),98,1,108,16,49.0,6.79,12.4,16.1,1,3.7,Mild Deficit
USR-02804,59,Female,Remote Tech,Morning Lark,64,Messaging / Chat,90,1,0,47,27.8,7.22,26.7,22.2,1,1.0,Mild Deficit
USR-02805,33,Female,Corporate 9-to-5,Night Owl,172,TikTok / Reels,49,0,0,47,106.4,3.2,20.7,16.8,7,10.0,Severe Sleep Debt
USR-02806,61,Female,Student,Night Owl,57,News / Reading,41,0,39,26,17.4,6.68,21.2,23.3,1,2.0,Moderate Debt
USR-02807,42,Male,Student,Intermediate,74,Streaming (Netflix/Hulu),20,1,0,20,25.6,5.61,17.9,20.4,2,2.4,Moderate Debt
USR-02808,23,Female,Corporate 9-to-5,Morning Lark,51,Instagram / Reddit,80,1,0,34,38.7,8.05,21.0,18.9,0,1.0,Optimal Recovery
USR-02809,32,Male,Student,Intermediate,47,News / Reading,14,0,0,16,26.8,7.02,22.8,22.3,1,1.0,Mild Deficit
USR-02810,41,Female,Remote Tech,Night Owl,33,Instagram / Reddit,52,0,0,18,23.4,6.47,23.0,21.2,1,1.9,Moderate Debt
USR-02811,25,Female,Corporate 9-to-5,Morning Lark,68,TikTok / Reels,37,0,0,58,45.8,7.09,24.6,20.1,2,2.9,Mild Deficit
USR-02812,37,Female,Freelance / Creative,Intermediate,43,Messaging / Chat,83,0,0,73,28.6,7.65,24.4,19.1,3,1.3,Mild Deficit
USR-02813,38,Female,Healthcare / Shift Worker,Intermediate,77,Messaging / Chat,92,0,20,35,51.1,4.57,17.3,22.7,4,5.6,Moderate Debt
USR-02814,23,Male,Corporate 9-to-5,Intermediate,56,TikTok / Reels,21,0,0,5,41.3,5.6,25.2,18.9,4,4.2,Moderate Debt
USR-02815,35,Male,Remote Tech,Night Owl,40,TikTok / Reels,57,0,0,61,35.3,4.83,25.8,20.4,4,4.7,Moderate Debt
USR-02816,43,Male,Corporate 9-to-5,Intermediate,129,TikTok / Reels,60,0,0,46,82.3,5.61,19.4,16.2,5,7.7,Moderate Debt
USR-02817,32,Male,Student,Intermediate,31,YouTube,49,0,45,59,22.6,7.71,21.9,17.5,0,1.0,Mild Deficit
USR-02818,18,Female,Freelance / Creative,Intermediate,34,Messaging / Chat,42,0,0,26,28.0,7.23,19.7,20.2,2,1.0,Mild Deficit
USR-02819,18,Female,Remote Tech,Morning Lark,7,TikTok / Reels,86,1,0,58,23.8,9.0,23.6,17.5,0,1.0,Optimal Recovery
USR-02820,28,Male,Healthcare / Shift Worker,Intermediate,44,Streaming (Netflix/Hulu),45,0,0,29,26.7,5.85,23.7,22.7,2,2.9,Moderate Debt
USR-02821,55,Male,Remote Tech,Night Owl,123,Messaging / Chat,95,1,0,16,49.9,3.97,22.8,21.5,6,7.7,Moderate Debt
USR-02822,25,Male,Remote Tech,Night Owl,125,Streaming (Netflix/Hulu),42,1,38,9,48.1,3.2,19.9,18.4,5,10.0,Severe Sleep Debt
USR-02823,37,Female,Freelance / Creative,Intermediate,37,TikTok / Reels,70,1,91,35,46.2,6.91,24.7,13.2,2,2.4,Mild Deficit
USR-02824,25,Female,Remote Tech,Morning Lark,73,Instagram / Reddit,72,1,29,77,55.0,7.96,27.2,17.3,2,1.6,Optimal Recovery
USR-02825,27,Male,Remote Tech,Night Owl,83,Messaging / Chat,42,1,0,51,28.9,6.19,21.2,16.5,2,2.0,Moderate Debt
USR-02826,48,Female,Student,Intermediate,16,TikTok / Reels,19,0,0,18,18.1,7.91,22.2,15.3,1,1.0,Optimal Recovery
USR-02827,41,Female,Corporate 9-to-5,Night Owl,105,TikTok / Reels,38,0,0,30,63.9,4.15,22.0,14.0,6,8.1,Moderate Debt
USR-02828,21,Female,Corporate 9-to-5,Morning Lark,19,Streaming (Netflix/Hulu),31,1,147,70,28.8,8.65,24.4,16.8,0,1.0,Optimal Recovery
USR-02829,30,Male,Freelance / Creative,Intermediate,39,Streaming (Netflix/Hulu),71,0,0,46,29.1,6.49,21.7,21.9,2,2.2,Moderate Debt
USR-02830,19,Female,Student,Morning Lark,23,Instagram / Reddit,47,1,46,45,15.2,8.71,25.2,20.7,1,1.0,Optimal Recovery
USR-02831,32,Male,Healthcare / Shift Worker,Night Owl,64,News / Reading,82,0,0,31,31.9,3.2,19.0,22.3,6,9.0,Severe Sleep Debt
USR-02832,38,Female,Corporate 9-to-5,Night Owl,28,Streaming (Netflix/Hulu),66,0,0,17,23.4,6.64,21.0,20.0,3,1.5,Moderate Debt
USR-02833,22,Male,Remote Tech,Intermediate,33,YouTube,51,1,0,85,29.2,7.09,25.5,17.4,1,1.6,Mild Deficit
USR-02834,26,Male,Freelance / Creative,Morning Lark,93,YouTube,57,0,0,23,55.4,6.62,14.8,21.6,3,4.4,Moderate Debt
USR-02835,29,Female,Corporate 9-to-5,Morning Lark,36,TikTok / Reels,28,0,0,66,36.4,9.28,24.8,19.3,0,1.0,Optimal Recovery
USR-02836,54,Male,Corporate 9-to-5,Intermediate,51,YouTube,51,0,105,34,43.1,7.14,20.0,18.6,1,1.5,Mild Deficit
USR-02837,64,Female,Remote Tech,Intermediate,19,Instagram / Reddit,58,1,0,3,31.7,6.91,21.6,20.3,1,1.0,Mild Deficit
USR-02838,19,Female,Remote Tech,Intermediate,14,TikTok / Reels,47,1,150,45,28.2,6.87,23.3,16.0,1,1.6,Mild Deficit
USR-02839,43,Male,Corporate 9-to-5,Intermediate,58,News / Reading,44,0,212,74,50.4,6.72,18.6,17.3,2,4.3,Moderate Debt
USR-02840,29,Female,Healthcare / Shift Worker,Intermediate,35,TikTok / Reels,75,0,0,29,17.6,6.3,22.1,16.2,2,2.1,Moderate Debt
USR-02841,29,Female,Freelance / Creative,Morning Lark,142,YouTube,36,0,0,25,70.7,4.94,17.7,19.0,5,8.9,Severe Sleep Debt
USR-02842,42,Female,Remote Tech,Intermediate,180,Streaming (Netflix/Hulu),67,1,0,37,69.1,4.86,18.0,20.5,5,8.1,Moderate Debt
USR-02843,54,Female,Student,Intermediate,20,Streaming (Netflix/Hulu),77,0,0,8,21.6,7.52,21.8,22.0,1,1.0,Mild Deficit
USR-02844,58,Male,Healthcare / Shift Worker,Night Owl,14,Streaming (Netflix/Hulu),65,0,70,22,29.5,4.44,22.9,18.6,4,6.5,Moderate Debt
USR-02845,35,Female,Student,Intermediate,144,Instagram / Reddit,31,0,0,66,75.5,4.62,28.0,22.9,5,8.4,Moderate Debt
USR-02846,28,Male,Corporate 9-to-5,Intermediate,69,Messaging / Chat,57,1,0,28,32.6,7.24,24.7,21.6,1,1.0,Mild Deficit
USR-02847,44,Male,Corporate 9-to-5,Intermediate,57,YouTube,73,0,0,5,31.7,6.77,21.8,19.6,3,3.4,Mild Deficit
USR-02848,25,Female,Corporate 9-to-5,Night Owl,16,Instagram / Reddit,49,1,210,28,33.7,5.76,18.9,16.4,3,5.0,Moderate Debt
USR-02849,34,Female,Corporate 9-to-5,Morning Lark,174,News / Reading,38,1,0,32,56.7,5.77,24.8,20.2,1,3.8,Moderate Debt
USR-02850,28,Male,Corporate 9-to-5,Intermediate,28,TikTok / Reels,37,1,136,34,25.7,7.88,25.6,16.0,0,1.0,Optimal Recovery
USR-02851,38,Female,Remote Tech,Night Owl,85,News / Reading,61,1,0,69,43.7,3.77,26.1,19.8,5,7.7,Moderate Debt
USR-02852,25,Female,Corporate 9-to-5,Intermediate,82,Instagram / Reddit,48,1,0,88,51.3,5.35,24.1,17.1,4,3.3,Moderate Debt
USR-02853,24,Female,Corporate 9-to-5,Intermediate,13,Instagram / Reddit,43,0,0,40,15.3,8.68,23.9,20.4,1,1.0,Optimal Recovery
USR-02854,54,Male,Remote Tech,Morning Lark,32,YouTube,13,0,0,63,21.9,7.55,27.1,18.1,2,1.0,Mild Deficit
USR-02855,21,Male,Corporate 9-to-5,Night Owl,17,Messaging / Chat,91,1,93,39,30.3,5.49,23.2,19.0,2,4.6,Moderate Debt
USR-02856,32,Female,Healthcare / Shift Worker,Morning Lark,9,TikTok / Reels,49,0,0,0,20.1,7.08,17.8,17.6,1,1.5,Mild Deficit
USR-02857,25,Female,Corporate 9-to-5,Morning Lark,44,YouTube,71,0,0,0,24.0,7.27,18.5,19.2,1,1.0,Mild Deficit
USR-02858,19,Male,Healthcare / Shift Worker,Morning Lark,19,Instagram / Reddit,82,0,0,25,16.2,7.7,19.7,20.3,0,1.0,Mild Deficit
USR-02859,19,Male,Freelance / Creative,Morning Lark,28,Streaming (Netflix/Hulu),100,1,0,12,34.6,7.94,17.6,21.1,1,1.0,Optimal Recovery
USR-02860,23,Male,Student,Night Owl,16,TikTok / Reels,69,1,43,14,23.9,6.23,21.1,13.9,2,1.5,Moderate Debt
USR-02861,49,Male,Student,Intermediate,40,TikTok / Reels,62,0,39,0,42.7,6.42,20.9,18.6,1,2.2,Moderate Debt
USR-02862,26,Female,Freelance / Creative,Intermediate,142,Streaming (Netflix/Hulu),24,1,0,75,56.0,5.17,24.0,18.1,3,4.7,Moderate Debt
USR-02863,58,Male,Corporate 9-to-5,Night Owl,63,Instagram / Reddit,14,0,83,73,47.2,5.0,22.9,16.8,4,6.3,Moderate Debt
USR-02864,35,Female,Freelance / Creative,Morning Lark,35,TikTok / Reels,10,0,0,45,32.9,8.59,19.6,18.6,2,1.0,Optimal Recovery
USR-02865,30,Female,Student,Morning Lark,49,TikTok / Reels,52,0,61,16,38.4,7.59,17.7,14.7,2,1.6,Mild Deficit
USR-02866,35,Male,Student,Intermediate,60,Streaming (Netflix/Hulu),35,1,0,49,24.8,6.05,22.7,16.3,4,2.9,Moderate Debt
USR-02867,33,Female,Remote Tech,Intermediate,61,Streaming (Netflix/Hulu),45,1,22,41,37.5,6.06,22.3,22.1,2,3.0,Moderate Debt
USR-02868,43,Non-Binary,Remote Tech,Intermediate,41,Messaging / Chat,84,1,41,50,18.4,7.73,25.2,22.8,0,1.0,Mild Deficit
USR-02869,26,Female,Student,Morning Lark,30,TikTok / Reels,65,1,0,26,25.5,8.89,21.7,14.5,0,1.0,Optimal Recovery
USR-02870,28,Male,Student,Intermediate,85,Streaming (Netflix/Hulu),55,1,0,2,42.7,6.49,23.1,22.0,2,2.2,Moderate Debt
USR-02871,52,Male,Student,Intermediate,21,Messaging / Chat,59,0,85,28,27.1,7.81,21.9,18.9,0,1.0,Optimal Recovery
USR-02872,57,Female,Corporate 9-to-5,Intermediate,86,Instagram / Reddit,41,1,52,31,40.2,5.99,22.2,14.4,1,3.7,Moderate Debt
USR-02873,52,Male,Remote Tech,Morning Lark,37,TikTok / Reels,45,1,0,37,28.3,8.45,19.2,16.9,1,1.0,Optimal Recovery
USR-02874,30,Female,Remote Tech,Intermediate,106,News / Reading,27,1,0,12,35.1,5.66,21.3,20.9,1,2.7,Moderate Debt
USR-02875,44,Male,Corporate 9-to-5,Intermediate,24,TikTok / Reels,71,0,0,28,18.4,7.82,25.0,19.4,0,1.0,Optimal Recovery
USR-02876,32,Female,Corporate 9-to-5,Intermediate,23,Streaming (Netflix/Hulu),90,0,162,48,36.2,6.29,15.5,15.5,3,3.8,Moderate Debt
USR-02877,32,Male,Corporate 9-to-5,Night Owl,53,Instagram / Reddit,82,0,81,34,41.7,5.04,22.4,18.4,5,7.1,Moderate Debt
USR-02878,24,Female,Remote Tech,Night Owl,27,Streaming (Netflix/Hulu),55,1,144,51,31.2,5.23,27.0,14.7,3,4.1,Moderate Debt
USR-02879,35,Female,Remote Tech,Intermediate,145,Instagram / Reddit,74,0,44,1,83.3,4.05,11.6,18.6,6,10.0,Severe Sleep Debt
USR-02880,24,Female,Corporate 9-to-5,Night Owl,31,YouTube,66,0,30,57,37.0,5.61,19.6,16.8,4,4.5,Moderate Debt
USR-02881,28,Female,Freelance / Creative,Night Owl,25,Streaming (Netflix/Hulu),58,1,0,14,18.8,6.68,23.7,19.3,1,1.0,Moderate Debt
USR-02882,48,Male,Student,Intermediate,68,News / Reading,62,0,21,44,39.7,6.66,22.1,21.1,2,3.9,Moderate Debt
USR-02883,24,Male,Student,Intermediate,6,YouTube,29,0,20,38,17.4,7.79,20.2,24.5,0,1.2,Optimal Recovery
USR-02884,20,Male,Corporate 9-to-5,Night Owl,151,YouTube,45,0,0,8,70.2,3.29,22.2,18.3,6,9.6,Severe Sleep Debt
USR-02885,20,Female,Student,Intermediate,76,Streaming (Netflix/Hulu),41,1,0,11,35.2,5.59,19.8,23.0,2,4.0,Moderate Debt
USR-02886,56,Female,Remote Tech,Morning Lark,60,Messaging / Chat,25,1,0,23,24.0,7.55,18.9,21.1,2,1.0,Mild Deficit
USR-02887,33,Female,Freelance / Creative,Intermediate,29,YouTube,67,0,0,45,28.4,7.45,22.4,17.7,1,1.0,Mild Deficit
USR-02888,29,Male,Student,Morning Lark,46,YouTube,69,1,127,55,44.5,8.28,24.5,19.3,1,1.7,Optimal Recovery
USR-02889,45,Non-Binary,Remote Tech,Intermediate,32,TikTok / Reels,10,1,42,52,29.3,6.54,22.0,17.9,2,2.9,Moderate Debt
USR-02890,47,Female,Healthcare / Shift Worker,Morning Lark,36,Streaming (Netflix/Hulu),55,0,170,44,42.8,8.09,20.5,16.9,1,1.0,Optimal Recovery
USR-02891,28,Female,Corporate 9-to-5,Morning Lark,90,Streaming (Netflix/Hulu),48,0,194,53,57.5,6.62,14.8,17.9,4,5.7,Moderate Debt
USR-02892,40,Female,Corporate 9-to-5,Morning Lark,65,YouTube,43,0,0,24,36.2,7.22,25.4,17.7,4,2.7,Mild Deficit
USR-02893,43,Male,Student,Night Owl,39,YouTube,22,0,0,13,29.5,6.73,18.9,20.1,1,1.0,Moderate Debt
USR-02894,38,Male,Corporate 9-to-5,Intermediate,12,Instagram / Reddit,56,0,58,38,17.3,8.19,21.5,21.1,2,1.0,Optimal Recovery
USR-02895,23,Male,Corporate 9-to-5,Morning Lark,180,Streaming (Netflix/Hulu),55,1,78,78,76.1,5.64,25.4,14.3,5,7.1,Moderate Debt
USR-02896,50,Female,Student,Morning Lark,22,Streaming (Netflix/Hulu),47,1,0,31,24.9,9.72,19.6,19.1,0,1.0,Optimal Recovery
USR-02897,34,Male,Corporate 9-to-5,Intermediate,91,YouTube,71,0,0,38,54.8,5.37,19.9,19.8,5,7.5,Moderate Debt
USR-02898,26,Male,Student,Night Owl,31,TikTok / Reels,70,1,0,45,26.2,6.88,22.1,19.5,1,1.1,Mild Deficit
USR-02899,30,Female,Freelance / Creative,Morning Lark,57,Streaming (Netflix/Hulu),18,0,0,33,31.1,7.16,25.2,20.3,2,1.8,Mild Deficit
USR-02900,19,Male,Corporate 9-to-5,Morning Lark,26,YouTube,70,0,54,58,24.6,9.12,21.2,19.5,0,1.0,Optimal Recovery
USR-02901,22,Female,Corporate 9-to-5,Intermediate,30,YouTube,36,0,0,20,24.8,7.83,24.4,16.3,2,1.0,Optimal Recovery
USR-02902,43,Female,Corporate 9-to-5,Intermediate,28,Streaming (Netflix/Hulu),50,1,0,89,25.0,6.88,24.4,22.9,2,1.0,Mild Deficit
USR-02903,18,Male,Corporate 9-to-5,Intermediate,54,YouTube,88,1,0,27,39.7,6.54,21.5,21.3,3,2.4,Moderate Debt
USR-02904,30,Female,Corporate 9-to-5,Intermediate,29,Streaming (Netflix/Hulu),54,1,205,65,43.4,8.37,24.9,15.9,1,1.0,Optimal Recovery
USR-02905,33,Male,Corporate 9-to-5,Intermediate,53,Messaging / Chat,76,0,0,78,30.5,6.81,23.4,17.4,2,2.2,Mild Deficit
USR-02906,19,Male,Remote Tech,Intermediate,115,Streaming (Netflix/Hulu),50,0,0,5,64.2,6.07,23.3,21.9,4,6.0,Moderate Debt
USR-02907,61,Female,Corporate 9-to-5,Night Owl,20,TikTok / Reels,74,1,0,33,14.1,5.63,24.5,18.1,4,3.5,Moderate Debt
USR-02908,25,Male,Student,Morning Lark,20,YouTube,54,1,0,57,22.3,8.04,26.9,21.5,1,1.0,Optimal Recovery
USR-02909,27,Female,Healthcare / Shift Worker,Morning Lark,131,YouTube,50,0,61,51,65.3,4.19,20.4,20.1,4,8.3,Moderate Debt
USR-02910,27,Female,Healthcare / Shift Worker,Night Owl,77,TikTok / Reels,57,0,0,29,57.4,3.2,18.0,17.7,5,9.3,Severe Sleep Debt
USR-02911,25,Female,Remote Tech,Night Owl,51,Instagram / Reddit,33,1,27,44,39.8,5.24,16.5,19.1,4,5.0,Moderate Debt
USR-02912,18,Female,Corporate 9-to-5,Morning Lark,15,YouTube,45,1,0,0,20.3,7.76,18.9,22.0,0,1.0,Optimal Recovery
USR-02913,41,Female,Student,Night Owl,13,Streaming (Netflix/Hulu),67,1,46,41,11.9,6.7,24.3,21.4,0,1.0,Moderate Debt
USR-02914,60,Female,Remote Tech,Intermediate,25,TikTok / Reels,72,0,0,38,27.6,8.21,21.2,21.5,0,1.0,Optimal Recovery
USR-02915,25,Female,Corporate 9-to-5,Intermediate,55,TikTok / Reels,37,0,85,34,46.9,5.43,16.4,14.8,4,6.4,Moderate Debt
USR-02916,38,Female,Healthcare / Shift Worker,Intermediate,95,TikTok / Reels,89,0,20,23,59.4,3.76,14.0,14.4,3,8.4,Moderate Debt
USR-02917,42,Male,Corporate 9-to-5,Intermediate,54,Streaming (Netflix/Hulu),91,1,0,34,39.0,7.16,27.7,24.4,3,3.0,Mild Deficit
USR-02918,48,Female,Corporate 9-to-5,Morning Lark,57,News / Reading,37,1,110,12,34.5,6.38,20.5,15.9,3,2.5,Moderate Debt
USR-02919,30,Male,Healthcare / Shift Worker,Intermediate,103,Streaming (Netflix/Hulu),46,1,136,49,62.8,3.2,23.1,15.8,6,10.0,Severe Sleep Debt
USR-02920,27,Male,Freelance / Creative,Intermediate,67,Instagram / Reddit,54,0,52,44,43.5,7.11,20.0,19.6,1,2.4,Mild Deficit
USR-02921,27,Male,Corporate 9-to-5,Night Owl,34,TikTok / Reels,79,0,0,34,36.0,6.23,25.2,15.9,1,1.1,Moderate Debt
USR-02922,40,Female,Remote Tech,Intermediate,48,Instagram / Reddit,66,0,0,13,35.6,6.16,23.5,14.7,3,2.7,Moderate Debt
USR-02923,46,Male,Remote Tech,Intermediate,97,Instagram / Reddit,49,0,0,57,60.7,5.19,27.2,19.9,4,5.3,Moderate Debt
USR-02924,23,Male,Student,Intermediate,60,TikTok / Reels,30,1,75,10,47.2,6.47,21.4,17.9,2,3.8,Moderate Debt
USR-02925,28,Male,Corporate 9-to-5,Intermediate,138,Instagram / Reddit,16,1,0,13,59.5,4.78,24.4,16.3,5,5.8,Moderate Debt
USR-02926,52,Female,Remote Tech,Night Owl,29,YouTube,61,0,109,104,37.1,6.74,24.1,17.6,3,1.6,Moderate Debt
USR-02927,45,Female,Freelance / Creative,Intermediate,22,Streaming (Netflix/Hulu),91,0,0,39,32.7,7.08,21.8,23.4,3,1.3,Mild Deficit
USR-02928,63,Male,Corporate 9-to-5,Intermediate,63,Instagram / Reddit,55,0,0,4,44.3,6.81,23.8,21.7,4,3.6,Mild Deficit
USR-02929,42,Female,Freelance / Creative,Intermediate,53,News / Reading,63,0,94,44,42.2,6.2,22.8,21.1,3,4.3,Moderate Debt
USR-02930,29,Female,Freelance / Creative,Night Owl,20,TikTok / Reels,59,1,0,36,22.3,5.63,24.6,18.8,2,1.6,Moderate Debt
USR-02931,35,Female,Corporate 9-to-5,Morning Lark,32,TikTok / Reels,22,0,0,20,29.3,7.99,23.1,18.9,1,1.0,Optimal Recovery
USR-02932,38,Male,Student,Intermediate,115,News / Reading,86,1,0,46,41.6,6.08,20.2,18.5,3,4.8,Moderate Debt
USR-02933,20,Non-Binary,Corporate 9-to-5,Intermediate,69,TikTok / Reels,39,0,0,37,43.3,6.83,22.4,17.9,3,2.2,Mild Deficit
USR-02934,34,Female,Student,Night Owl,34,Streaming (Netflix/Hulu),39,0,0,9,25.0,6.53,21.7,19.8,2,1.8,Moderate Debt
USR-02935,40,Male,Healthcare / Shift Worker,Intermediate,25,YouTube,64,0,33,38,13.8,5.82,22.2,18.9,3,2.3,Moderate Debt
USR-02936,23,Female,Corporate 9-to-5,Night Owl,39,Instagram / Reddit,41,1,46,29,27.2,4.6,21.9,20.0,4,5.4,Moderate Debt
USR-02937,44,Female,Student,Morning Lark,94,Streaming (Netflix/Hulu),29,1,0,32,47.6,7.52,21.0,20.5,2,1.4,Mild Deficit
USR-02938,35,Male,Healthcare / Shift Worker,Intermediate,52,Streaming (Netflix/Hulu),74,1,0,35,32.4,5.69,20.3,23.0,4,5.1,Moderate Debt
USR-02939,58,Male,Remote Tech,Intermediate,48,TikTok / Reels,58,1,0,27,35.9,6.61,26.1,20.4,2,1.2,Moderate Debt
USR-02940,19,Male,Corporate 9-to-5,Intermediate,97,Streaming (Netflix/Hulu),74,0,0,43,50.8,6.67,21.1,20.4,3,3.6,Moderate Debt
USR-02941,26,Female,Corporate 9-to-5,Night Owl,21,YouTube,48,0,0,38,19.2,6.21,21.9,19.5,2,2.4,Moderate Debt
USR-02942,36,Male,Remote Tech,Night Owl,28,Instagram / Reddit,46,0,23,10,28.1,5.31,24.3,18.5,2,4.2,Moderate Debt
USR-02943,27,Female,Freelance / Creative,Intermediate,55,YouTube,60,0,21,45,41.0,7.83,27.3,22.9,2,2.1,Optimal Recovery
USR-02944,40,Female,Healthcare / Shift Worker,Intermediate,48,News / Reading,62,1,73,48,34.1,4.94,22.1,18.9,3,4.0,Moderate Debt
USR-02945,43,Female,Remote Tech,Night Owl,41,Messaging / Chat,42,1,0,0,19.6,6.2,28.0,24.8,3,1.9,Moderate Debt
USR-02946,21,Male,Remote Tech,Intermediate,100,TikTok / Reels,40,0,22,0,63.7,6.2,16.4,19.5,4,6.6,Moderate Debt
USR-02947,33,Male,Corporate 9-to-5,Night Owl,10,Messaging / Chat,73,1,0,34,13.4,5.41,26.5,20.6,2,3.2,Moderate Debt
USR-02948,33,Female,Corporate 9-to-5,Night Owl,23,Instagram / Reddit,62,1,0,29,26.6,6.39,17.4,15.5,3,2.5,Moderate Debt
USR-02949,28,Female,Remote Tech,Intermediate,23,Streaming (Netflix/Hulu),60,1,59,49,31.3,7.87,21.4,16.1,1,1.0,Optimal Recovery
USR-02950,56,Male,Remote Tech,Night Owl,74,TikTok / Reels,15,1,0,19,43.7,5.26,19.2,21.0,4,5.4,Moderate Debt
USR-02951,46,Female,Remote Tech,Intermediate,36,YouTube,60,0,0,40,24.4,7.34,19.1,18.7,1,1.0,Mild Deficit
USR-02952,40,Male,Freelance / Creative,Morning Lark,176,Instagram / Reddit,62,1,167,50,88.6,3.58,16.4,16.3,6,10.0,Severe Sleep Debt
USR-02953,40,Female,Student,Intermediate,103,Streaming (Netflix/Hulu),49,0,0,46,70.4,5.42,21.6,19.9,5,7.0,Moderate Debt
USR-02954,31,Female,Student,Morning Lark,37,YouTube,66,0,0,17,35.2,7.94,17.4,22.4,2,1.2,Optimal Recovery
USR-02955,54,Non-Binary,Corporate 9-to-5,Intermediate,72,YouTube,41,0,127,34,58.0,5.44,19.0,16.2,5,6.7,Moderate Debt
USR-02956,40,Female,Freelance / Creative,Night Owl,70,Streaming (Netflix/Hulu),62,1,121,21,48.0,5.23,20.7,21.2,3,7.0,Moderate Debt
USR-02957,41,Female,Student,Morning Lark,122,TikTok / Reels,24,1,0,38,75.0,6.5,25.4,20.5,3,4.6,Moderate Debt
USR-02958,49,Female,Healthcare / Shift Worker,Morning Lark,42,YouTube,73,0,0,42,29.2,6.73,24.6,19.1,3,3.4,Moderate Debt
USR-02959,26,Male,Remote Tech,Intermediate,33,Instagram / Reddit,40,0,144,63,48.7,7.32,21.8,16.7,3,2.9,Mild Deficit
USR-02960,45,Male,Remote Tech,Intermediate,67,Messaging / Chat,64,0,0,28,48.4,5.59,18.1,22.9,5,5.3,Moderate Debt
USR-02961,24,Female,Remote Tech,Intermediate,42,Instagram / Reddit,80,1,0,56,24.3,6.78,25.3,18.6,3,1.9,Mild Deficit
USR-02962,28,Female,Corporate 9-to-5,Intermediate,78,YouTube,75,1,21,56,49.0,5.81,20.7,19.8,4,5.3,Moderate Debt
USR-02963,28,Male,Student,Morning Lark,114,TikTok / Reels,64,1,0,32,62.7,4.98,18.0,20.3,4,6.7,Moderate Debt
USR-02964,61,Female,Freelance / Creative,Morning Lark,25,Messaging / Chat,71,1,43,20,20.6,8.46,19.8,18.2,0,1.0,Optimal Recovery
USR-02965,49,Male,Corporate 9-to-5,Night Owl,31,TikTok / Reels,85,1,133,33,37.7,6.55,20.1,18.2,3,3.5,Moderate Debt
USR-02966,40,Female,Corporate 9-to-5,Morning Lark,107,YouTube,57,0,167,51,60.6,6.56,18.4,18.3,3,4.5,Moderate Debt
USR-02967,41,Female,Student,Intermediate,50,TikTok / Reels,74,1,0,37,30.9,7.35,22.5,20.5,1,1.0,Mild Deficit
USR-02968,34,Male,Corporate 9-to-5,Night Owl,52,Streaming (Netflix/Hulu),31,1,0,10,24.7,4.7,25.3,21.6,6,6.1,Moderate Debt
USR-02969,57,Female,Student,Night Owl,96,Instagram / Reddit,41,1,0,37,46.8,4.49,24.9,22.3,4,7.3,Moderate Debt
USR-02970,32,Male,Student,Morning Lark,47,News / Reading,85,1,111,14,25.1,6.78,21.2,18.7,2,3.2,Mild Deficit
USR-02971,29,Female,Corporate 9-to-5,Intermediate,85,TikTok / Reels,50,1,0,32,51.2,5.85,20.1,18.9,3,3.8,Moderate Debt
USR-02972,23,Female,Healthcare / Shift Worker,Night Owl,27,Streaming (Netflix/Hulu),45,0,20,75,26.0,5.07,23.2,21.7,3,4.4,Moderate Debt
USR-02973,44,Non-Binary,Remote Tech,Intermediate,38,Instagram / Reddit,49,0,0,62,25.0,6.8,22.6,18.1,2,1.5,Mild Deficit
USR-02974,41,Female,Healthcare / Shift Worker,Night Owl,126,YouTube,41,0,0,26,55.6,3.2,24.1,17.1,7,9.9,Severe Sleep Debt
USR-02975,29,Male,Student,Intermediate,51,Instagram / Reddit,52,0,156,38,53.6,6.06,15.6,17.6,3,5.5,Moderate Debt
USR-02976,18,Female,Healthcare / Shift Worker,Morning Lark,26,Instagram / Reddit,34,0,0,56,24.8,7.26,24.3,15.8,2,1.0,Mild Deficit
USR-02977,47,Male,Corporate 9-to-5,Intermediate,25,Instagram / Reddit,44,0,0,19,21.8,6.53,22.7,19.2,2,2.5,Moderate Debt
USR-02978,18,Male,Corporate 9-to-5,Intermediate,48,TikTok / Reels,57,1,58,98,44.3,8.15,27.2,16.9,1,1.0,Optimal Recovery
USR-02979,40,Female,Corporate 9-to-5,Intermediate,87,News / Reading,86,1,38,1,48.1,5.36,23.4,18.9,3,5.7,Moderate Debt
USR-02980,60,Male,Remote Tech,Morning Lark,5,YouTube,54,1,0,44,18.2,8.31,24.5,24.0,2,1.0,Optimal Recovery
USR-02981,30,Male,Healthcare / Shift Worker,Morning Lark,34,News / Reading,20,1,65,29,16.4,7.68,22.8,22.8,1,1.0,Mild Deficit
USR-02982,25,Female,Remote Tech,Night Owl,70,Instagram / Reddit,75,1,128,38,49.4,4.48,19.9,15.1,4,6.3,Moderate Debt
USR-02983,40,Male,Healthcare / Shift Worker,Morning Lark,59,Streaming (Netflix/Hulu),71,0,0,43,36.8,6.71,23.4,20.7,4,3.8,Moderate Debt
USR-02984,46,Male,Corporate 9-to-5,Intermediate,66,TikTok / Reels,39,1,21,38,42.8,6.03,21.2,19.1,3,3.4,Moderate Debt
USR-02985,34,Female,Corporate 9-to-5,Night Owl,29,Instagram / Reddit,71,0,104,9,39.3,5.06,23.5,17.8,5,6.0,Moderate Debt
USR-02986,60,Female,Healthcare / Shift Worker,Intermediate,55,Instagram / Reddit,52,0,69,25,46.7,4.72,20.8,15.1,4,6.0,Moderate Debt
USR-02987,19,Female,Remote Tech,Morning Lark,98,TikTok / Reels,84,0,0,0,69.0,6.1,17.0,18.5,4,6.9,Moderate Debt
USR-02988,32,Female,Healthcare / Shift Worker,Intermediate,37,TikTok / Reels,100,1,25,24,27.1,5.95,18.1,16.7,3,4.7,Moderate Debt
USR-02989,41,Male,Corporate 9-to-5,Intermediate,53,YouTube,63,1,0,40,38.8,6.59,23.8,20.5,3,1.9,Moderate Debt
USR-02990,49,Female,Freelance / Creative,Intermediate,12,TikTok / Reels,70,0,72,49,28.1,6.28,25.8,16.2,2,2.2,Moderate Debt
USR-02991,23,Male,Remote Tech,Night Owl,69,TikTok / Reels,87,0,0,18,53.4,3.94,18.9,15.8,5,8.1,Moderate Debt
USR-02992,45,Female,Student,Intermediate,30,TikTok / Reels,74,0,0,37,25.9,8.51,24.0,16.2,1,1.0,Optimal Recovery
USR-02993,34,Female,Corporate 9-to-5,Intermediate,19,Streaming (Netflix/Hulu),64,0,62,25,20.8,7.41,22.1,21.6,0,1.0,Mild Deficit
USR-02994,29,Male,Remote Tech,Morning Lark,34,Instagram / Reddit,53,1,0,45,21.5,7.03,24.9,20.8,3,1.1,Mild Deficit
USR-02995,22,Male,Freelance / Creative,Intermediate,72,Messaging / Chat,32,0,0,29,35.7,6.0,18.8,19.0,3,3.3,Moderate Debt
USR-02996,49,Male,Healthcare / Shift Worker,Night Owl,30,YouTube,49,1,0,45,34.1,5.01,23.8,18.9,4,4.0,Moderate Debt
USR-02997,23,Female,Corporate 9-to-5,Morning Lark,22,Instagram / Reddit,50,0,207,32,45.3,8.23,18.9,16.8,2,1.3,Optimal Recovery
USR-02998,27,Female,Corporate 9-to-5,Intermediate,79,YouTube,55,0,0,57,35.8,5.73,22.2,20.5,3,4.2,Moderate Debt
USR-02999,26,Female,Remote Tech,Morning Lark,25,Instagram / Reddit,18,0,0,62,19.6,7.65,22.5,18.6,1,1.0,Mild Deficit
USR-03000,50,Non-Binary,Corporate 9-to-5,Morning Lark,170,Instagram / Reddit,48,0,39,0,90.5,3.72,16.6,18.2,5,9.6,Severe Sleep Debt
USR-03001,39,Female,Student,Intermediate,96,Streaming (Netflix/Hulu),50,1,0,35,42.8,5.45,24.7,18.9,2,3.7,Moderate Debt
USR-03002,44,Male,Corporate 9-to-5,Intermediate,126,TikTok / Reels,27,0,0,23,74.8,5.4,21.0,18.9,4,6.5,Moderate Debt
USR-03003,25,Male,Corporate 9-to-5,Morning Lark,56,TikTok / Reels,63,0,53,45,41.6,8.42,21.3,23.5,0,1.0,Optimal Recovery
USR-03004,37,Female,Student,Night Owl,29,TikTok / Reels,74,1,118,8,42.7,6.25,19.6,14.5,4,4.5,Moderate Debt
USR-03005,35,Male,Remote Tech,Morning Lark,100,YouTube,55,0,109,23,60.5,6.24,18.1,17.1,4,4.3,Moderate Debt
USR-03006,47,Male,Student,Morning Lark,20,Streaming (Netflix/Hulu),30,1,157,46,50.6,7.96,22.7,13.6,2,2.2,Optimal Recovery
USR-03007,53,Male,Freelance / Creative,Morning Lark,10,Streaming (Netflix/Hulu),53,0,0,43,24.0,9.8,21.9,20.8,0,1.0,Optimal Recovery
USR-03008,18,Female,Corporate 9-to-5,Morning Lark,66,Instagram / Reddit,70,0,178,31,62.5,7.12,16.5,13.3,3,5.9,Mild Deficit
USR-03009,39,Female,Student,Morning Lark,17,YouTube,69,1,61,15,16.9,9.69,18.6,15.8,0,1.0,Optimal Recovery
USR-03010,19,Female,Corporate 9-to-5,Night Owl,47,Instagram / Reddit,54,1,0,39,29.6,5.79,19.7,15.7,4,3.4,Moderate Debt
USR-03011,34,Female,Remote Tech,Intermediate,45,TikTok / Reels,63,0,89,54,37.0,7.03,22.4,18.7,1,1.6,Mild Deficit
USR-03012,26,Male,Corporate 9-to-5,Intermediate,85,TikTok / Reels,42,0,0,27,50.6,5.27,23.7,17.5,3,4.2,Moderate Debt
USR-03013,27,Male,Corporate 9-to-5,Night Owl,19,Instagram / Reddit,70,0,0,41,25.9,6.54,22.6,16.2,1,1.1,Moderate Debt
USR-03014,28,Female,Corporate 9-to-5,Intermediate,15,Instagram / Reddit,47,0,0,28,9.4,7.11,21.8,19.1,0,1.0,Mild Deficit
USR-03015,37,Male,Corporate 9-to-5,Morning Lark,43,Streaming (Netflix/Hulu),40,0,0,17,32.1,7.67,21.3,19.0,1,1.0,Mild Deficit
USR-03016,28,Male,Healthcare / Shift Worker,Intermediate,4,TikTok / Reels,74,0,65,14,18.1,6.08,16.7,16.9,3,3.1,Moderate Debt
USR-03017,41,Female,Student,Morning Lark,63,News / Reading,58,1,0,46,22.9,7.38,22.9,22.9,1,1.0,Mild Deficit
USR-03018,29,Female,Freelance / Creative,Intermediate,59,Streaming (Netflix/Hulu),57,1,0,54,27.0,6.1,20.3,22.7,4,3.8,Moderate Debt
USR-03019,20,Male,Remote Tech,Intermediate,60,YouTube,66,0,92,3,44.7,5.63,14.7,17.6,4,5.7,Moderate Debt
USR-03020,44,Male,Corporate 9-to-5,Intermediate,42,News / Reading,54,0,30,29,26.9,8.77,21.5,20.3,0,1.0,Optimal Recovery
USR-03021,26,Male,Corporate 9-to-5,Intermediate,147,TikTok / Reels,36,0,73,37,87.1,4.28,22.2,17.3,7,10.0,Severe Sleep Debt
USR-03022,30,Female,Corporate 9-to-5,Night Owl,67,Instagram / Reddit,51,0,0,5,41.4,5.23,19.7,19.0,4,5.3,Moderate Debt
USR-03023,39,Female,Corporate 9-to-5,Night Owl,79,News / Reading,25,1,0,42,33.9,5.33,28.0,21.3,4,4.4,Moderate Debt
USR-03024,28,Female,Student,Morning Lark,32,YouTube,78,0,0,31,17.7,7.84,24.0,19.2,0,1.0,Optimal Recovery
USR-03025,20,Male,Remote Tech,Morning Lark,43,YouTube,33,0,91,18,36.9,8.56,19.8,18.5,1,1.0,Optimal Recovery
USR-03026,29,Male,Remote Tech,Intermediate,26,TikTok / Reels,94,1,0,57,23.7,6.36,28.0,16.4,2,1.3,Moderate Debt
USR-03027,57,Female,Corporate 9-to-5,Morning Lark,55,YouTube,39,0,0,35,38.8,5.95,18.1,18.9,2,3.6,Moderate Debt
USR-03028,37,Male,Corporate 9-to-5,Morning Lark,26,TikTok / Reels,67,1,0,33,22.7,8.45,25.0,19.3,0,1.0,Optimal Recovery
USR-03029,39,Male,Corporate 9-to-5,Intermediate,81,Instagram / Reddit,93,1,51,49,62.1,6.1,24.0,20.1,3,6.1,Moderate Debt
USR-03030,37,Male,Corporate 9-to-5,Intermediate,49,YouTube,60,0,113,25,36.8,6.84,18.0,20.8,3,2.6,Mild Deficit
USR-03031,24,Non-Binary,Healthcare / Shift Worker,Night Owl,2,TikTok / Reels,49,0,0,17,28.7,4.55,26.3,21.5,2,3.2,Moderate Debt
USR-03032,30,Female,Corporate 9-to-5,Intermediate,24,Instagram / Reddit,56,1,20,15,29.8,6.79,20.0,22.6,1,1.0,Mild Deficit
USR-03033,42,Male,Student,Night Owl,119,Streaming (Netflix/Hulu),38,1,0,0,42.8,4.79,20.3,22.9,5,6.3,Moderate Debt
USR-03034,21,Female,Remote Tech,Night Owl,124,Instagram / Reddit,14,0,36,64,72.0,4.14,24.4,21.8,6,8.2,Moderate Debt
USR-03035,26,Female,Corporate 9-to-5,Morning Lark,73,Streaming (Netflix/Hulu),67,0,46,64,40.3,8.26,20.8,21.3,1,1.4,Optimal Recovery
USR-03036,26,Male,Healthcare / Shift Worker,Intermediate,43,YouTube,14,0,20,1,36.7,5.79,19.9,23.4,4,3.0,Moderate Debt
USR-03037,30,Male,Remote Tech,Intermediate,109,YouTube,28,0,62,40,52.3,5.99,19.6,19.0,3,5.6,Moderate Debt
USR-03038,62,Female,Corporate 9-to-5,Intermediate,46,Streaming (Netflix/Hulu),56,0,0,10,33.5,7.13,20.4,23.5,1,2.5,Mild Deficit
USR-03039,20,Male,Healthcare / Shift Worker,Intermediate,106,TikTok / Reels,42,0,0,0,59.9,3.47,22.4,19.6,5,8.6,Severe Sleep Debt
USR-03040,33,Male,Corporate 9-to-5,Intermediate,54,Streaming (Netflix/Hulu),65,0,20,15,26.9,6.76,24.8,20.3,1,1.0,Mild Deficit
USR-03041,23,Male,Corporate 9-to-5,Intermediate,40,YouTube,87,0,59,44,48.4,6.96,15.5,19.8,2,4.4,Mild Deficit
USR-03042,60,Female,Student,Intermediate,81,Instagram / Reddit,50,1,0,17,43.2,5.48,23.4,23.0,4,5.1,Moderate Debt
USR-03043,21,Male,Student,Night Owl,22,TikTok / Reels,43,1,138,14,40.2,5.5,17.6,15.1,3,5.4,Moderate Debt
USR-03044,29,Female,Corporate 9-to-5,Intermediate,26,TikTok / Reels,90,1,0,71,22.3,7.64,27.6,21.0,1,1.0,Mild Deficit
USR-03045,42,Female,Corporate 9-to-5,Morning Lark,16,Instagram / Reddit,69,0,0,38,17.5,8.1,25.5,19.3,1,1.0,Optimal Recovery
USR-03046,40,Female,Healthcare / Shift Worker,Morning Lark,68,YouTube,73,1,0,45,48.3,7.49,20.6,17.9,2,1.5,Mild Deficit
USR-03047,30,Female,Corporate 9-to-5,Night Owl,48,News / Reading,72,0,25,50,28.7,5.44,20.9,19.0,3,4.2,Moderate Debt
USR-03048,28,Male,Corporate 9-to-5,Intermediate,180,Messaging / Chat,50,0,66,17,79.1,3.24,16.2,19.5,6,10.0,Severe Sleep Debt
USR-03049,29,Male,Remote Tech,Night Owl,69,Instagram / Reddit,47,0,0,53,38.4,3.51,25.1,20.8,4,6.7,Moderate Debt
USR-03050,26,Male,Freelance / Creative,Night Owl,39,Messaging / Chat,36,0,0,16,32.3,6.32,22.2,19.1,4,2.6,Moderate Debt
USR-03051,24,Female,Corporate 9-to-5,Night Owl,45,Instagram / Reddit,70,1,84,37,31.8,5.21,19.1,15.2,2,3.7,Moderate Debt
USR-03052,32,Male,Student,Intermediate,59,YouTube,63,0,67,23,52.5,6.21,18.7,19.1,2,5.1,Moderate Debt
USR-03053,26,Male,Remote Tech,Morning Lark,32,Instagram / Reddit,68,1,0,38,32.9,9.11,25.2,19.9,0,1.0,Optimal Recovery
USR-03054,26,Male,Remote Tech,Morning Lark,5,TikTok / Reels,18,0,0,28,14.0,9.08,25.7,21.7,1,1.0,Optimal Recovery
USR-03055,38,Male,Student,Intermediate,16,Streaming (Netflix/Hulu),74,0,0,37,19.5,7.55,19.5,18.9,2,1.0,Mild Deficit
USR-03056,60,Male,Freelance / Creative,Intermediate,36,TikTok / Reels,46,0,0,46,31.7,7.2,24.1,18.5,2,1.0,Mild Deficit
USR-03057,36,Male,Corporate 9-to-5,Intermediate,12,Messaging / Chat,13,1,0,20,15.3,7.34,19.8,21.8,0,1.0,Mild Deficit
USR-03058,20,Male,Corporate 9-to-5,Intermediate,50,YouTube,29,1,0,50,34.5,6.72,25.2,23.6,3,2.0,Moderate Debt
USR-03059,20,Female,Freelance / Creative,Intermediate,95,TikTok / Reels,45,0,0,27,56.1,5.07,21.1,19.7,4,6.1,Moderate Debt
USR-03060,58,Male,Student,Morning Lark,27,Messaging / Chat,41,1,120,37,39.4,7.77,22.1,16.1,2,1.0,Optimal Recovery
USR-03061,27,Female,Remote Tech,Morning Lark,36,Streaming (Netflix/Hulu),55,0,0,15,21.5,9.41,18.9,16.2,0,1.0,Optimal Recovery
USR-03062,21,Female,Remote Tech,Night Owl,45,Streaming (Netflix/Hulu),64,1,75,32,42.8,4.63,25.4,15.9,3,6.3,Moderate Debt
USR-03063,36,Male,Student,Morning Lark,40,Streaming (Netflix/Hulu),53,0,90,51,29.2,7.79,23.7,15.3,1,1.0,Optimal Recovery
USR-03064,37,Female,Student,Intermediate,50,Streaming (Netflix/Hulu),46,1,0,38,30.4,7.5,23.3,21.1,1,1.0,Mild Deficit
USR-03065,38,Male,Freelance / Creative,Intermediate,8,YouTube,58,0,52,34,22.0,7.45,25.8,17.5,1,1.0,Mild Deficit
USR-03066,26,Female,Remote Tech,Night Owl,101,TikTok / Reels,58,0,88,73,60.1,3.2,25.5,16.7,5,9.7,Severe Sleep Debt
USR-03067,18,Female,Corporate 9-to-5,Night Owl,42,TikTok / Reels,80,0,0,21,29.7,4.69,20.3,20.7,4,5.5,Moderate Debt
USR-03068,59,Female,Student,Intermediate,25,YouTube,43,0,27,72,19.3,7.94,23.9,18.3,1,1.0,Optimal Recovery
USR-03069,25,Female,Remote Tech,Intermediate,61,TikTok / Reels,53,1,0,47,27.9,6.96,25.4,21.1,0,1.0,Mild Deficit
USR-03070,39,Male,Remote Tech,Morning Lark,92,Instagram / Reddit,88,1,0,74,62.0,6.29,18.8,19.8,5,4.7,Moderate Debt
USR-03071,40,Female,Remote Tech,Intermediate,21,YouTube,31,0,0,17,37.4,7.71,21.2,20.7,2,1.2,Mild Deficit
USR-03072,36,Female,Corporate 9-to-5,Night Owl,63,YouTube,48,0,0,22,50.8,4.96,19.8,22.4,4,7.0,Moderate Debt
USR-03073,27,Female,Remote Tech,Intermediate,112,Instagram / Reddit,37,0,0,57,62.1,4.94,23.4,17.4,5,6.8,Moderate Debt
USR-03074,26,Female,Student,Intermediate,113,TikTok / Reels,30,0,0,22,65.4,5.98,18.6,20.6,3,4.7,Moderate Debt
USR-03075,36,Male,Healthcare / Shift Worker,Morning Lark,82,TikTok / Reels,60,0,0,29,63.1,5.03,18.7,18.6,4,6.2,Moderate Debt
USR-03076,49,Female,Remote Tech,Night Owl,33,Instagram / Reddit,82,1,0,86,36.9,6.27,28.0,19.7,2,1.6,Moderate Debt
USR-03077,57,Male,Corporate 9-to-5,Intermediate,22,TikTok / Reels,97,0,40,0,45.9,7.64,24.7,13.8,2,1.1,Mild Deficit
USR-03078,21,Male,Remote Tech,Night Owl,26,Messaging / Chat,54,1,0,34,26.4,6.46,27.2,20.0,2,1.3,Moderate Debt
USR-03079,23,Male,Healthcare / Shift Worker,Intermediate,111,Instagram / Reddit,65,1,84,10,61.1,3.46,14.2,20.1,6,9.5,Severe Sleep Debt
USR-03080,57,Male,Remote Tech,Intermediate,73,Instagram / Reddit,66,1,20,55,51.8,5.39,22.4,19.0,4,6.9,Moderate Debt
USR-03081,41,Female,Student,Morning Lark,84,TikTok / Reels,51,1,0,21,49.1,6.72,21.3,20.5,4,3.5,Moderate Debt
USR-03082,51,Female,Remote Tech,Morning Lark,48,YouTube,81,0,0,29,35.1,7.88,26.0,21.4,1,1.0,Optimal Recovery
USR-03083,24,Male,Corporate 9-to-5,Night Owl,9,Instagram / Reddit,52,1,40,63,25.0,5.38,25.6,19.2,5,4.5,Moderate Debt
USR-03084,35,Male,Healthcare / Shift Worker,Night Owl,62,News / Reading,77,1,0,18,25.7,3.54,17.7,22.4,5,6.7,Moderate Debt
USR-03085,40,Male,Corporate 9-to-5,Intermediate,24,Instagram / Reddit,48,1,21,32,25.5,7.09,24.2,20.3,1,1.2,Mild Deficit
USR-03086,39,Male,Remote Tech,Intermediate,97,Streaming (Netflix/Hulu),32,0,0,10,42.5,4.97,18.8,18.4,3,6.3,Moderate Debt
USR-03087,29,Female,Corporate 9-to-5,Intermediate,27,TikTok / Reels,33,1,0,0,25.2,6.4,21.4,17.6,2,2.5,Moderate Debt
USR-03088,18,Female,Corporate 9-to-5,Intermediate,57,Instagram / Reddit,23,1,0,0,38.6,6.17,20.4,17.4,4,4.4,Moderate Debt
USR-03089,35,Male,Remote Tech,Intermediate,74,YouTube,80,1,0,0,35.5,6.04,20.9,23.2,2,4.9,Moderate Debt
USR-03090,25,Male,Remote Tech,Intermediate,180,TikTok / Reels,81,1,0,0,107.3,3.74,19.1,20.7,6,10.0,Severe Sleep Debt
USR-03091,31,Female,Student,Night Owl,47,Instagram / Reddit,41,1,0,11,27.2,6.42,22.7,20.7,2,3.1,Moderate Debt
USR-03092,58,Male,Student,Night Owl,48,YouTube,34,0,0,44,50.7,5.6,21.9,21.6,5,5.7,Moderate Debt
USR-03093,29,Female,Student,Intermediate,97,Instagram / Reddit,39,0,0,14,43.6,6.21,21.0,20.1,3,3.4,Moderate Debt
USR-03094,47,Female,Remote Tech,Night Owl,43,News / Reading,59,1,140,19,37.7,6.87,16.5,18.6,3,3.0,Mild Deficit
USR-03095,24,Male,Student,Intermediate,37,YouTube,36,0,0,39,31.8,7.99,22.7,20.2,1,1.0,Optimal Recovery
USR-03096,39,Male,Remote Tech,Morning Lark,30,YouTube,66,1,0,45,34.3,8.25,22.1,23.4,1,1.0,Optimal Recovery
USR-03097,61,Male,Remote Tech,Morning Lark,52,TikTok / Reels,49,0,0,47,35.8,8.27,17.0,17.9,0,1.0,Optimal Recovery
USR-03098,21,Female,Remote Tech,Intermediate,34,YouTube,77,1,0,43,21.5,8.03,23.8,21.6,1,1.0,Optimal Recovery
USR-03099,18,Female,Freelance / Creative,Night Owl,116,YouTube,68,1,20,59,57.9,3.47,20.2,15.1,6,8.5,Moderate Debt
USR-03100,30,Male,Corporate 9-to-5,Night Owl,82,YouTube,33,0,32,45,35.0,3.95,19.2,24.0,4,7.1,Moderate Debt
USR-03101,21,Female,Freelance / Creative,Intermediate,55,Instagram / Reddit,30,0,0,22,28.1,7.49,25.5,23.0,1,1.0,Mild Deficit
USR-03102,42,Male,Corporate 9-to-5,Morning Lark,52,Streaming (Netflix/Hulu),59,0,0,76,31.2,7.33,21.9,18.9,3,1.6,Mild Deficit
USR-03103,54,Male,Corporate 9-to-5,Morning Lark,29,TikTok / Reels,51,1,0,74,32.4,7.53,28.0,15.1,3,1.0,Mild Deficit
USR-03104,30,Male,Corporate 9-to-5,Intermediate,48,Streaming (Netflix/Hulu),80,0,0,12,34.0,6.99,18.9,20.4,2,2.0,Mild Deficit
USR-03105,26,Female,Student,Night Owl,44,Messaging / Chat,63,1,0,42,30.3,6.42,19.1,21.8,3,2.5,Moderate Debt
USR-03106,30,Male,Corporate 9-to-5,Night Owl,150,TikTok / Reels,46,1,250,28,104.8,3.2,15.8,12.8,7,10.0,Severe Sleep Debt
USR-03107,41,Female,Healthcare / Shift Worker,Morning Lark,42,Instagram / Reddit,89,0,0,55,34.0,7.16,23.7,21.6,3,2.1,Mild Deficit
USR-03108,18,Female,Healthcare / Shift Worker,Night Owl,69,Instagram / Reddit,46,0,0,51,47.6,3.48,24.6,21.7,7,9.8,Severe Sleep Debt
USR-03109,35,Female,Student,Intermediate,72,Streaming (Netflix/Hulu),28,1,124,0,49.2,6.53,17.0,17.9,3,4.1,Moderate Debt
USR-03110,36,Female,Remote Tech,Morning Lark,24,YouTube,51,0,0,62,16.3,8.62,22.5,17.1,0,1.0,Optimal Recovery
USR-03111,37,Male,Freelance / Creative,Intermediate,42,Messaging / Chat,39,0,0,46,30.9,8.21,24.7,25.0,0,1.0,Optimal Recovery
USR-03112,25,Female,Healthcare / Shift Worker,Night Owl,80,YouTube,75,0,0,54,45.6,3.35,22.6,22.9,5,9.6,Severe Sleep Debt
USR-03113,40,Female,Remote Tech,Intermediate,22,Instagram / Reddit,32,0,49,59,21.5,6.08,26.7,23.1,2,1.9,Moderate Debt
USR-03114,21,Male,Student,Night Owl,173,Instagram / Reddit,72,1,69,37,98.0,3.2,16.2,19.7,7,10.0,Severe Sleep Debt
USR-03115,24,Female,Remote Tech,Morning Lark,54,Messaging / Chat,50,1,24,43,35.2,8.37,19.5,18.1,1,1.0,Optimal Recovery
USR-03116,50,Male,Remote Tech,Morning Lark,33,Messaging / Chat,23,0,0,40,25.2,8.17,22.1,18.5,1,1.0,Optimal Recovery
USR-03117,42,Female,Corporate 9-to-5,Morning Lark,18,News / Reading,64,1,0,38,31.8,7.23,26.1,20.7,2,1.0,Mild Deficit
USR-03118,18,Female,Remote Tech,Night Owl,130,TikTok / Reels,79,0,0,23,88.6,3.2,15.7,20.2,7,10.0,Severe Sleep Debt
USR-03119,25,Male,Corporate 9-to-5,Intermediate,44,TikTok / Reels,57,1,0,32,34.7,7.63,20.7,17.6,0,1.0,Mild Deficit
USR-03120,24,Female,Remote Tech,Night Owl,68,YouTube,51,1,0,28,40.5,4.1,21.6,18.5,4,6.6,Moderate Debt
USR-03121,26,Male,Student,Intermediate,21,TikTok / Reels,92,0,0,79,32.2,7.21,26.1,18.4,3,2.2,Mild Deficit
USR-03122,25,Female,Freelance / Creative,Intermediate,30,Instagram / Reddit,79,0,109,23,27.1,6.63,22.1,20.2,4,2.6,Moderate Debt
USR-03123,20,Female,Freelance / Creative,Night Owl,94,TikTok / Reels,70,0,0,38,64.4,4.58,19.1,16.4,4,6.6,Moderate Debt
USR-03124,31,Female,Remote Tech,Intermediate,128,Instagram / Reddit,15,1,25,34,62.2,6.72,26.6,17.6,4,3.6,Moderate Debt
USR-03125,41,Female,Student,Night Owl,26,Streaming (Netflix/Hulu),41,1,0,47,16.4,6.37,21.7,19.0,2,2.4,Moderate Debt
USR-03126,36,Female,Corporate 9-to-5,Morning Lark,67,Instagram / Reddit,51,1,0,37,41.2,7.48,23.4,20.9,2,1.7,Mild Deficit
USR-03127,39,Male,Student,Intermediate,66,YouTube,64,1,0,69,38.6,7.38,22.8,23.0,1,1.0,Mild Deficit
USR-03128,20,Female,Corporate 9-to-5,Night Owl,94,Streaming (Netflix/Hulu),73,0,53,43,64.5,3.2,21.1,18.6,6,9.4,Severe Sleep Debt
USR-03129,58,Female,Corporate 9-to-5,Night Owl,71,Streaming (Netflix/Hulu),34,0,0,57,40.0,4.66,28.0,19.0,4,5.7,Moderate Debt
USR-03130,47,Female,Student,Morning Lark,79,Streaming (Netflix/Hulu),67,0,129,35,54.8,7.8,16.1,17.5,3,3.8,Optimal Recovery
USR-03131,45,Male,Corporate 9-to-5,Intermediate,8,Streaming (Netflix/Hulu),32,0,101,0,37.3,8.55,19.1,20.5,1,1.0,Optimal Recovery
USR-03132,46,Male,Corporate 9-to-5,Intermediate,65,Instagram / Reddit,69,0,0,20,37.4,6.85,22.0,20.5,2,2.7,Mild Deficit
USR-03133,56,Male,Healthcare / Shift Worker,Intermediate,18,YouTube,33,0,0,54,14.5,6.2,23.2,18.4,1,1.0,Moderate Debt
USR-03134,34,Male,Corporate 9-to-5,Morning Lark,61,TikTok / Reels,80,0,0,50,54.9,7.74,22.7,19.1,3,2.2,Mild Deficit
USR-03135,24,Female,Corporate 9-to-5,Morning Lark,102,Streaming (Netflix/Hulu),60,0,0,56,43.3,5.47,23.9,18.4,5,5.5,Moderate Debt
USR-03136,36,Female,Corporate 9-to-5,Night Owl,58,YouTube,47,0,62,52,42.8,5.26,22.4,20.4,4,4.9,Moderate Debt
USR-03137,42,Male,Corporate 9-to-5,Night Owl,80,Streaming (Netflix/Hulu),61,0,0,36,46.1,4.81,17.3,18.1,4,5.2,Moderate Debt
USR-03138,42,Male,Corporate 9-to-5,Intermediate,91,YouTube,42,0,0,50,41.6,7.01,21.1,19.5,2,1.5,Mild Deficit
USR-03139,33,Female,Student,Night Owl,86,Messaging / Chat,55,0,0,61,40.1,4.1,19.9,19.1,4,7.0,Moderate Debt
USR-03140,20,Female,Corporate 9-to-5,Morning Lark,61,TikTok / Reels,35,0,55,70,41.3,7.88,19.6,18.7,1,2.2,Optimal Recovery
USR-03141,28,Non-Binary,Healthcare / Shift Worker,Intermediate,64,Instagram / Reddit,61,1,0,70,53.8,3.91,27.4,24.5,5,7.3,Moderate Debt
USR-03142,54,Male,Corporate 9-to-5,Night Owl,100,Messaging / Chat,50,0,22,87,47.0,4.88,22.8,19.6,4,5.7,Moderate Debt
USR-03143,35,Female,Remote Tech,Night Owl,180,Streaming (Netflix/Hulu),51,1,20,5,74.3,3.2,15.9,20.5,6,10.0,Severe Sleep Debt
USR-03144,34,Male,Student,Intermediate,28,Streaming (Netflix/Hulu),54,0,0,26,23.0,6.49,25.6,21.1,3,2.8,Moderate Debt
USR-03145,26,Female,Student,Night Owl,36,YouTube,37,0,0,9,27.1,5.93,23.4,19.9,3,3.0,Moderate Debt
USR-03146,28,Female,Student,Intermediate,87,YouTube,97,0,123,14,50.5,6.91,11.7,20.3,3,5.1,Mild Deficit
USR-03147,52,Female,Freelance / Creative,Night Owl,154,TikTok / Reels,51,0,0,59,95.6,3.2,22.0,19.4,7,10.0,Severe Sleep Debt
USR-03148,38,Female,Corporate 9-to-5,Intermediate,15,YouTube,77,0,79,34,24.2,7.64,23.1,17.5,1,1.0,Mild Deficit
USR-03149,44,Female,Remote Tech,Night Owl,18,Streaming (Netflix/Hulu),32,0,125,59,21.0,5.22,19.8,20.3,2,3.6,Moderate Debt
USR-03150,31,Male,Healthcare / Shift Worker,Morning Lark,53,News / Reading,10,0,95,28,52.8,5.52,19.4,23.1,4,5.7,Moderate Debt
USR-03151,37,Female,Corporate 9-to-5,Intermediate,90,Instagram / Reddit,60,0,0,64,51.9,7.09,23.3,18.4,4,3.5,Mild Deficit
USR-03152,25,Male,Corporate 9-to-5,Intermediate,53,Instagram / Reddit,76,1,37,40,41.1,6.68,23.9,16.5,2,1.6,Moderate Debt
USR-03153,40,Female,Corporate 9-to-5,Intermediate,58,Streaming (Netflix/Hulu),79,1,33,40,27.3,7.68,22.5,19.9,1,1.0,Mild Deficit
USR-03154,30,Female,Student,Intermediate,26,News / Reading,74,1,100,51,39.6,6.93,15.6,16.5,1,2.5,Mild Deficit
USR-03155,30,Male,Corporate 9-to-5,Night Owl,50,Messaging / Chat,51,0,0,34,40.5,5.81,19.2,16.4,3,4.2,Moderate Debt
USR-03156,38,Male,Corporate 9-to-5,Night Owl,33,Streaming (Netflix/Hulu),67,0,215,15,35.2,6.02,17.3,13.0,3,4.9,Moderate Debt
USR-03157,56,Male,Remote Tech,Morning Lark,63,TikTok / Reels,42,0,72,3,53.5,7.78,14.4,15.5,2,2.2,Optimal Recovery
USR-03158,20,Non-Binary,Student,Night Owl,44,TikTok / Reels,43,0,22,72,32.5,5.57,24.9,14.2,2,3.5,Moderate Debt
USR-03159,46,Female,Corporate 9-to-5,Morning Lark,28,YouTube,59,1,70,32,39.2,8.16,19.2,19.6,2,1.1,Optimal Recovery
USR-03160,26,Female,Corporate 9-to-5,Intermediate,132,Streaming (Netflix/Hulu),60,0,0,18,61.5,5.55,20.3,23.1,3,6.6,Moderate Debt
USR-03161,30,Male,Student,Night Owl,80,Instagram / Reddit,44,1,20,31,37.6,3.86,24.2,23.5,4,8.0,Moderate Debt
USR-03162,18,Non-Binary,Freelance / Creative,Morning Lark,64,YouTube,59,0,0,12,45.2,9.01,22.9,16.7,0,1.0,Optimal Recovery
USR-03163,27,Male,Student,Night Owl,30,Messaging / Chat,78,0,60,45,24.4,7.38,16.1,21.6,3,1.7,Mild Deficit
USR-03164,32,Male,Healthcare / Shift Worker,Night Owl,79,Messaging / Chat,37,0,0,41,44.1,3.85,20.9,23.0,6,8.6,Severe Sleep Debt
USR-03165,19,Male,Remote Tech,Intermediate,24,Instagram / Reddit,68,1,0,46,15.8,7.49,25.2,18.5,0,1.0,Mild Deficit
USR-03166,32,Female,Corporate 9-to-5,Intermediate,29,TikTok / Reels,28,1,34,29,40.8,7.85,21.2,15.2,2,1.2,Optimal Recovery
USR-03167,55,Male,Remote Tech,Intermediate,50,TikTok / Reels,21,0,20,69,32.3,6.21,28.0,17.5,2,2.8,Moderate Debt
USR-03168,21,Male,Healthcare / Shift Worker,Night Owl,56,TikTok / Reels,61,1,25,48,42.8,3.2,25.3,20.8,5,7.6,Moderate Debt
USR-03169,43,Male,Remote Tech,Morning Lark,37,Streaming (Netflix/Hulu),54,1,0,66,23.9,7.41,26.0,19.9,2,1.0,Mild Deficit
USR-03170,29,Female,Healthcare / Shift Worker,Intermediate,15,YouTube,57,0,52,16,29.9,6.01,17.5,17.4,2,2.8,Moderate Debt
USR-03171,38,Female,Freelance / Creative,Morning Lark,41,TikTok / Reels,57,0,20,62,41.0,7.4,23.6,19.7,2,1.0,Mild Deficit
USR-03172,26,Female,Corporate 9-to-5,Morning Lark,123,Instagram / Reddit,74,0,0,23,69.9,4.78,15.1,17.8,4,6.4,Moderate Debt
USR-03173,23,Female,Corporate 9-to-5,Night Owl,11,TikTok / Reels,66,0,76,36,41.7,6.89,22.5,16.4,2,3.2,Mild Deficit
USR-03174,23,Male,Corporate 9-to-5,Intermediate,72,YouTube,64,0,0,39,50.2,6.92,21.5,18.2,4,3.8,Mild Deficit
USR-03175,20,Female,Remote Tech,Night Owl,45,Instagram / Reddit,83,0,47,31,37.2,5.4,22.6,18.4,2,3.6,Moderate Debt
USR-03176,24,Female,Corporate 9-to-5,Intermediate,18,Instagram / Reddit,73,1,0,57,21.4,6.89,25.8,19.6,2,2.6,Mild Deficit
USR-03177,38,Female,Healthcare / Shift Worker,Intermediate,112,News / Reading,59,0,35,46,44.5,3.55,16.6,19.2,5,9.1,Severe Sleep Debt
USR-03178,51,Male,Corporate 9-to-5,Morning Lark,32,Instagram / Reddit,76,0,38,0,29.1,7.33,21.1,19.2,1,1.0,Mild Deficit
USR-03179,45,Male,Corporate 9-to-5,Night Owl,138,YouTube,49,0,0,73,68.4,3.2,21.7,19.7,5,9.8,Severe Sleep Debt
USR-03180,39,Female,Corporate 9-to-5,Morning Lark,58,YouTube,50,0,50,55,42.2,7.57,19.6,24.1,3,3.1,Mild Deficit
USR-03181,21,Female,Freelance / Creative,Intermediate,63,YouTube,81,0,0,70,37.1,5.49,22.2,20.9,5,5.1,Moderate Debt
USR-03182,26,Female,Student,Intermediate,43,Streaming (Netflix/Hulu),50,0,0,33,31.1,7.0,21.8,20.1,1,1.0,Mild Deficit
USR-03183,27,Female,Freelance / Creative,Intermediate,97,Messaging / Chat,63,0,0,30,51.7,5.06,22.6,20.2,4,7.1,Moderate Debt
USR-03184,25,Female,Freelance / Creative,Intermediate,47,News / Reading,62,0,0,24,35.6,7.12,24.1,21.4,0,1.0,Mild Deficit
USR-03185,33,Male,Remote Tech,Intermediate,101,Instagram / Reddit,58,0,0,35,60.7,5.72,21.8,20.0,6,6.3,Moderate Debt
USR-03186,33,Female,Corporate 9-to-5,Morning Lark,64,Streaming (Netflix/Hulu),91,1,131,49,42.0,8.23,21.9,17.5,1,1.0,Optimal Recovery
USR-03187,28,Female,Corporate 9-to-5,Intermediate,42,YouTube,53,1,0,34,32.8,7.0,23.1,17.7,0,1.0,Mild Deficit
USR-03188,28,Male,Corporate 9-to-5,Night Owl,12,YouTube,90,0,0,21,26.7,6.63,20.8,23.2,2,1.0,Moderate Debt
USR-03189,46,Female,Student,Intermediate,118,TikTok / Reels,33,1,88,53,70.4,4.45,25.0,19.9,4,7.5,Moderate Debt
USR-03190,44,Male,Corporate 9-to-5,Morning Lark,57,TikTok / Reels,54,1,0,31,50.6,7.33,25.8,22.7,2,2.2,Mild Deficit
USR-03191,27,Female,Corporate 9-to-5,Intermediate,34,YouTube,50,0,0,43,23.7,6.72,25.8,21.0,1,1.0,Moderate Debt
USR-03192,54,Male,Student,Morning Lark,81,YouTube,70,1,0,6,35.4,6.78,25.7,21.1,3,2.0,Mild Deficit
USR-03193,58,Male,Student,Morning Lark,64,Messaging / Chat,28,1,21,12,34.9,7.65,20.7,20.6,1,1.0,Mild Deficit
USR-03194,27,Male,Student,Intermediate,64,Instagram / Reddit,63,1,140,18,59.3,6.24,19.6,13.0,4,6.1,Moderate Debt
USR-03195,28,Female,Remote Tech,Intermediate,180,Instagram / Reddit,73,0,0,33,99.4,4.0,15.1,15.9,7,10.0,Severe Sleep Debt
USR-03196,32,Female,Healthcare / Shift Worker,Morning Lark,29,TikTok / Reels,48,0,0,18,25.9,7.74,23.1,21.5,1,1.0,Mild Deficit
USR-03197,56,Female,Remote Tech,Intermediate,83,Streaming (Netflix/Hulu),43,1,0,34,36.9,6.67,24.7,19.5,2,2.8,Moderate Debt
USR-03198,50,Male,Corporate 9-to-5,Night Owl,117,Streaming (Netflix/Hulu),43,0,0,21,52.3,3.63,17.3,18.8,4,9.0,Severe Sleep Debt
USR-03199,21,Male,Healthcare / Shift Worker,Night Owl,44,YouTube,65,1,46,79,38.8,4.86,21.5,18.4,5,5.8,Moderate Debt
USR-03200,29,Female,Freelance / Creative,Night Owl,28,Instagram / Reddit,23,0,0,50,33.6,6.13,23.3,19.1,2,2.8,Moderate Debt
USR-03201,34,Female,Corporate 9-to-5,Intermediate,43,Messaging / Chat,29,1,0,30,22.2,7.62,26.5,20.9,1,1.0,Mild Deficit
USR-03202,32,Female,Remote Tech,Morning Lark,63,Streaming (Netflix/Hulu),57,1,104,61,43.0,8.27,24.9,17.1,1,1.4,Optimal Recovery
USR-03203,24,Female,Remote Tech,Night Owl,106,YouTube,67,0,0,43,68.0,3.2,21.1,22.4,7,9.9,Severe Sleep Debt
USR-03204,49,Female,Corporate 9-to-5,Morning Lark,31,YouTube,61,0,0,34,20.1,8.05,22.6,17.5,0,1.0,Optimal Recovery
USR-03205,39,Female,Healthcare / Shift Worker,Morning Lark,43,Instagram / Reddit,67,0,162,14,53.8,5.67,17.9,22.3,3,5.2,Moderate Debt
USR-03206,47,Male,Corporate 9-to-5,Intermediate,83,News / Reading,34,1,0,37,33.5,7.23,24.5,22.4,1,1.5,Mild Deficit
USR-03207,49,Male,Healthcare / Shift Worker,Morning Lark,92,Messaging / Chat,20,0,0,32,44.4,5.59,27.0,18.9,2,4.5,Moderate Debt
USR-03208,42,Non-Binary,Student,Night Owl,98,TikTok / Reels,73,0,0,68,73.8,3.92,22.4,17.6,4,9.3,Severe Sleep Debt
USR-03209,30,Female,Remote Tech,Night Owl,16,Messaging / Chat,30,1,0,1,15.5,6.99,18.7,21.3,1,1.0,Mild Deficit
USR-03210,36,Male,Corporate 9-to-5,Night Owl,170,TikTok / Reels,65,1,0,32,90.9,3.2,18.1,18.7,7,10.0,Severe Sleep Debt
USR-03211,23,Male,Corporate 9-to-5,Night Owl,37,YouTube,18,0,0,19,27.8,5.67,23.1,23.9,2,2.8,Moderate Debt
USR-03212,39,Female,Corporate 9-to-5,Morning Lark,167,Messaging / Chat,69,0,0,26,92.5,5.51,15.6,21.2,6,10.0,Moderate Debt
USR-03213,23,Male,Corporate 9-to-5,Night Owl,180,YouTube,55,1,23,17,79.7,3.36,19.6,18.0,7,10.0,Severe Sleep Debt
USR-03214,40,Female,Corporate 9-to-5,Intermediate,14,Instagram / Reddit,76,0,0,33,15.9,7.89,23.7,21.3,0,1.0,Optimal Recovery
USR-03215,25,Female,Healthcare / Shift Worker,Intermediate,81,TikTok / Reels,71,0,131,5,72.5,4.51,15.2,14.6,5,9.2,Severe Sleep Debt
USR-03216,21,Female,Remote Tech,Morning Lark,41,TikTok / Reels,48,1,44,30,45.9,8.12,21.5,19.5,2,1.7,Optimal Recovery
USR-03217,23,Female,Student,Night Owl,53,Streaming (Netflix/Hulu),44,1,0,54,25.2,5.66,26.9,16.3,2,2.3,Moderate Debt
USR-03218,18,Male,Remote Tech,Night Owl,93,Streaming (Netflix/Hulu),61,0,58,39,55.1,3.4,17.3,14.9,5,8.8,Severe Sleep Debt
USR-03219,41,Female,Healthcare / Shift Worker,Morning Lark,24,Messaging / Chat,45,0,0,41,25.4,6.61,17.7,17.7,1,2.2,Moderate Debt
USR-03220,41,Female,Freelance / Creative,Morning Lark,39,YouTube,10,1,0,53,20.4,8.9,26.6,21.4,0,1.0,Optimal Recovery
USR-03221,33,Female,Corporate 9-to-5,Morning Lark,79,Messaging / Chat,49,0,20,51,37.5,7.37,22.6,18.3,1,1.9,Mild Deficit
USR-03222,23,Male,Healthcare / Shift Worker,Intermediate,66,TikTok / Reels,38,0,0,15,47.7,5.05,23.9,17.3,4,5.3,Moderate Debt
USR-03223,20,Female,Student,Intermediate,92,TikTok / Reels,44,0,53,49,54.4,6.08,20.8,18.6,3,5.0,Moderate Debt
USR-03224,18,Male,Healthcare / Shift Worker,Night Owl,38,YouTube,61,1,0,26,25.6,4.18,27.4,16.4,4,4.6,Moderate Debt
USR-03225,23,Male,Student,Intermediate,22,YouTube,80,1,23,59,20.1,7.54,22.3,19.9,2,1.0,Mild Deficit
USR-03226,51,Female,Remote Tech,Intermediate,180,TikTok / Reels,92,1,241,52,119.5,3.38,15.5,12.4,7,10.0,Severe Sleep Debt
USR-03227,25,Female,Corporate 9-to-5,Night Owl,29,TikTok / Reels,65,0,0,24,23.6,6.64,23.2,22.4,3,2.4,Moderate Debt
USR-03228,28,Male,Corporate 9-to-5,Intermediate,25,Instagram / Reddit,43,0,0,4,29.4,6.98,24.1,19.3,1,1.3,Mild Deficit
USR-03229,21,Female,Remote Tech,Intermediate,31,TikTok / Reels,74,1,0,50,35.6,8.33,24.9,16.8,1,1.0,Optimal Recovery
USR-03230,25,Female,Freelance / Creative,Night Owl,59,TikTok / Reels,25,0,0,37,40.8,5.14,21.6,13.4,4,5.7,Moderate Debt
USR-03231,33,Male,Student,Night Owl,63,Instagram / Reddit,41,1,20,57,49.4,5.37,23.7,18.2,4,5.3,Moderate Debt
USR-03232,36,Female,Corporate 9-to-5,Morning Lark,17,YouTube,50,0,0,36,30.7,9.49,24.9,18.3,0,1.0,Optimal Recovery
USR-03233,25,Female,Healthcare / Shift Worker,Morning Lark,27,YouTube,16,0,0,25,29.9,7.41,23.8,16.5,3,1.3,Mild Deficit
USR-03234,20,Female,Student,Morning Lark,99,Messaging / Chat,60,0,50,13,54.6,6.15,22.1,16.4,3,5.7,Moderate Debt
USR-03235,29,Female,Corporate 9-to-5,Intermediate,42,TikTok / Reels,39,1,0,19,36.7,6.33,20.0,22.2,3,3.4,Moderate Debt
USR-03236,25,Male,Corporate 9-to-5,Intermediate,65,News / Reading,60,0,0,64,21.7,6.1,23.5,21.2,2,2.3,Moderate Debt
USR-03237,25,Male,Corporate 9-to-5,Intermediate,28,TikTok / Reels,50,0,0,32,29.9,6.58,21.4,22.3,1,1.6,Moderate Debt
USR-03238,59,Male,Healthcare / Shift Worker,Night Owl,74,TikTok / Reels,38,1,0,53,51.8,3.2,25.1,18.7,5,7.5,Moderate Debt
USR-03239,36,Male,Healthcare / Shift Worker,Morning Lark,27,Streaming (Netflix/Hulu),35,0,0,13,21.3,6.96,19.0,19.7,0,1.0,Mild Deficit
USR-03240,34,Female,Corporate 9-to-5,Intermediate,21,Streaming (Netflix/Hulu),54,0,86,4,18.1,6.67,18.3,20.0,1,2.0,Moderate Debt
USR-03241,30,Female,Corporate 9-to-5,Intermediate,10,Instagram / Reddit,69,1,0,43,20.9,7.99,22.0,17.3,0,1.0,Optimal Recovery
USR-03242,30,Female,Healthcare / Shift Worker,Intermediate,52,YouTube,69,0,32,54,42.4,4.75,23.1,19.3,3,5.4,Moderate Debt
USR-03243,34,Female,Freelance / Creative,Intermediate,77,Messaging / Chat,61,1,175,93,55.1,4.63,18.0,15.9,5,9.1,Severe Sleep Debt
USR-03244,40,Non-Binary,Student,Night Owl,78,News / Reading,66,0,0,0,48.4,4.91,23.5,26.1,3,5.5,Moderate Debt
USR-03245,40,Male,Student,Morning Lark,58,News / Reading,56,1,0,15,29.5,6.98,26.8,19.5,2,1.6,Mild Deficit
USR-03246,23,Female,Corporate 9-to-5,Morning Lark,98,Instagram / Reddit,42,0,20,57,59.8,7.08,22.3,19.1,1,1.0,Mild Deficit
USR-03247,32,Female,Remote Tech,Intermediate,18,Streaming (Netflix/Hulu),83,1,0,11,35.8,8.21,22.3,19.1,0,1.0,Optimal Recovery
USR-03248,29,Female,Corporate 9-to-5,Intermediate,19,Streaming (Netflix/Hulu),42,0,0,44,21.2,7.3,26.3,20.8,1,1.5,Mild Deficit
USR-03249,50,Female,Healthcare / Shift Worker,Morning Lark,25,Messaging / Chat,87,0,0,39,22.3,6.82,25.7,15.4,2,2.1,Mild Deficit
USR-03250,37,Female,Remote Tech,Morning Lark,39,News / Reading,68,0,0,61,33.7,7.45,23.0,22.2,2,1.2,Mild Deficit
USR-03251,33,Male,Healthcare / Shift Worker,Intermediate,50,Messaging / Chat,50,1,0,63,28.9,4.95,24.4,26.7,3,4.0,Moderate Debt
USR-03252,21,Male,Remote Tech,Intermediate,104,Instagram / Reddit,29,1,0,44,49.3,4.37,22.5,22.3,4,6.8,Moderate Debt
USR-03253,36,Male,Healthcare / Shift Worker,Night Owl,42,YouTube,62,1,0,63,36.3,4.48,24.1,20.9,4,5.6,Moderate Debt
USR-03254,21,Female,Corporate 9-to-5,Intermediate,81,YouTube,54,1,0,45,35.1,6.12,23.3,19.1,3,2.8,Moderate Debt
USR-03255,28,Female,Remote Tech,Morning Lark,72,Streaming (Netflix/Hulu),79,0,70,22,51.1,7.05,17.7,20.4,3,3.9,Mild Deficit
USR-03256,22,Female,Student,Intermediate,103,TikTok / Reels,34,1,0,6,59.9,5.86,19.7,21.6,4,5.4,Moderate Debt
USR-03257,39,Male,Corporate 9-to-5,Morning Lark,69,TikTok / Reels,76,1,20,19,46.0,7.92,20.0,20.3,1,1.3,Optimal Recovery
USR-03258,24,Male,Freelance / Creative,Intermediate,108,TikTok / Reels,84,0,0,18,88.2,4.77,21.1,18.2,4,8.0,Moderate Debt
USR-03259,29,Male,Remote Tech,Intermediate,10,Messaging / Chat,41,0,90,92,43.0,7.55,25.1,14.6,0,1.0,Mild Deficit
USR-03260,52,Female,Remote Tech,Intermediate,43,Messaging / Chat,70,0,136,46,45.0,7.25,24.0,13.6,2,3.5,Mild Deficit
USR-03261,24,Male,Healthcare / Shift Worker,Night Owl,13,TikTok / Reels,83,0,0,19,29.9,5.76,17.8,17.0,2,3.0,Moderate Debt
USR-03262,33,Female,Healthcare / Shift Worker,Morning Lark,25,TikTok / Reels,82,0,0,33,45.3,6.4,20.5,16.2,2,3.1,Moderate Debt
USR-03263,30,Male,Remote Tech,Night Owl,24,Streaming (Netflix/Hulu),76,0,92,0,34.1,5.82,20.0,19.8,3,4.7,Moderate Debt
USR-03264,18,Female,Freelance / Creative,Night Owl,107,YouTube,89,0,20,24,51.9,3.94,19.4,18.9,5,7.4,Moderate Debt
USR-03265,44,Female,Corporate 9-to-5,Intermediate,45,TikTok / Reels,56,0,0,0,38.0,6.95,24.5,25.0,3,2.9,Mild Deficit
USR-03266,20,Male,Corporate 9-to-5,Morning Lark,170,Messaging / Chat,54,0,37,32,74.2,5.67,17.8,17.9,4,8.8,Moderate Debt
USR-03267,31,Female,Remote Tech,Intermediate,42,Streaming (Netflix/Hulu),86,1,0,0,24.6,6.57,22.1,19.5,1,1.0,Moderate Debt
USR-03268,34,Female,Remote Tech,Intermediate,12,Streaming (Netflix/Hulu),10,1,0,24,21.5,7.87,19.8,22.2,1,1.0,Optimal Recovery
USR-03269,37,Female,Remote Tech,Intermediate,39,Messaging / Chat,49,0,75,18,43.4,6.77,20.0,22.0,3,4.2,Mild Deficit
USR-03270,39,Female,Corporate 9-to-5,Morning Lark,69,YouTube,39,0,0,22,35.7,5.92,27.1,20.8,2,2.6,Moderate Debt
USR-03271,25,Female,Remote Tech,Night Owl,61,YouTube,56,1,20,8,38.6,3.98,21.2,21.0,3,6.6,Moderate Debt
USR-03272,18,Female,Healthcare / Shift Worker,Morning Lark,52,YouTube,63,0,70,35,32.2,5.38,18.6,19.7,3,4.8,Moderate Debt
USR-03273,41,Female,Remote Tech,Intermediate,64,News / Reading,67,1,0,63,29.3,6.25,27.5,22.0,3,3.4,Moderate Debt
USR-03274,33,Female,Freelance / Creative,Morning Lark,92,TikTok / Reels,57,0,0,73,57.3,7.17,23.4,20.4,3,3.9,Mild Deficit
USR-03275,47,Non-Binary,Healthcare / Shift Worker,Intermediate,6,Streaming (Netflix/Hulu),58,0,0,0,17.1,6.3,19.0,17.5,1,2.4,Moderate Debt
USR-03276,46,Female,Corporate 9-to-5,Night Owl,56,Instagram / Reddit,74,1,0,20,40.2,5.08,25.6,19.9,2,4.5,Moderate Debt
USR-03277,47,Female,Corporate 9-to-5,Intermediate,24,Messaging / Chat,44,1,0,56,25.6,7.55,21.3,21.8,2,1.0,Mild Deficit
USR-03278,32,Male,Corporate 9-to-5,Morning Lark,76,Messaging / Chat,48,1,0,22,30.8,7.67,25.9,16.3,1,1.0,Mild Deficit
USR-03279,28,Male,Healthcare / Shift Worker,Night Owl,26,TikTok / Reels,37,1,0,51,28.0,5.11,21.2,16.7,3,2.9,Moderate Debt
USR-03280,44,Male,Corporate 9-to-5,Night Owl,27,YouTube,55,0,44,41,35.2,6.01,23.1,20.4,2,2.3,Moderate Debt
USR-03281,31,Female,Corporate 9-to-5,Night Owl,18,YouTube,23,0,0,41,20.5,5.23,25.7,16.0,4,4.6,Moderate Debt
USR-03282,23,Male,Freelance / Creative,Night Owl,53,YouTube,81,0,0,0,31.5,4.6,18.6,17.5,3,6.3,Moderate Debt
USR-03283,48,Male,Student,Intermediate,12,News / Reading,71,1,0,59,21.5,8.01,24.4,23.0,1,1.0,Optimal Recovery
USR-03284,51,Male,Corporate 9-to-5,Intermediate,17,TikTok / Reels,35,0,40,63,23.3,9.11,22.2,20.5,0,1.0,Optimal Recovery
USR-03285,31,Male,Corporate 9-to-5,Intermediate,54,Instagram / Reddit,80,0,20,27,31.7,6.09,17.6,22.4,3,4.5,Moderate Debt
USR-03286,20,Male,Healthcare / Shift Worker,Morning Lark,43,Streaming (Netflix/Hulu),50,0,0,40,27.5,6.66,20.2,21.2,2,2.4,Moderate Debt
USR-03287,29,Male,Healthcare / Shift Worker,Intermediate,43,Messaging / Chat,41,1,0,29,36.1,6.51,25.4,21.9,2,1.6,Moderate Debt
USR-03288,45,Male,Corporate 9-to-5,Night Owl,9,Streaming (Netflix/Hulu),62,1,0,36,29.2,7.0,27.3,20.6,1,1.0,Mild Deficit
USR-03289,52,Female,Remote Tech,Intermediate,54,Messaging / Chat,22,0,0,56,45.1,6.25,24.9,19.0,3,4.3,Moderate Debt
USR-03290,24,Male,Healthcare / Shift Worker,Night Owl,57,TikTok / Reels,48,1,128,18,51.6,3.2,23.6,21.3,6,9.5,Severe Sleep Debt
USR-03291,20,Male,Student,Intermediate,97,TikTok / Reels,62,1,0,49,60.9,4.93,26.6,21.0,5,6.5,Moderate Debt
USR-03292,50,Female,Healthcare / Shift Worker,Intermediate,71,TikTok / Reels,91,1,95,51,55.5,5.36,25.5,12.9,4,6.6,Moderate Debt
USR-03293,29,Non-Binary,Remote Tech,Intermediate,23,YouTube,30,1,0,57,19.1,7.94,27.4,21.5,1,1.0,Optimal Recovery
USR-03294,34,Female,Freelance / Creative,Intermediate,23,Instagram / Reddit,31,1,0,35,35.3,7.85,28.0,20.5,1,1.0,Optimal Recovery
USR-03295,60,Female,Corporate 9-to-5,Intermediate,102,YouTube,50,0,52,13,51.9,5.11,16.1,21.8,3,6.4,Moderate Debt
USR-03296,20,Male,Corporate 9-to-5,Morning Lark,92,TikTok / Reels,49,0,0,29,63.0,6.18,24.1,13.3,4,4.6,Moderate Debt
USR-03297,38,Female,Student,Morning Lark,47,YouTube,71,1,0,39,44.5,7.68,20.5,21.3,1,1.0,Mild Deficit
USR-03298,20,Female,Remote Tech,Night Owl,77,TikTok / Reels,85,1,0,59,49.3,5.3,27.8,16.8,3,4.9,Moderate Debt
USR-03299,29,Female,Healthcare / Shift Worker,Morning Lark,86,Messaging / Chat,76,0,0,48,45.6,4.59,17.4,19.1,4,7.8,Moderate Debt
USR-03300,45,Female,Corporate 9-to-5,Intermediate,15,News / Reading,46,1,0,9,28.9,6.81,27.3,25.3,2,1.1,Mild Deficit
USR-03301,30,Female,Healthcare / Shift Worker,Intermediate,20,TikTok / Reels,84,1,0,1,20.7,6.77,21.9,20.0,1,1.0,Mild Deficit
USR-03302,65,Female,Corporate 9-to-5,Intermediate,37,TikTok / Reels,53,1,0,17,29.9,7.19,26.0,22.8,0,1.0,Mild Deficit
USR-03303,34,Female,Student,Night Owl,103,Messaging / Chat,65,1,0,22,52.2,4.16,21.1,21.5,4,6.4,Moderate Debt
USR-03304,27,Non-Binary,Corporate 9-to-5,Night Owl,139,TikTok / Reels,63,0,0,16,87.3,3.2,17.4,21.2,5,10.0,Severe Sleep Debt
USR-03305,25,Non-Binary,Student,Night Owl,57,Messaging / Chat,64,0,0,0,44.0,5.07,18.1,21.7,3,5.7,Moderate Debt
USR-03306,28,Female,Student,Intermediate,22,YouTube,72,1,250,15,42.5,7.71,19.6,13.6,2,1.7,Mild Deficit
USR-03307,29,Male,Remote Tech,Intermediate,25,YouTube,71,1,0,37,30.5,8.26,25.3,17.1,0,1.0,Optimal Recovery
USR-03308,20,Female,Corporate 9-to-5,Night Owl,39,Instagram / Reddit,70,0,85,62,36.6,4.9,20.6,17.3,3,6.0,Moderate Debt
USR-03309,28,Female,Remote Tech,Night Owl,39,TikTok / Reels,45,1,0,64,31.3,6.49,27.2,20.9,3,2.4,Moderate Debt
USR-03310,31,Female,Healthcare / Shift Worker,Night Owl,24,TikTok / Reels,38,0,53,56,27.7,3.2,19.2,19.4,6,8.2,Moderate Debt
USR-03311,41,Male,Corporate 9-to-5,Night Owl,42,Messaging / Chat,70,1,0,39,35.6,6.79,23.4,20.3,2,1.0,Mild Deficit
USR-03312,38,Male,Corporate 9-to-5,Morning Lark,10,News / Reading,62,1,52,76,21.9,8.43,28.0,16.4,0,1.0,Optimal Recovery
USR-03313,40,Female,Corporate 9-to-5,Morning Lark,44,Streaming (Netflix/Hulu),73,0,0,31,27.0,6.6,23.4,27.0,2,1.7,Moderate Debt
USR-03314,18,Female,Freelance / Creative,Night Owl,28,Streaming (Netflix/Hulu),46,0,0,48,18.5,6.35,19.4,20.0,1,2.0,Moderate Debt
USR-03315,24,Female,Remote Tech,Night Owl,27,Messaging / Chat,70,0,82,30,34.2,5.84,16.7,15.9,3,5.0,Moderate Debt
USR-03316,38,Male,Corporate 9-to-5,Night Owl,67,YouTube,49,0,0,34,35.9,6.36,16.8,19.5,2,3.0,Moderate Debt
USR-03317,32,Male,Healthcare / Shift Worker,Intermediate,70,YouTube,48,1,0,52,41.7,5.02,26.6,20.5,3,3.3,Moderate Debt
USR-03318,18,Female,Student,Intermediate,37,TikTok / Reels,78,1,85,16,35.4,8.17,17.3,18.4,1,1.0,Optimal Recovery
USR-03319,45,Male,Corporate 9-to-5,Intermediate,20,TikTok / Reels,77,1,58,52,27.6,7.49,25.7,16.9,2,2.2,Mild Deficit
USR-03320,43,Female,Freelance / Creative,Intermediate,54,Streaming (Netflix/Hulu),59,0,0,20,35.5,5.78,22.9,20.3,3,2.6,Moderate Debt
USR-03321,34,Male,Student,Intermediate,36,TikTok / Reels,48,0,0,40,47.4,6.78,21.5,19.8,3,2.6,Mild Deficit
USR-03322,20,Male,Remote Tech,Night Owl,80,TikTok / Reels,53,1,136,44,66.3,4.2,22.0,16.8,7,9.1,Severe Sleep Debt
USR-03323,43,Female,Remote Tech,Morning Lark,67,YouTube,58,1,104,50,46.2,7.36,18.0,15.5,3,3.4,Mild Deficit
USR-03324,35,Male,Healthcare / Shift Worker,Intermediate,74,TikTok / Reels,47,0,0,32,50.3,3.91,20.5,17.2,5,7.2,Moderate Debt
USR-03325,44,Male,Corporate 9-to-5,Intermediate,7,TikTok / Reels,61,0,0,6,13.2,6.91,18.6,18.7,2,2.3,Mild Deficit
USR-03326,42,Female,Corporate 9-to-5,Intermediate,126,TikTok / Reels,45,0,0,63,77.5,4.35,20.4,13.6,6,9.2,Severe Sleep Debt
USR-03327,45,Female,Corporate 9-to-5,Intermediate,55,Messaging / Chat,86,0,0,39,42.2,5.99,22.4,18.8,3,4.2,Moderate Debt
USR-03328,33,Male,Student,Night Owl,9,Streaming (Netflix/Hulu),15,1,0,8,26.3,5.88,21.2,21.7,3,3.7,Moderate Debt
USR-03329,22,Female,Remote Tech,Morning Lark,40,Streaming (Netflix/Hulu),42,0,0,94,21.9,7.82,22.6,21.2,0,1.0,Optimal Recovery
USR-03330,39,Female,Student,Morning Lark,48,Messaging / Chat,70,1,30,55,32.6,7.47,20.4,18.7,2,1.0,Mild Deficit
USR-03331,37,Female,Corporate 9-to-5,Night Owl,107,News / Reading,87,0,0,65,46.2,3.79,17.7,19.8,5,8.9,Severe Sleep Debt
USR-03332,42,Male,Student,Intermediate,70,YouTube,43,0,0,31,44.0,7.95,22.1,17.0,2,1.0,Optimal Recovery
USR-03333,23,Male,Student,Morning Lark,60,Messaging / Chat,50,0,23,71,38.6,7.47,22.5,16.1,0,1.3,Mild Deficit
USR-03334,24,Male,Remote Tech,Intermediate,49,YouTube,64,1,54,9,30.1,6.58,18.4,15.6,2,2.2,Moderate Debt
USR-03335,51,Male,Healthcare / Shift Worker,Intermediate,43,TikTok / Reels,65,0,0,40,32.7,5.56,25.2,18.2,3,3.7,Moderate Debt
USR-03336,42,Female,Corporate 9-to-5,Morning Lark,14,Streaming (Netflix/Hulu),58,1,149,46,40.7,8.21,24.1,13.1,2,1.0,Optimal Recovery
USR-03337,53,Male,Student,Intermediate,57,YouTube,71,0,62,14,44.0,7.02,24.9,16.3,3,3.6,Mild Deficit
USR-03338,42,Male,Corporate 9-to-5,Night Owl,24,TikTok / Reels,61,1,0,25,36.5,5.79,23.3,16.2,2,3.0,Moderate Debt
USR-03339,36,Female,Remote Tech,Intermediate,30,TikTok / Reels,61,1,0,33,20.6,8.11,21.4,19.9,1,1.0,Optimal Recovery
USR-03340,38,Female,Freelance / Creative,Morning Lark,72,Instagram / Reddit,86,0,33,1,57.5,6.26,18.0,17.0,5,5.8,Moderate Debt
USR-03341,51,Female,Freelance / Creative,Intermediate,29,Messaging / Chat,52,0,0,43,31.4,7.71,26.0,20.7,2,1.2,Mild Deficit
USR-03342,35,Male,Corporate 9-to-5,Intermediate,10,YouTube,50,1,0,23,11.7,8.09,22.6,20.1,1,1.0,Optimal Recovery
USR-03343,37,Male,Remote Tech,Morning Lark,41,Streaming (Netflix/Hulu),49,1,0,33,26.8,7.88,22.6,22.9,1,1.0,Optimal Recovery
USR-03344,23,Male,Corporate 9-to-5,Night Owl,9,TikTok / Reels,43,1,148,55,35.7,6.16,19.6,18.6,1,4.1,Moderate Debt
USR-03345,31,Non-Binary,Healthcare / Shift Worker,Intermediate,51,YouTube,53,0,0,50,33.7,5.86,25.7,17.6,3,5.0,Moderate Debt
USR-03346,41,Female,Remote Tech,Intermediate,77,TikTok / Reels,43,0,0,16,45.1,6.13,23.9,20.1,4,4.3,Moderate Debt
USR-03347,26,Male,Remote Tech,Night Owl,43,Streaming (Netflix/Hulu),64,1,0,27,24.4,6.57,22.6,22.1,1,2.8,Moderate Debt
USR-03348,24,Male,Corporate 9-to-5,Intermediate,12,Messaging / Chat,65,1,57,24,19.9,9.17,24.2,18.3,0,1.0,Optimal Recovery
USR-03349,27,Female,Freelance / Creative,Morning Lark,83,TikTok / Reels,60,1,0,22,63.0,5.99,19.5,19.0,3,4.9,Moderate Debt
USR-03350,25,Non-Binary,Remote Tech,Intermediate,112,News / Reading,63,1,49,27,43.2,4.48,17.5,21.8,4,7.6,Moderate Debt
USR-03351,24,Female,Corporate 9-to-5,Intermediate,40,Instagram / Reddit,71,0,38,25,27.1,8.38,21.6,20.1,2,1.0,Optimal Recovery
USR-03352,30,Male,Remote Tech,Intermediate,30,TikTok / Reels,34,1,0,19,24.4,8.41,25.3,16.8,1,1.0,Optimal Recovery
USR-03353,53,Male,Corporate 9-to-5,Intermediate,14,Instagram / Reddit,60,0,20,4,17.9,8.12,21.7,18.0,1,1.0,Optimal Recovery
USR-03354,33,Male,Student,Intermediate,53,Messaging / Chat,87,0,75,39,40.5,6.25,17.6,17.5,3,3.0,Moderate Debt
USR-03355,24,Male,Freelance / Creative,Intermediate,100,YouTube,44,0,63,21,68.8,5.02,15.9,17.0,4,7.1,Moderate Debt
USR-03356,20,Female,Healthcare / Shift Worker,Night Owl,14,YouTube,100,1,50,15,31.9,4.55,20.6,23.0,4,4.8,Moderate Debt
USR-03357,40,Male,Remote Tech,Intermediate,8,Instagram / Reddit,49,1,0,17,23.9,7.46,21.6,21.7,1,1.0,Mild Deficit
USR-03358,29,Female,Healthcare / Shift Worker,Intermediate,41,YouTube,60,0,27,36,29.4,4.59,26.3,20.7,4,5.1,Moderate Debt
USR-03359,46,Male,Remote Tech,Intermediate,15,TikTok / Reels,61,1,0,5,19.0,8.13,23.8,18.1,1,1.0,Optimal Recovery
USR-03360,38,Male,Corporate 9-to-5,Intermediate,48,Streaming (Netflix/Hulu),26,0,81,73,36.8,6.7,20.6,18.9,2,2.0,Moderate Debt
USR-03361,44,Male,Freelance / Creative,Intermediate,58,Streaming (Netflix/Hulu),39,1,56,46,40.2,7.82,23.9,22.6,2,1.0,Optimal Recovery
USR-03362,26,Female,Corporate 9-to-5,Morning Lark,60,Instagram / Reddit,68,1,179,25,46.2,8.08,19.7,17.2,1,2.9,Optimal Recovery
USR-03363,39,Male,Corporate 9-to-5,Intermediate,71,Streaming (Netflix/Hulu),50,0,0,6,36.7,5.53,18.4,17.6,2,4.2,Moderate Debt
USR-03364,26,Male,Freelance / Creative,Intermediate,126,TikTok / Reels,38,0,0,53,82.4,4.43,20.8,21.6,5,8.9,Severe Sleep Debt
USR-03365,56,Male,Corporate 9-to-5,Intermediate,82,TikTok / Reels,79,1,20,24,57.7,5.15,19.1,17.7,4,6.1,Moderate Debt
USR-03366,37,Female,Student,Night Owl,86,Messaging / Chat,61,1,32,6,46.1,5.0,22.5,16.0,4,5.8,Moderate Debt
USR-03367,27,Female,Freelance / Creative,Intermediate,18,YouTube,52,0,50,18,28.6,7.8,25.3,18.4,3,1.0,Optimal Recovery
USR-03368,26,Female,Remote Tech,Night Owl,51,Instagram / Reddit,100,1,39,16,31.9,5.9,18.6,17.1,4,4.1,Moderate Debt
USR-03369,24,Male,Corporate 9-to-5,Night Owl,104,TikTok / Reels,35,1,0,41,83.8,3.2,20.6,15.7,7,9.1,Severe Sleep Debt
USR-03370,40,Male,Remote Tech,Night Owl,32,TikTok / Reels,34,1,0,25,26.0,5.01,16.6,17.2,3,3.9,Moderate Debt
USR-03371,24,Non-Binary,Corporate 9-to-5,Night Owl,80,TikTok / Reels,47,0,20,51,60.4,4.5,25.7,18.6,6,8.5,Moderate Debt
USR-03372,36,Female,Remote Tech,Intermediate,146,Messaging / Chat,61,0,0,28,83.2,4.09,16.4,15.7,6,9.7,Severe Sleep Debt
USR-03373,26,Female,Healthcare / Shift Worker,Intermediate,24,Instagram / Reddit,64,1,35,39,28.2,4.22,18.1,19.4,3,5.9,Moderate Debt
USR-03374,38,Male,Remote Tech,Morning Lark,14,Streaming (Netflix/Hulu),40,1,0,9,21.1,9.08,19.9,19.2,0,1.0,Optimal Recovery
USR-03375,45,Male,Remote Tech,Night Owl,62,News / Reading,27,1,0,31,26.9,4.39,25.3,23.1,5,5.6,Moderate Debt
USR-03376,43,Male,Remote Tech,Intermediate,46,TikTok / Reels,67,0,0,28,35.6,6.54,21.6,19.6,1,2.2,Moderate Debt
USR-03377,43,Male,Remote Tech,Intermediate,119,TikTok / Reels,46,0,0,35,79.2,4.23,19.2,15.2,6,8.6,Severe Sleep Debt
USR-03378,24,Female,Healthcare / Shift Worker,Intermediate,20,TikTok / Reels,55,1,0,25,22.2,5.85,23.3,18.3,2,3.2,Moderate Debt
USR-03379,21,Male,Corporate 9-to-5,Intermediate,101,YouTube,57,1,0,19,56.5,5.52,13.8,23.4,4,5.5,Moderate Debt
USR-03380,40,Male,Healthcare / Shift Worker,Intermediate,44,Messaging / Chat,74,1,0,23,30.9,7.22,22.3,18.4,3,1.6,Mild Deficit
USR-03381,28,Female,Remote Tech,Intermediate,29,Streaming (Netflix/Hulu),45,1,75,9,28.8,7.51,18.4,20.5,1,1.0,Mild Deficit
USR-03382,30,Female,Corporate 9-to-5,Night Owl,51,Streaming (Netflix/Hulu),87,1,0,41,34.8,6.22,26.2,21.7,3,2.3,Moderate Debt
USR-03383,19,Female,Corporate 9-to-5,Night Owl,37,Instagram / Reddit,52,0,0,28,35.2,6.06,22.7,19.6,1,1.9,Moderate Debt
USR-03384,26,Female,Remote Tech,Night Owl,49,Streaming (Netflix/Hulu),28,1,0,0,27.3,5.78,17.6,18.9,2,4.0,Moderate Debt
USR-03385,19,Male,Student,Night Owl,98,Instagram / Reddit,35,0,21,40,60.5,4.46,22.2,21.0,5,8.5,Moderate Debt
USR-03386,50,Female,Corporate 9-to-5,Morning Lark,154,YouTube,34,0,0,13,64.2,6.9,23.0,20.6,4,4.4,Mild Deficit
USR-03387,25,Female,Freelance / Creative,Night Owl,46,Instagram / Reddit,40,0,0,17,36.1,5.93,18.5,17.0,3,2.2,Moderate Debt
USR-03388,34,Female,Remote Tech,Intermediate,65,Streaming (Netflix/Hulu),60,1,72,107,45.2,6.77,24.5,17.0,2,2.4,Mild Deficit
USR-03389,19,Male,Freelance / Creative,Night Owl,89,Instagram / Reddit,75,1,0,47,50.2,4.12,22.6,21.8,4,5.8,Moderate Debt
USR-03390,38,Female,Corporate 9-to-5,Morning Lark,64,YouTube,11,1,108,23,31.3,7.32,18.7,17.6,2,1.4,Mild Deficit
USR-03391,27,Male,Corporate 9-to-5,Intermediate,30,YouTube,73,0,0,36,28.0,7.19,21.4,16.8,1,1.5,Mild Deficit
USR-03392,52,Female,Corporate 9-to-5,Night Owl,58,Instagram / Reddit,83,1,79,28,39.4,5.23,18.3,18.6,4,6.4,Moderate Debt
USR-03393,51,Female,Corporate 9-to-5,Intermediate,46,TikTok / Reels,96,0,0,101,36.9,6.62,24.4,18.0,3,1.9,Moderate Debt
USR-03394,27,Female,Healthcare / Shift Worker,Intermediate,9,YouTube,63,0,0,42,22.4,6.15,23.2,18.4,1,1.9,Moderate Debt
USR-03395,52,Female,Corporate 9-to-5,Intermediate,3,TikTok / Reels,19,0,22,47,22.8,8.23,22.8,18.8,0,1.0,Optimal Recovery
USR-03396,65,Female,Remote Tech,Intermediate,58,Instagram / Reddit,28,1,65,1,38.8,5.97,22.3,21.8,4,3.8,Moderate Debt
USR-03397,46,Female,Corporate 9-to-5,Intermediate,26,TikTok / Reels,73,1,54,32,27.4,8.14,21.8,18.1,1,1.0,Optimal Recovery
USR-03398,48,Male,Remote Tech,Intermediate,91,News / Reading,57,1,0,13,41.3,5.63,17.4,20.5,3,4.3,Moderate Debt
USR-03399,25,Male,Healthcare / Shift Worker,Morning Lark,29,TikTok / Reels,42,0,0,57,28.8,7.17,24.5,15.9,2,1.0,Mild Deficit
USR-03400,35,Female,Student,Intermediate,33,Instagram / Reddit,25,1,226,65,38.8,6.46,15.5,14.2,2,4.8,Moderate Debt
USR-03401,20,Female,Student,Morning Lark,77,TikTok / Reels,33,0,0,12,48.9,7.14,21.0,19.6,2,1.0,Mild Deficit
USR-03402,21,Non-Binary,Corporate 9-to-5,Intermediate,39,TikTok / Reels,65,0,62,10,34.7,6.03,19.3,19.4,2,4.1,Moderate Debt
USR-03403,65,Male,Freelance / Creative,Intermediate,25,Streaming (Netflix/Hulu),65,0,89,12,36.7,8.15,22.2,20.6,2,1.0,Optimal Recovery
USR-03404,27,Female,Student,Intermediate,68,TikTok / Reels,74,1,56,78,52.1,6.36,23.4,17.0,3,4.5,Moderate Debt
USR-03405,42,Male,Remote Tech,Intermediate,180,Streaming (Netflix/Hulu),81,1,0,20,75.4,3.71,17.7,19.6,6,10.0,Severe Sleep Debt
USR-03406,45,Male,Remote Tech,Intermediate,29,TikTok / Reels,37,1,0,28,29.8,7.18,20.0,19.2,2,2.3,Mild Deficit
USR-03407,49,Male,Freelance / Creative,Night Owl,84,Instagram / Reddit,73,0,0,47,68.0,4.75,21.8,19.7,4,7.0,Moderate Debt
USR-03408,65,Female,Remote Tech,Night Owl,75,Streaming (Netflix/Hulu),40,1,81,0,40.0,5.1,22.1,23.7,4,5.8,Moderate Debt
USR-03409,25,Female,Student,Night Owl,167,Messaging / Chat,53,1,64,52,77.6,3.2,20.3,20.1,7,10.0,Severe Sleep Debt
USR-03410,19,Female,Remote Tech,Intermediate,104,YouTube,40,0,135,43,71.5,4.58,13.2,22.4,5,9.5,Severe Sleep Debt
USR-03411,29,Male,Corporate 9-to-5,Intermediate,49,Streaming (Netflix/Hulu),70,0,0,9,25.9,6.02,20.2,18.8,2,2.2,Moderate Debt
USR-03412,22,Male,Student,Morning Lark,67,Streaming (Netflix/Hulu),43,1,55,20,32.5,7.31,21.1,20.5,2,1.5,Mild Deficit
USR-03413,18,Female,Student,Intermediate,12,TikTok / Reels,68,1,149,19,29.0,8.04,20.0,18.0,0,1.0,Optimal Recovery
USR-03414,28,Male,Remote Tech,Night Owl,119,Streaming (Netflix/Hulu),65,0,57,47,54.6,3.84,20.3,16.0,4,8.1,Moderate Debt
USR-03415,44,Male,Student,Intermediate,18,Streaming (Netflix/Hulu),78,0,0,60,13.3,8.06,19.5,20.0,0,1.0,Optimal Recovery
USR-03416,35,Non-Binary,Corporate 9-to-5,Intermediate,67,TikTok / Reels,67,0,144,32,56.2,7.42,19.9,13.6,2,3.8,Mild Deficit
USR-03417,27,Male,Healthcare / Shift Worker,Intermediate,67,Messaging / Chat,92,0,62,53,39.4,5.65,21.3,19.4,3,4.5,Moderate Debt
USR-03418,38,Non-Binary,Freelance / Creative,Intermediate,74,TikTok / Reels,42,0,0,18,40.3,6.33,20.3,19.8,2,2.1,Moderate Debt
USR-03419,25,Female,Healthcare / Shift Worker,Morning Lark,24,YouTube,71,1,0,35,21.0,7.3,24.1,18.6,3,1.0,Mild Deficit
USR-03420,18,Male,Corporate 9-to-5,Intermediate,48,YouTube,63,1,86,25,39.2,7.17,24.0,17.1,3,1.6,Mild Deficit
USR-03421,43,Male,Remote Tech,Intermediate,79,Streaming (Netflix/Hulu),40,1,0,32,35.2,5.64,28.0,19.8,2,3.3,Moderate Debt
USR-03422,37,Female,Healthcare / Shift Worker,Intermediate,75,Streaming (Netflix/Hulu),74,0,39,12,59.5,5.4,18.5,20.1,5,6.9,Moderate Debt
USR-03423,43,Female,Remote Tech,Intermediate,160,YouTube,72,1,0,0,78.4,5.44,17.7,23.4,5,8.0,Moderate Debt
USR-03424,19,Non-Binary,Remote Tech,Night Owl,114,TikTok / Reels,42,1,0,41,69.2,4.04,22.8,22.9,6,8.4,Moderate Debt
USR-03425,47,Female,Freelance / Creative,Night Owl,45,TikTok / Reels,22,0,46,29,36.6,5.13,21.3,17.3,4,5.2,Moderate Debt
USR-03426,37,Male,Remote Tech,Night Owl,44,TikTok / Reels,53,1,0,26,38.8,5.22,19.8,16.3,4,3.8,Moderate Debt
USR-03427,34,Female,Remote Tech,Intermediate,28,Messaging / Chat,41,0,0,32,24.7,7.55,20.5,21.3,1,1.0,Mild Deficit
USR-03428,37,Female,Corporate 9-to-5,Intermediate,76,Streaming (Netflix/Hulu),58,1,0,56,43.4,6.97,23.7,19.1,1,1.0,Mild Deficit
USR-03429,49,Female,Corporate 9-to-5,Night Owl,12,Instagram / Reddit,55,0,0,0,19.2,6.05,21.1,18.6,4,2.9,Moderate Debt
USR-03430,35,Female,Corporate 9-to-5,Morning Lark,14,TikTok / Reels,91,0,72,94,23.2,7.86,26.3,16.2,1,1.0,Optimal Recovery
USR-03431,35,Male,Freelance / Creative,Morning Lark,71,Instagram / Reddit,40,0,20,15,51.2,7.65,20.4,21.4,3,1.6,Mild Deficit
USR-03432,64,Male,Remote Tech,Intermediate,96,YouTube,67,0,0,23,60.1,5.49,19.3,19.0,6,7.6,Moderate Debt
USR-03433,42,Female,Remote Tech,Intermediate,31,Streaming (Netflix/Hulu),28,0,35,63,34.5,7.86,24.6,18.4,1,1.0,Optimal Recovery
USR-03434,30,Female,Healthcare / Shift Worker,Morning Lark,80,TikTok / Reels,35,1,137,65,59.6,4.82,25.2,17.1,4,7.1,Moderate Debt
USR-03435,40,Female,Student,Night Owl,127,Instagram / Reddit,46,0,0,0,75.3,3.2,23.2,18.0,6,9.3,Severe Sleep Debt
USR-03436,29,Female,Student,Intermediate,92,YouTube,38,0,0,15,57.8,5.06,18.8,19.7,4,5.4,Moderate Debt
USR-03437,25,Male,Corporate 9-to-5,Intermediate,64,News / Reading,64,1,116,40,33.0,6.15,19.3,22.4,2,4.3,Moderate Debt
USR-03438,36,Female,Healthcare / Shift Worker,Intermediate,70,TikTok / Reels,54,0,0,11,43.2,4.58,22.6,16.5,4,5.4,Moderate Debt
USR-03439,55,Female,Corporate 9-to-5,Intermediate,78,TikTok / Reels,71,0,0,45,58.0,6.56,15.0,18.9,3,4.5,Moderate Debt
USR-03440,55,Female,Corporate 9-to-5,Morning Lark,55,News / Reading,34,0,0,32,32.5,9.23,20.3,19.0,1,1.0,Optimal Recovery
USR-03441,28,Female,Corporate 9-to-5,Morning Lark,38,YouTube,59,1,162,0,38.7,7.73,18.5,20.4,1,1.0,Mild Deficit
USR-03442,33,Female,Corporate 9-to-5,Intermediate,57,Streaming (Netflix/Hulu),40,0,0,61,34.1,7.28,25.4,16.8,2,1.5,Mild Deficit
USR-03443,24,Female,Corporate 9-to-5,Night Owl,36,Instagram / Reddit,80,0,0,52,35.7,5.89,23.4,18.6,3,1.6,Moderate Debt
USR-03444,65,Male,Student,Intermediate,94,YouTube,34,0,82,39,49.5,6.4,20.8,20.4,3,4.3,Moderate Debt
USR-03445,62,Male,Corporate 9-to-5,Intermediate,56,YouTube,20,1,0,75,39.6,7.68,21.8,18.7,1,1.0,Mild Deficit
USR-03446,38,Male,Student,Intermediate,28,YouTube,43,0,118,46,21.7,8.19,19.2,14.6,1,1.0,Optimal Recovery
USR-03447,45,Female,Corporate 9-to-5,Intermediate,45,Streaming (Netflix/Hulu),33,1,47,14,29.9,5.85,20.6,15.4,3,3.8,Moderate Debt
USR-03448,40,Female,Corporate 9-to-5,Intermediate,30,Messaging / Chat,58,1,0,5,27.5,6.74,19.8,21.3,2,1.6,Moderate Debt
USR-03449,36,Male,Remote Tech,Morning Lark,130,Streaming (Netflix/Hulu),67,0,27,0,74.5,5.4,15.0,19.0,5,7.0,Moderate Debt
USR-03450,19,Male,Freelance / Creative,Night Owl,90,YouTube,70,0,0,12,47.9,4.03,21.5,21.9,3,7.6,Moderate Debt
USR-03451,31,Non-Binary,Healthcare / Shift Worker,Intermediate,40,YouTube,12,0,164,41,32.9,4.72,23.2,16.6,4,5.7,Moderate Debt
USR-03452,39,Female,Freelance / Creative,Intermediate,35,Instagram / Reddit,69,1,29,31,33.2,7.55,23.3,17.5,1,1.0,Mild Deficit
USR-03453,39,Female,Student,Intermediate,39,News / Reading,60,1,141,26,29.1,5.84,22.2,19.4,2,3.5,Moderate Debt
USR-03454,29,Male,Student,Night Owl,18,Streaming (Netflix/Hulu),69,1,0,40,27.8,6.31,19.5,18.2,4,3.6,Moderate Debt
USR-03455,57,Male,Student,Intermediate,58,YouTube,73,0,0,40,40.0,5.65,21.3,20.6,4,5.0,Moderate Debt
USR-03456,23,Male,Student,Morning Lark,21,TikTok / Reels,43,1,35,59,18.6,8.87,24.9,15.9,1,1.0,Optimal Recovery
USR-03457,32,Male,Corporate 9-to-5,Night Owl,51,Streaming (Netflix/Hulu),37,1,0,51,24.0,5.21,24.5,19.6,3,4.4,Moderate Debt
USR-03458,39,Male,Remote Tech,Intermediate,90,Instagram / Reddit,62,1,47,32,49.3,5.25,18.7,17.0,4,5.2,Moderate Debt
USR-03459,40,Male,Remote Tech,Morning Lark,124,Instagram / Reddit,74,0,0,29,71.5,5.77,17.0,21.7,5,7.2,Moderate Debt
USR-03460,38,Male,Remote Tech,Morning Lark,36,Instagram / Reddit,30,1,103,55,41.0,9.54,20.9,20.6,0,1.0,Optimal Recovery
USR-03461,26,Male,Remote Tech,Night Owl,35,TikTok / Reels,56,0,0,40,25.4,5.11,21.3,21.4,3,2.8,Moderate Debt
USR-03462,23,Male,Corporate 9-to-5,Night Owl,16,TikTok / Reels,45,1,0,23,20.9,5.65,19.6,21.6,4,2.5,Moderate Debt
USR-03463,37,Female,Remote Tech,Night Owl,77,TikTok / Reels,45,0,0,3,47.8,4.49,24.5,20.1,4,6.6,Moderate Debt
USR-03464,36,Female,Corporate 9-to-5,Night Owl,52,TikTok / Reels,47,0,0,68,41.8,4.42,23.7,17.2,5,6.2,Moderate Debt
USR-03465,23,Male,Freelance / Creative,Intermediate,30,TikTok / Reels,68,0,0,60,25.0,8.71,24.1,18.1,0,1.0,Optimal Recovery
USR-03466,40,Female,Corporate 9-to-5,Intermediate,33,TikTok / Reels,67,1,79,20,36.7,6.14,20.9,17.4,3,3.3,Moderate Debt
USR-03467,31,Male,Corporate 9-to-5,Intermediate,101,YouTube,37,0,0,39,63.7,5.56,22.6,21.0,3,4.8,Moderate Debt
USR-03468,38,Female,Healthcare / Shift Worker,Night Owl,7,TikTok / Reels,28,1,0,52,22.1,5.13,23.4,20.9,3,3.9,Moderate Debt
USR-03469,47,Female,Remote Tech,Intermediate,113,YouTube,76,0,0,60,60.2,5.77,24.6,20.2,4,5.0,Moderate Debt
USR-03470,23,Male,Corporate 9-to-5,Night Owl,28,YouTube,71,0,127,35,30.7,4.99,19.4,18.6,3,5.4,Moderate Debt
USR-03471,18,Female,Remote Tech,Morning Lark,84,Messaging / Chat,80,1,85,2,50.7,6.32,20.5,20.9,3,3.8,Moderate Debt
USR-03472,44,Female,Corporate 9-to-5,Night Owl,22,YouTube,66,0,0,54,28.9,6.43,25.9,20.4,3,3.5,Moderate Debt
USR-03473,36,Female,Corporate 9-to-5,Intermediate,66,TikTok / Reels,82,0,121,11,61.6,5.34,21.0,16.5,4,5.9,Moderate Debt
USR-03474,40,Male,Corporate 9-to-5,Night Owl,45,YouTube,10,1,34,23,41.0,5.26,19.3,20.2,3,4.4,Moderate Debt
USR-03475,47,Female,Remote Tech,Morning Lark,111,Messaging / Chat,53,1,89,33,61.6,6.3,23.3,18.1,3,4.1,Moderate Debt
USR-03476,45,Male,Healthcare / Shift Worker,Morning Lark,44,YouTube,41,0,0,39,33.5,6.55,19.2,20.7,3,2.9,Moderate Debt
USR-03477,59,Female,Remote Tech,Morning Lark,119,YouTube,95,0,0,37,72.3,6.71,16.8,19.2,3,6.1,Moderate Debt
USR-03478,34,Male,Student,Intermediate,39,News / Reading,31,1,35,80,22.3,7.84,24.2,19.4,2,1.0,Optimal Recovery
USR-03479,32,Female,Corporate 9-to-5,Intermediate,81,YouTube,28,1,0,38,41.9,5.63,23.2,15.2,3,2.8,Moderate Debt
USR-03480,29,Female,Corporate 9-to-5,Night Owl,92,News / Reading,42,1,167,14,47.1,4.73,16.7,18.4,6,9.2,Severe Sleep Debt
USR-03481,23,Female,Healthcare / Shift Worker,Intermediate,43,Streaming (Netflix/Hulu),44,1,84,0,30.4,4.98,16.9,15.8,3,5.6,Moderate Debt
USR-03482,35,Female,Corporate 9-to-5,Morning Lark,53,Streaming (Netflix/Hulu),47,1,0,30,40.8,6.47,22.2,21.9,3,2.0,Moderate Debt
USR-03483,26,Male,Healthcare / Shift Worker,Morning Lark,17,YouTube,73,0,61,39,36.5,7.83,19.1,17.5,0,1.0,Optimal Recovery
USR-03484,54,Female,Remote Tech,Morning Lark,63,YouTube,85,1,48,78,43.0,7.67,27.2,20.5,2,1.0,Mild Deficit
USR-03485,35,Female,Healthcare / Shift Worker,Night Owl,84,Streaming (Netflix/Hulu),74,1,110,0,51.3,3.2,17.1,20.7,5,9.5,Severe Sleep Debt
USR-03486,36,Male,Corporate 9-to-5,Night Owl,126,YouTube,100,0,20,68,82.2,3.2,12.1,18.6,5,10.0,Severe Sleep Debt
USR-03487,28,Female,Corporate 9-to-5,Night Owl,89,YouTube,81,0,39,53,52.4,3.63,24.2,18.3,5,7.9,Moderate Debt
USR-03488,19,Female,Student,Intermediate,59,TikTok / Reels,42,1,0,57,41.4,6.21,16.8,17.1,1,2.4,Moderate Debt
USR-03489,19,Male,Healthcare / Shift Worker,Morning Lark,42,TikTok / Reels,53,0,0,43,37.1,6.56,25.2,16.2,3,3.0,Moderate Debt
USR-03490,30,Male,Corporate 9-to-5,Morning Lark,50,Instagram / Reddit,71,0,91,0,36.5,8.71,18.4,15.2,0,1.0,Optimal Recovery
USR-03491,20,Female,Freelance / Creative,Intermediate,44,YouTube,32,1,50,0,29.8,7.02,19.1,17.7,1,1.4,Mild Deficit
USR-03492,36,Female,Corporate 9-to-5,Night Owl,95,YouTube,49,0,0,17,44.9,4.86,17.6,18.9,4,4.9,Moderate Debt
USR-03493,51,Male,Corporate 9-to-5,Morning Lark,113,Instagram / Reddit,68,0,0,57,73.6,6.82,27.0,21.1,4,4.0,Mild Deficit
USR-03494,51,Female,Remote Tech,Morning Lark,44,Streaming (Netflix/Hulu),93,1,0,36,43.8,8.63,21.0,19.3,2,1.0,Optimal Recovery
USR-03495,38,Non-Binary,Student,Night Owl,72,Instagram / Reddit,56,1,194,34,54.1,4.11,18.0,15.7,6,9.2,Severe Sleep Debt
USR-03496,24,Female,Freelance / Creative,Intermediate,48,YouTube,59,0,0,43,31.8,7.66,24.0,24.0,2,1.6,Mild Deficit
USR-03497,49,Male,Remote Tech,Intermediate,14,Streaming (Netflix/Hulu),65,0,26,51,31.9,8.92,21.5,23.8,0,1.0,Optimal Recovery
USR-03498,51,Female,Corporate 9-to-5,Night Owl,20,Messaging / Chat,20,0,115,24,29.1,5.4,20.4,15.9,3,4.0,Moderate Debt
USR-03499,24,Male,Student,Morning Lark,29,YouTube,48,1,0,28,26.9,8.2,24.6,23.1,1,1.0,Optimal Recovery
USR-03500,41,Female,Corporate 9-to-5,Night Owl,48,News / Reading,38,0,0,25,25.1,4.09,20.3,20.1,5,6.0,Moderate Debt
USR-03501,26,Male,Remote Tech,Morning Lark,60,TikTok / Reels,71,0,169,24,55.9,5.81,16.3,15.3,3,6.3,Moderate Debt
USR-03502,45,Female,Remote Tech,Morning Lark,127,YouTube,46,1,142,22,57.4,7.15,16.5,16.6,2,4.6,Mild Deficit
USR-03503,65,Female,Corporate 9-to-5,Intermediate,54,Streaming (Netflix/Hulu),79,1,44,57,39.6,6.93,25.2,22.8,2,1.3,Mild Deficit
USR-03504,19,Male,Remote Tech,Morning Lark,56,TikTok / Reels,64,1,20,59,34.2,7.39,27.3,21.5,1,1.0,Mild Deficit
USR-03505,52,Male,Remote Tech,Intermediate,84,Messaging / Chat,52,1,0,51,41.2,6.5,23.2,15.4,2,2.4,Moderate Debt
USR-03506,37,Male,Student,Intermediate,22,YouTube,44,0,0,4,35.9,7.34,21.2,22.5,3,1.6,Mild Deficit
USR-03507,61,Female,Student,Intermediate,61,Streaming (Netflix/Hulu),41,1,0,28,30.9,6.11,19.2,21.3,4,3.7,Moderate Debt
USR-03508,31,Male,Corporate 9-to-5,Intermediate,79,Instagram / Reddit,87,0,0,11,55.0,6.4,17.1,22.9,4,6.3,Moderate Debt
USR-03509,48,Female,Corporate 9-to-5,Intermediate,39,TikTok / Reels,14,0,49,33,38.5,6.14,21.5,17.1,2,3.4,Moderate Debt
USR-03510,20,Non-Binary,Corporate 9-to-5,Morning Lark,51,Instagram / Reddit,53,0,0,46,49.1,7.25,28.0,22.2,3,1.2,Mild Deficit
USR-03511,28,Male,Corporate 9-to-5,Night Owl,43,Instagram / Reddit,57,0,0,46,41.9,5.75,26.3,20.3,3,4.5,Moderate Debt
USR-03512,20,Female,Student,Night Owl,40,News / Reading,10,1,165,8,30.6,6.04,19.8,15.4,2,3.6,Moderate Debt
USR-03513,61,Male,Freelance / Creative,Morning Lark,58,Instagram / Reddit,81,1,65,68,47.8,7.85,22.6,17.6,2,1.0,Optimal Recovery
USR-03514,46,Male,Student,Intermediate,96,Instagram / Reddit,59,0,44,5,52.8,6.21,14.4,19.8,3,5.6,Moderate Debt
USR-03515,48,Female,Student,Intermediate,70,Messaging / Chat,70,1,0,35,34.4,7.18,20.1,21.8,2,2.6,Mild Deficit
USR-03516,56,Male,Remote Tech,Morning Lark,109,YouTube,70,1,78,56,65.4,5.92,22.0,18.9,5,7.8,Moderate Debt
USR-03517,20,Female,Corporate 9-to-5,Intermediate,39,TikTok / Reels,73,0,0,46,39.6,6.86,22.9,21.1,4,2.6,Mild Deficit
USR-03518,29,Male,Freelance / Creative,Intermediate,73,TikTok / Reels,71,0,0,38,48.9,6.35,20.0,18.8,4,4.6,Moderate Debt
USR-03519,20,Female,Freelance / Creative,Morning Lark,63,News / Reading,71,0,0,36,35.5,6.56,20.0,22.1,3,4.0,Moderate Debt
USR-03520,24,Female,Remote Tech,Morning Lark,95,TikTok / Reels,63,1,45,17,65.8,5.7,21.9,17.3,4,6.1,Moderate Debt
USR-03521,25,Female,Corporate 9-to-5,Night Owl,76,Instagram / Reddit,75,0,0,61,51.0,3.77,23.5,16.4,6,8.4,Moderate Debt
USR-03522,31,Male,Student,Intermediate,106,Instagram / Reddit,100,1,64,26,74.3,6.03,18.7,14.5,4,6.9,Moderate Debt
USR-03523,26,Male,Corporate 9-to-5,Morning Lark,34,TikTok / Reels,38,1,0,0,31.5,7.45,21.0,16.3,2,1.4,Mild Deficit
USR-03524,21,Non-Binary,Student,Night Owl,129,Messaging / Chat,65,0,0,24,60.9,3.2,20.1,22.6,6,10.0,Severe Sleep Debt
USR-03525,23,Female,Healthcare / Shift Worker,Night Owl,39,YouTube,72,0,0,34,32.8,4.5,22.3,21.8,4,5.5,Moderate Debt
USR-03526,22,Female,Corporate 9-to-5,Intermediate,36,YouTube,24,1,0,37,13.6,7.9,21.7,22.6,2,1.0,Optimal Recovery
USR-03527,61,Male,Freelance / Creative,Night Owl,72,YouTube,93,0,0,48,53.1,4.12,22.7,20.6,5,8.6,Severe Sleep Debt
USR-03528,43,Male,Freelance / Creative,Intermediate,10,YouTube,68,0,113,53,28.4,6.59,19.9,18.8,2,2.0,Moderate Debt
USR-03529,60,Female,Freelance / Creative,Intermediate,51,Streaming (Netflix/Hulu),61,1,55,5,28.7,6.98,21.7,21.4,2,1.7,Mild Deficit
USR-03530,30,Female,Remote Tech,Intermediate,31,YouTube,48,1,31,24,29.3,7.46,22.9,20.0,2,2.3,Mild Deficit
USR-03531,26,Female,Corporate 9-to-5,Night Owl,25,YouTube,72,0,0,15,21.6,4.72,21.1,19.8,3,4.0,Moderate Debt
USR-03532,45,Female,Remote Tech,Morning Lark,31,TikTok / Reels,33,1,0,42,27.1,8.59,18.3,16.7,0,1.0,Optimal Recovery
USR-03533,27,Male,Remote Tech,Intermediate,38,Streaming (Netflix/Hulu),90,0,0,23,28.1,7.1,17.2,19.9,2,2.8,Mild Deficit
USR-03534,27,Male,Corporate 9-to-5,Intermediate,31,Instagram / Reddit,76,0,20,49,27.9,6.82,23.6,21.7,2,1.6,Mild Deficit
USR-03535,25,Male,Remote Tech,Intermediate,24,Instagram / Reddit,53,1,0,18,25.8,5.77,18.5,21.1,3,3.0,Moderate Debt
USR-03536,22,Male,Student,Intermediate,39,TikTok / Reels,84,0,20,43,45.3,6.44,24.5,19.1,2,1.9,Moderate Debt
USR-03537,26,Female,Corporate 9-to-5,Intermediate,19,YouTube,20,0,101,24,30.1,7.3,16.3,16.5,1,2.0,Mild Deficit
USR-03538,28,Male,Corporate 9-to-5,Morning Lark,73,TikTok / Reels,35,0,61,62,46.0,5.99,21.6,15.2,2,3.8,Moderate Debt
USR-03539,39,Male,Corporate 9-to-5,Intermediate,37,YouTube,56,0,0,36,34.7,7.69,22.3,23.7,1,1.0,Mild Deficit
USR-03540,20,Female,Student,Intermediate,25,TikTok / Reels,57,0,0,0,33.3,8.57,25.3,16.8,0,1.0,Optimal Recovery
USR-03541,24,Male,Student,Night Owl,80,Messaging / Chat,64,1,0,38,36.5,4.79,24.5,20.4,3,4.6,Moderate Debt
USR-03542,45,Female,Corporate 9-to-5,Intermediate,73,News / Reading,59,0,0,9,35.1,6.32,17.6,25.3,3,3.2,Moderate Debt
USR-03543,22,Male,Freelance / Creative,Intermediate,28,Instagram / Reddit,80,1,0,58,29.0,7.09,27.2,18.4,1,1.0,Mild Deficit
USR-03544,28,Female,Corporate 9-to-5,Night Owl,151,YouTube,26,0,0,33,66.0,3.2,22.7,18.0,5,9.2,Severe Sleep Debt
USR-03545,49,Male,Remote Tech,Morning Lark,138,Instagram / Reddit,17,1,122,36,75.5,4.65,18.2,20.6,5,7.9,Moderate Debt
USR-03546,23,Female,Student,Morning Lark,83,TikTok / Reels,27,1,0,0,50.7,7.93,24.5,19.7,3,1.6,Optimal Recovery
USR-03547,20,Female,Healthcare / Shift Worker,Intermediate,106,Streaming (Netflix/Hulu),29,1,0,32,44.4,4.16,20.9,23.1,4,7.3,Moderate Debt
USR-03548,32,Non-Binary,Corporate 9-to-5,Morning Lark,23,Streaming (Netflix/Hulu),56,0,0,0,19.9,8.7,13.5,21.9,0,1.0,Optimal Recovery
USR-03549,27,Male,Freelance / Creative,Intermediate,68,Instagram / Reddit,52,0,0,44,41.1,5.91,20.7,20.8,3,4.8,Moderate Debt
USR-03550,34,Female,Freelance / Creative,Morning Lark,49,Messaging / Chat,62,0,60,28,27.4,7.59,20.8,14.1,3,2.0,Mild Deficit
USR-03551,45,Female,Remote Tech,Morning Lark,69,News / Reading,63,1,0,35,35.1,8.26,26.1,20.3,1,1.0,Optimal Recovery
USR-03552,22,Female,Remote Tech,Intermediate,77,YouTube,61,0,0,40,42.1,6.35,20.5,15.2,1,3.6,Moderate Debt
USR-03553,35,Male,Corporate 9-to-5,Intermediate,78,Instagram / Reddit,25,0,38,47,51.3,5.78,19.0,21.1,4,4.2,Moderate Debt
USR-03554,32,Male,Remote Tech,Night Owl,30,News / Reading,51,1,0,55,19.7,6.3,24.9,23.2,3,1.3,Moderate Debt
USR-03555,22,Male,Remote Tech,Night Owl,180,Instagram / Reddit,45,1,84,29,86.5,3.2,18.0,16.1,7,10.0,Severe Sleep Debt
USR-03556,37,Female,Student,Morning Lark,54,Messaging / Chat,80,1,0,30,31.0,8.28,25.5,17.2,1,1.0,Optimal Recovery
USR-03557,26,Male,Remote Tech,Intermediate,22,TikTok / Reels,63,1,0,59,28.8,6.47,28.0,19.0,2,1.7,Moderate Debt
USR-03558,32,Female,Student,Morning Lark,90,YouTube,93,0,22,55,48.2,7.84,14.7,19.4,2,3.3,Optimal Recovery
USR-03559,20,Female,Corporate 9-to-5,Intermediate,32,YouTube,36,0,50,48,26.7,8.02,22.3,17.3,1,1.0,Optimal Recovery
USR-03560,31,Male,Corporate 9-to-5,Night Owl,54,YouTube,50,0,0,41,70.1,4.09,21.3,18.8,5,8.7,Severe Sleep Debt
USR-03561,27,Male,Corporate 9-to-5,Intermediate,43,Streaming (Netflix/Hulu),74,1,0,65,30.7,7.16,21.8,21.5,2,1.0,Mild Deficit
USR-03562,46,Male,Corporate 9-to-5,Morning Lark,70,Instagram / Reddit,46,0,0,21,45.9,7.68,22.8,24.7,1,1.0,Mild Deficit
USR-03563,20,Male,Remote Tech,Intermediate,105,Messaging / Chat,63,1,35,56,52.0,6.32,26.4,19.6,3,3.8,Moderate Debt
USR-03564,30,Male,Healthcare / Shift Worker,Morning Lark,61,YouTube,43,0,133,17,39.6,5.88,19.6,20.0,4,4.7,Moderate Debt
USR-03565,31,Male,Student,Intermediate,38,TikTok / Reels,79,0,0,13,29.1,7.27,22.3,17.3,3,2.4,Mild Deficit
USR-03566,41,Female,Remote Tech,Intermediate,141,TikTok / Reels,28,0,0,85,75.1,4.27,21.0,19.6,5,9.3,Severe Sleep Debt
USR-03567,35,Female,Student,Intermediate,117,YouTube,94,1,0,60,60.3,4.95,20.6,22.5,5,6.8,Moderate Debt
USR-03568,38,Non-Binary,Corporate 9-to-5,Night Owl,180,Streaming (Netflix/Hulu),71,1,0,31,81.0,3.2,21.1,20.7,7,10.0,Severe Sleep Debt
USR-03569,43,Male,Remote Tech,Intermediate,36,YouTube,66,0,100,0,36.0,6.01,23.2,25.8,3,4.1,Moderate Debt
USR-03570,49,Female,Corporate 9-to-5,Night Owl,23,YouTube,64,0,0,0,30.7,5.6,25.2,19.1,3,3.8,Moderate Debt
USR-03571,27,Female,Student,Night Owl,15,Instagram / Reddit,42,1,0,47,25.4,5.59,25.6,22.0,1,1.9,Moderate Debt
USR-03572,34,Female,Corporate 9-to-5,Intermediate,19,TikTok / Reels,70,0,49,51,26.3,7.79,20.2,21.4,1,1.0,Optimal Recovery
USR-03573,47,Female,Corporate 9-to-5,Intermediate,43,TikTok / Reels,45,1,0,39,43.0,5.73,23.3,22.0,5,5.0,Moderate Debt
USR-03574,63,Male,Remote Tech,Morning Lark,64,Instagram / Reddit,14,1,0,45,46.2,7.51,22.4,18.9,2,1.0,Mild Deficit
USR-03575,51,Female,Freelance / Creative,Intermediate,30,Streaming (Netflix/Hulu),58,0,222,0,41.1,6.59,16.3,18.7,2,3.6,Moderate Debt
USR-03576,28,Male,Student,Intermediate,23,Messaging / Chat,41,0,0,34,23.9,7.95,25.4,17.5,2,1.0,Optimal Recovery
USR-03577,24,Female,Healthcare / Shift Worker,Morning Lark,70,Instagram / Reddit,59,1,0,60,51.5,5.92,22.0,20.8,4,3.4,Moderate Debt
USR-03578,32,Male,Student,Intermediate,103,News / Reading,55,0,0,31,42.6,7.07,21.0,17.6,3,2.8,Mild Deficit
USR-03579,42,Female,Remote Tech,Night Owl,8,YouTube,27,1,0,57,16.8,6.36,22.9,19.7,1,1.0,Moderate Debt
USR-03580,32,Male,Student,Night Owl,8,YouTube,88,0,42,77,11.7,6.38,26.7,19.5,2,1.0,Moderate Debt
USR-03581,32,Male,Healthcare / Shift Worker,Intermediate,53,Messaging / Chat,42,0,0,25,41.2,4.61,22.9,24.8,5,6.6,Moderate Debt
USR-03582,47,Male,Corporate 9-to-5,Intermediate,78,Messaging / Chat,77,0,0,52,45.5,6.85,23.0,19.6,3,2.7,Mild Deficit
USR-03583,28,Female,Corporate 9-to-5,Night Owl,26,Instagram / Reddit,41,0,0,27,16.2,6.2,25.7,20.0,2,1.9,Moderate Debt
USR-03584,49,Female,Corporate 9-to-5,Intermediate,17,Instagram / Reddit,56,1,0,30,7.4,8.69,22.8,21.0,0,1.0,Optimal Recovery
USR-03585,29,Female,Remote Tech,Morning Lark,97,TikTok / Reels,61,0,61,48,68.6,7.72,17.3,19.1,3,4.7,Mild Deficit
USR-03586,27,Female,Healthcare / Shift Worker,Intermediate,52,TikTok / Reels,15,0,0,34,33.9,5.58,25.4,23.0,3,3.9,Moderate Debt
USR-03587,31,Male,Corporate 9-to-5,Night Owl,28,TikTok / Reels,43,1,0,82,30.0,5.45,26.9,17.7,3,3.9,Moderate Debt
USR-03588,43,Male,Remote Tech,Morning Lark,147,TikTok / Reels,61,1,0,8,84.3,5.12,19.0,18.8,5,6.9,Moderate Debt
USR-03589,22,Male,Healthcare / Shift Worker,Intermediate,81,Instagram / Reddit,57,1,0,42,41.1,3.94,22.9,23.4,5,7.7,Moderate Debt
USR-03590,24,Male,Remote Tech,Intermediate,48,TikTok / Reels,56,0,0,37,39.1,7.04,21.1,17.3,3,1.9,Mild Deficit
USR-03591,58,Female,Remote Tech,Night Owl,93,YouTube,74,1,0,72,59.0,3.77,24.2,24.8,6,8.7,Severe Sleep Debt
USR-03592,23,Female,Healthcare / Shift Worker,Night Owl,15,News / Reading,39,0,0,37,21.4,4.09,22.0,21.7,5,4.8,Moderate Debt
USR-03593,35,Female,Remote Tech,Intermediate,39,Instagram / Reddit,57,0,74,32,37.8,5.79,20.9,16.1,2,3.8,Moderate Debt
USR-03594,35,Male,Student,Night Owl,33,TikTok / Reels,28,0,0,41,31.2,6.57,22.1,21.7,2,2.4,Moderate Debt
USR-03595,32,Male,Corporate 9-to-5,Morning Lark,43,Streaming (Netflix/Hulu),45,0,0,64,27.6,7.65,26.1,20.2,2,1.0,Mild Deficit
USR-03596,38,Female,Corporate 9-to-5,Morning Lark,118,Messaging / Chat,80,0,0,33,66.3,5.86,19.6,22.4,3,5.6,Moderate Debt
USR-03597,25,Female,Remote Tech,Night Owl,132,TikTok / Reels,56,1,49,21,82.2,3.21,19.0,15.9,7,10.0,Severe Sleep Debt
USR-03598,34,Male,Remote Tech,Intermediate,61,Messaging / Chat,46,1,0,7,32.2,6.45,21.8,20.3,3,1.0,Moderate Debt
USR-03599,29,Male,Freelance / Creative,Morning Lark,35,TikTok / Reels,39,0,0,27,23.9,8.41,19.1,17.9,0,1.0,Optimal Recovery
USR-03600,38,Male,Freelance / Creative,Intermediate,21,Streaming (Netflix/Hulu),28,0,0,36,12.0,8.4,20.0,20.5,0,1.0,Optimal Recovery
USR-03601,22,Female,Healthcare / Shift Worker,Night Owl,122,TikTok / Reels,74,1,64,0,82.4,3.2,16.7,15.0,6,10.0,Severe Sleep Debt
USR-03602,35,Female,Corporate 9-to-5,Night Owl,73,Instagram / Reddit,98,0,0,10,51.9,3.69,17.0,18.5,5,10.0,Severe Sleep Debt
USR-03603,24,Non-Binary,Freelance / Creative,Night Owl,31,YouTube,47,0,0,39,36.5,4.98,20.7,20.1,2,3.9,Moderate Debt
USR-03604,26,Male,Student,Intermediate,33,Instagram / Reddit,19,0,0,1,34.2,6.27,18.1,23.1,3,3.1,Moderate Debt
USR-03605,24,Female,Remote Tech,Night Owl,59,Instagram / Reddit,86,1,55,47,43.7,5.39,21.1,16.8,3,5.8,Moderate Debt
USR-03606,23,Male,Student,Intermediate,14,Streaming (Netflix/Hulu),37,1,0,25,22.5,7.53,22.1,21.7,0,1.0,Mild Deficit
USR-03607,46,Male,Corporate 9-to-5,Intermediate,46,YouTube,63,0,66,14,42.6,7.46,17.4,17.0,1,1.7,Mild Deficit
USR-03608,26,Female,Corporate 9-to-5,Night Owl,29,Instagram / Reddit,66,0,0,44,15.3,6.14,23.2,17.4,3,3.4,Moderate Debt
USR-03609,55,Female,Healthcare / Shift Worker,Intermediate,94,TikTok / Reels,78,0,0,38,76.7,3.63,22.6,19.8,6,9.8,Severe Sleep Debt
USR-03610,60,Female,Student,Morning Lark,57,Instagram / Reddit,50,1,25,40,41.3,8.67,19.6,19.0,1,1.0,Optimal Recovery
USR-03611,35,Female,Remote Tech,Intermediate,36,Instagram / Reddit,64,1,0,39,26.1,8.67,26.2,20.6,2,1.0,Optimal Recovery
USR-03612,22,Male,Remote Tech,Intermediate,27,TikTok / Reels,49,1,0,31,29.0,7.96,18.7,18.1,1,1.0,Optimal Recovery
USR-03613,29,Female,Freelance / Creative,Morning Lark,142,TikTok / Reels,15,0,20,2,78.5,4.43,20.7,16.9,5,7.7,Moderate Debt
USR-03614,44,Male,Student,Morning Lark,126,Messaging / Chat,47,0,0,0,61.9,4.63,21.8,16.8,5,7.8,Moderate Debt
USR-03615,28,Non-Binary,Remote Tech,Intermediate,4,TikTok / Reels,62,0,0,0,11.5,9.11,24.0,19.4,0,1.0,Optimal Recovery
USR-03616,21,Female,Corporate 9-to-5,Morning Lark,133,TikTok / Reels,35,0,0,45,84.6,4.91,22.7,22.4,4,7.6,Moderate Debt
USR-03617,34,Female,Corporate 9-to-5,Night Owl,25,Streaming (Netflix/Hulu),57,0,0,26,30.2,5.49,23.9,22.6,2,3.5,Moderate Debt
USR-03618,48,Male,Freelance / Creative,Intermediate,66,YouTube,60,0,0,28,41.1,6.37,21.6,18.8,3,3.3,Moderate Debt
USR-03619,44,Male,Remote Tech,Morning Lark,59,YouTube,82,1,20,0,35.2,8.95,19.8,17.5,0,1.0,Optimal Recovery
USR-03620,23,Male,Remote Tech,Intermediate,21,YouTube,36,0,48,4,17.3,7.13,19.2,18.4,2,1.3,Mild Deficit
USR-03621,39,Female,Remote Tech,Night Owl,85,TikTok / Reels,60,1,133,7,51.9,4.31,16.7,15.8,5,7.8,Moderate Debt
USR-03622,25,Female,Healthcare / Shift Worker,Morning Lark,28,Messaging / Chat,33,1,129,6,33.0,7.52,20.3,17.4,1,1.3,Mild Deficit
USR-03623,24,Male,Student,Morning Lark,59,Messaging / Chat,11,1,0,29,28.5,7.78,21.9,21.3,1,1.0,Optimal Recovery
USR-03624,50,Non-Binary,Student,Night Owl,168,Instagram / Reddit,45,0,0,17,86.2,3.2,18.3,16.8,6,10.0,Severe Sleep Debt
USR-03625,25,Female,Remote Tech,Intermediate,44,TikTok / Reels,44,1,77,65,47.1,7.71,24.8,17.8,2,1.4,Mild Deficit
USR-03626,26,Male,Corporate 9-to-5,Night Owl,50,YouTube,62,1,0,50,31.0,5.04,22.2,20.2,2,4.2,Moderate Debt
USR-03627,18,Female,Freelance / Creative,Intermediate,48,TikTok / Reels,78,0,0,79,42.2,7.0,23.9,17.8,1,1.0,Mild Deficit
USR-03628,50,Non-Binary,Freelance / Creative,Morning Lark,31,YouTube,57,0,184,38,29.8,8.49,18.6,17.7,1,1.0,Optimal Recovery
USR-03629,44,Male,Freelance / Creative,Morning Lark,11,TikTok / Reels,42,1,100,0,17.7,7.98,19.8,19.6,0,1.0,Optimal Recovery
USR-03630,37,Female,Freelance / Creative,Morning Lark,44,Streaming (Netflix/Hulu),39,1,163,112,41.6,7.45,20.1,20.1,2,2.4,Mild Deficit
USR-03631,42,Male,Healthcare / Shift Worker,Night Owl,17,YouTube,78,0,0,22,25.0,5.32,22.1,20.4,3,3.9,Moderate Debt
USR-03632,23,Female,Student,Night Owl,79,YouTube,69,1,94,45,51.7,5.09,21.6,15.5,3,5.2,Moderate Debt
USR-03633,31,Female,Healthcare / Shift Worker,Night Owl,45,TikTok / Reels,37,0,0,52,34.8,4.34,23.8,18.1,4,5.5,Moderate Debt
USR-03634,28,Female,Student,Night Owl,14,YouTube,28,1,81,42,36.2,5.21,21.4,18.5,5,5.2,Moderate Debt
USR-03635,21,Female,Corporate 9-to-5,Night Owl,127,TikTok / Reels,37,0,78,8,94.8,3.54,18.1,18.3,7,10.0,Severe Sleep Debt
USR-03636,32,Female,Remote Tech,Intermediate,38,News / Reading,75,0,0,28,32.6,7.24,19.5,21.9,1,1.0,Mild Deficit
USR-03637,54,Male,Freelance / Creative,Night Owl,51,Instagram / Reddit,36,0,89,8,38.0,5.45,23.6,17.6,3,3.8,Moderate Debt
USR-03638,19,Male,Remote Tech,Morning Lark,52,TikTok / Reels,64,1,0,33,34.1,8.62,27.9,19.7,2,1.0,Optimal Recovery
USR-03639,26,Female,Healthcare / Shift Worker,Intermediate,100,TikTok / Reels,89,0,134,6,73.7,3.2,15.6,13.9,6,10.0,Severe Sleep Debt
USR-03640,24,Male,Corporate 9-to-5,Intermediate,49,TikTok / Reels,39,1,0,35,39.9,6.3,24.3,19.1,3,2.4,Moderate Debt
USR-03641,25,Male,Corporate 9-to-5,Night Owl,40,YouTube,47,0,44,33,28.3,4.57,20.2,17.1,4,5.6,Moderate Debt
USR-03642,53,Male,Remote Tech,Intermediate,35,TikTok / Reels,54,0,0,69,28.2,6.43,28.0,15.2,1,1.4,Moderate Debt
USR-03643,31,Male,Corporate 9-to-5,Night Owl,32,Instagram / Reddit,23,1,0,45,25.8,5.68,21.2,17.1,2,2.6,Moderate Debt
USR-03644,31,Female,Corporate 9-to-5,Intermediate,18,YouTube,41,0,0,36,19.7,7.55,24.0,16.8,1,1.0,Mild Deficit
USR-03645,43,Female,Corporate 9-to-5,Night Owl,38,Streaming (Netflix/Hulu),59,0,0,20,24.5,5.5,24.6,20.5,2,4.2,Moderate Debt
USR-03646,23,Male,Healthcare / Shift Worker,Night Owl,43,YouTube,36,0,97,29,29.1,5.51,24.7,15.0,2,3.9,Moderate Debt
USR-03647,32,Female,Corporate 9-to-5,Morning Lark,100,Messaging / Chat,98,0,0,8,67.8,6.38,15.8,21.5,5,6.7,Moderate Debt
USR-03648,30,Female,Corporate 9-to-5,Night Owl,98,News / Reading,45,0,111,51,46.1,4.65,20.9,19.5,4,6.8,Moderate Debt
USR-03649,36,Female,Corporate 9-to-5,Intermediate,36,News / Reading,51,1,31,44,17.3,8.68,20.9,21.9,0,1.0,Optimal Recovery
USR-03650,65,Female,Student,Intermediate,17,YouTube,44,0,25,0,8.7,8.05,19.1,20.3,3,1.0,Optimal Recovery
USR-03651,43,Female,Student,Night Owl,26,Streaming (Netflix/Hulu),50,0,0,51,25.0,6.0,22.5,24.3,2,2.9,Moderate Debt
USR-03652,29,Female,Student,Intermediate,60,YouTube,41,1,0,36,27.6,5.88,27.3,21.4,2,2.8,Moderate Debt
USR-03653,46,Female,Remote Tech,Intermediate,29,Instagram / Reddit,13,0,0,75,22.1,5.94,26.9,18.7,2,2.1,Moderate Debt
USR-03654,23,Male,Corporate 9-to-5,Intermediate,53,Streaming (Netflix/Hulu),48,1,0,7,32.7,6.99,19.9,20.9,2,2.2,Mild Deficit
USR-03655,19,Male,Student,Morning Lark,10,TikTok / Reels,91,0,0,84,20.6,9.8,27.6,17.3,0,1.0,Optimal Recovery
USR-03656,24,Female,Healthcare / Shift Worker,Intermediate,109,YouTube,88,0,0,50,72.8,4.1,18.0,19.8,6,9.9,Severe Sleep Debt
USR-03657,28,Female,Corporate 9-to-5,Intermediate,48,YouTube,34,0,0,45,28.3,7.23,22.6,19.8,0,1.0,Mild Deficit
USR-03658,33,Female,Remote Tech,Night Owl,42,TikTok / Reels,23,0,151,22,43.4,4.59,23.9,16.3,5,6.8,Moderate Debt
USR-03659,36,Female,Corporate 9-to-5,Morning Lark,79,Messaging / Chat,14,0,118,0,50.2,7.04,24.7,15.7,3,2.9,Mild Deficit
USR-03660,53,Female,Corporate 9-to-5,Intermediate,39,YouTube,36,1,0,38,27.0,7.22,21.2,20.1,1,1.0,Mild Deficit
USR-03661,33,Female,Student,Night Owl,12,Streaming (Netflix/Hulu),44,1,0,52,18.2,7.02,27.1,21.8,2,1.0,Mild Deficit
USR-03662,32,Male,Remote Tech,Night Owl,45,News / Reading,63,0,79,46,26.0,5.11,23.5,23.2,3,5.0,Moderate Debt
USR-03663,19,Male,Corporate 9-to-5,Night Owl,48,Instagram / Reddit,47,1,55,34,38.3,6.23,23.9,18.6,2,3.9,Moderate Debt
USR-03664,19,Female,Corporate 9-to-5,Intermediate,57,Streaming (Netflix/Hulu),73,0,90,39,45.2,5.95,18.1,18.9,3,4.6,Moderate Debt
USR-03665,34,Female,Freelance / Creative,Intermediate,149,TikTok / Reels,67,0,0,21,84.0,3.83,21.3,18.1,6,10.0,Severe Sleep Debt
USR-03666,30,Male,Healthcare / Shift Worker,Intermediate,72,Instagram / Reddit,62,1,0,34,41.8,5.48,21.0,23.5,3,5.8,Moderate Debt
USR-03667,47,Male,Healthcare / Shift Worker,Morning Lark,54,Instagram / Reddit,53,1,74,26,41.0,6.85,21.5,18.9,3,1.8,Mild Deficit
USR-03668,23,Male,Remote Tech,Night Owl,83,Instagram / Reddit,75,0,0,20,53.7,5.01,21.5,18.8,5,5.8,Moderate Debt
USR-03669,18,Male,Student,Intermediate,13,TikTok / Reels,68,0,0,0,16.8,6.76,20.0,19.2,3,2.1,Mild Deficit
USR-03670,31,Female,Remote Tech,Intermediate,104,Streaming (Netflix/Hulu),26,1,59,35,48.1,7.15,20.8,20.6,2,3.6,Mild Deficit
USR-03671,25,Female,Corporate 9-to-5,Intermediate,78,TikTok / Reels,66,1,0,55,48.2,5.97,18.0,19.7,2,4.6,Moderate Debt
USR-03672,19,Male,Remote Tech,Intermediate,109,TikTok / Reels,44,0,0,0,59.3,5.43,17.4,16.3,6,6.7,Moderate Debt
USR-03673,41,Female,Remote Tech,Intermediate,39,Instagram / Reddit,73,0,20,54,29.3,6.12,23.8,22.0,3,3.2,Moderate Debt
USR-03674,21,Non-Binary,Corporate 9-to-5,Night Owl,65,Instagram / Reddit,68,1,30,44,43.0,4.61,23.2,20.5,5,6.9,Moderate Debt
USR-03675,36,Male,Healthcare / Shift Worker,Morning Lark,41,News / Reading,89,0,0,50,14.1,7.53,22.3,19.1,1,1.0,Mild Deficit
USR-03676,26,Male,Corporate 9-to-5,Intermediate,142,Instagram / Reddit,15,0,109,12,72.0,5.81,23.4,15.6,5,7.1,Moderate Debt
USR-03677,23,Female,Remote Tech,Morning Lark,42,YouTube,61,1,89,31,23.3,7.42,19.3,14.7,2,1.8,Mild Deficit
USR-03678,29,Male,Corporate 9-to-5,Morning Lark,23,TikTok / Reels,42,0,123,37,25.8,8.39,26.7,14.1,0,1.0,Optimal Recovery
USR-03679,45,Female,Remote Tech,Intermediate,27,TikTok / Reels,98,0,73,54,56.6,7.77,20.3,18.6,3,4.0,Optimal Recovery
USR-03680,29,Female,Corporate 9-to-5,Morning Lark,58,Instagram / Reddit,10,1,100,15,47.1,7.36,19.1,15.6,2,2.9,Mild Deficit
USR-03681,42,Female,Corporate 9-to-5,Morning Lark,77,YouTube,64,1,0,38,48.1,5.18,24.7,16.1,4,4.9,Moderate Debt
USR-03682,22,Male,Remote Tech,Night Owl,27,Instagram / Reddit,66,0,0,41,38.3,5.08,15.6,19.8,4,6.8,Moderate Debt
USR-03683,43,Male,Remote Tech,Intermediate,73,TikTok / Reels,12,1,0,66,41.9,6.25,24.2,17.0,2,2.9,Moderate Debt
USR-03684,25,Female,Remote Tech,Morning Lark,104,TikTok / Reels,65,0,160,19,80.6,5.93,15.2,19.5,5,7.5,Moderate Debt
USR-03685,39,Female,Corporate 9-to-5,Morning Lark,96,Streaming (Netflix/Hulu),15,1,181,23,58.9,7.53,22.4,16.8,4,2.7,Mild Deficit
USR-03686,35,Male,Remote Tech,Morning Lark,73,Messaging / Chat,41,1,0,57,32.0,6.47,23.8,25.4,3,2.4,Moderate Debt
USR-03687,55,Male,Remote Tech,Intermediate,78,YouTube,63,1,63,42,48.8,5.93,23.9,17.9,3,4.0,Moderate Debt
USR-03688,29,Male,Corporate 9-to-5,Intermediate,68,TikTok / Reels,35,0,0,60,42.0,7.24,21.0,17.6,2,1.0,Mild Deficit
USR-03689,20,Male,Healthcare / Shift Worker,Intermediate,14,Messaging / Chat,57,0,0,37,23.6,6.63,21.3,18.7,3,1.5,Moderate Debt
USR-03690,18,Female,Remote Tech,Morning Lark,87,Instagram / Reddit,55,0,0,40,55.2,7.4,19.0,20.8,2,2.3,Mild Deficit
USR-03691,46,Male,Corporate 9-to-5,Intermediate,38,Messaging / Chat,66,1,20,6,38.3,7.82,21.9,18.4,1,1.0,Optimal Recovery
USR-03692,33,Female,Freelance / Creative,Intermediate,100,YouTube,34,0,0,0,52.6,5.16,21.0,18.3,4,5.4,Moderate Debt
USR-03693,43,Male,Healthcare / Shift Worker,Intermediate,32,Instagram / Reddit,74,1,0,21,26.0,5.53,20.7,17.2,3,3.5,Moderate Debt
USR-03694,25,Male,Freelance / Creative,Night Owl,41,TikTok / Reels,10,1,20,33,43.5,6.41,22.7,17.4,3,2.8,Moderate Debt
USR-03695,28,Female,Student,Intermediate,61,TikTok / Reels,85,1,86,32,51.2,5.84,22.1,16.8,3,4.0,Moderate Debt
USR-03696,19,Female,Remote Tech,Morning Lark,173,TikTok / Reels,50,0,0,29,93.7,5.25,19.5,20.4,5,9.0,Severe Sleep Debt
USR-03697,59,Male,Corporate 9-to-5,Night Owl,63,YouTube,52,0,0,53,30.8,4.74,19.2,19.8,4,5.7,Moderate Debt
USR-03698,38,Female,Student,Morning Lark,63,News / Reading,61,0,0,41,47.2,7.91,22.9,18.8,1,1.3,Optimal Recovery
USR-03699,56,Female,Freelance / Creative,Intermediate,24,Instagram / Reddit,59,1,0,42,26.4,7.72,21.3,17.8,2,1.0,Mild Deficit
USR-03700,26,Male,Student,Night Owl,20,Instagram / Reddit,55,0,0,30,31.1,6.33,26.3,17.2,3,1.3,Moderate Debt
USR-03701,36,Female,Healthcare / Shift Worker,Intermediate,37,News / Reading,80,0,70,0,21.7,5.72,18.0,22.2,3,3.4,Moderate Debt
USR-03702,39,Male,Corporate 9-to-5,Night Owl,76,YouTube,24,0,135,56,53.3,3.94,20.4,19.5,6,9.3,Severe Sleep Debt
USR-03703,27,Female,Remote Tech,Morning Lark,63,TikTok / Reels,36,1,0,33,46.9,8.4,21.9,18.0,1,1.0,Optimal Recovery
USR-03704,48,Male,Freelance / Creative,Intermediate,51,YouTube,64,0,0,11,37.6,6.8,21.9,18.1,1,2.1,Mild Deficit
USR-03705,57,Female,Student,Morning Lark,39,Messaging / Chat,48,0,0,80,56.3,7.77,25.8,19.8,2,1.0,Optimal Recovery
USR-03706,51,Female,Freelance / Creative,Intermediate,87,Streaming (Netflix/Hulu),81,0,0,62,43.3,5.52,20.3,20.5,4,7.0,Moderate Debt
USR-03707,42,Male,Student,Intermediate,125,Instagram / Reddit,100,0,21,37,83.4,4.7,19.0,15.7,6,9.2,Severe Sleep Debt
USR-03708,26,Male,Remote Tech,Intermediate,83,Streaming (Netflix/Hulu),55,0,0,19,34.6,5.97,19.2,20.8,3,4.6,Moderate Debt
USR-03709,26,Female,Remote Tech,Morning Lark,110,TikTok / Reels,21,0,0,0,62.5,7.01,18.2,15.6,3,4.2,Mild Deficit
USR-03710,59,Female,Freelance / Creative,Morning Lark,48,YouTube,37,0,0,39,28.9,8.63,23.9,18.0,0,1.0,Optimal Recovery
USR-03711,18,Male,Remote Tech,Intermediate,77,YouTube,14,1,20,12,45.4,6.3,23.2,18.8,3,5.3,Moderate Debt
USR-03712,41,Female,Corporate 9-to-5,Night Owl,151,Messaging / Chat,67,1,0,34,65.7,3.53,15.2,19.9,5,8.6,Severe Sleep Debt
USR-03713,40,Non-Binary,Remote Tech,Night Owl,110,YouTube,36,0,0,39,58.6,3.49,19.3,17.5,6,9.0,Severe Sleep Debt
USR-03714,37,Non-Binary,Remote Tech,Night Owl,137,YouTube,52,1,0,50,66.1,3.2,24.7,18.2,6,10.0,Severe Sleep Debt
USR-03715,63,Male,Corporate 9-to-5,Intermediate,111,Instagram / Reddit,49,1,0,53,56.4,5.24,24.7,19.8,4,5.3,Moderate Debt
USR-03716,27,Female,Student,Morning Lark,128,TikTok / Reels,78,1,0,19,79.1,6.39,24.6,18.4,5,6.1,Moderate Debt
USR-03717,28,Female,Corporate 9-to-5,Intermediate,38,Instagram / Reddit,56,0,34,61,37.8,7.99,19.7,22.7,2,2.1,Optimal Recovery
USR-03718,20,Male,Remote Tech,Intermediate,32,YouTube,50,0,0,36,34.4,6.84,20.1,18.0,1,1.0,Mild Deficit
USR-03719,30,Female,Healthcare / Shift Worker,Morning Lark,47,Instagram / Reddit,37,0,0,18,30.3,7.15,25.4,19.6,3,2.2,Mild Deficit
USR-03720,26,Female,Remote Tech,Intermediate,41,Streaming (Netflix/Hulu),67,0,29,53,41.9,5.53,22.0,17.3,4,5.8,Moderate Debt
USR-03721,28,Female,Healthcare / Shift Worker,Morning Lark,35,Instagram / Reddit,33,0,0,72,19.1,5.93,27.1,22.4,2,1.7,Moderate Debt
USR-03722,47,Female,Corporate 9-to-5,Intermediate,129,TikTok / Reels,30,0,0,45,84.9,5.12,20.9,21.9,6,7.6,Moderate Debt
USR-03723,56,Female,Freelance / Creative,Morning Lark,21,Instagram / Reddit,43,0,20,37,18.1,7.66,21.1,20.9,0,1.0,Mild Deficit
USR-03724,24,Female,Corporate 9-to-5,Morning Lark,110,TikTok / Reels,97,0,0,55,83.4,6.39,19.5,22.3,4,5.7,Moderate Debt
USR-03725,29,Male,Corporate 9-to-5,Intermediate,81,Streaming (Netflix/Hulu),53,1,138,2,68.3,6.34,20.1,17.8,4,5.5,Moderate Debt
USR-03726,55,Female,Healthcare / Shift Worker,Intermediate,2,Streaming (Netflix/Hulu),54,0,20,4,12.4,7.34,19.6,18.0,1,1.0,Mild Deficit
USR-03727,20,Female,Student,Intermediate,40,YouTube,61,1,0,53,40.8,6.37,22.9,18.2,3,3.9,Moderate Debt
USR-03728,21,Female,Corporate 9-to-5,Night Owl,36,Streaming (Netflix/Hulu),60,0,70,58,26.9,5.3,22.7,13.8,3,4.6,Moderate Debt
USR-03729,23,Male,Freelance / Creative,Morning Lark,30,YouTube,51,0,0,16,32.8,8.56,20.0,14.7,2,1.0,Optimal Recovery
USR-03730,36,Female,Remote Tech,Night Owl,29,Messaging / Chat,36,0,0,11,21.4,7.35,27.5,21.9,2,1.0,Mild Deficit
USR-03731,23,Male,Freelance / Creative,Morning Lark,33,TikTok / Reels,46,1,23,19,33.3,8.23,23.4,16.1,0,1.0,Optimal Recovery
USR-03732,60,Non-Binary,Remote Tech,Intermediate,31,TikTok / Reels,51,0,98,54,34.7,7.57,22.8,13.8,1,1.0,Mild Deficit
USR-03733,31,Female,Remote Tech,Intermediate,40,Streaming (Netflix/Hulu),27,1,126,24,51.0,6.13,18.5,22.3,3,4.0,Moderate Debt
USR-03734,32,Female,Remote Tech,Night Owl,32,TikTok / Reels,51,1,0,21,32.5,5.32,21.7,18.7,3,4.6,Moderate Debt
USR-03735,25,Female,Corporate 9-to-5,Intermediate,36,Instagram / Reddit,59,0,0,17,25.9,7.05,19.5,21.8,1,1.0,Mild Deficit
USR-03736,31,Male,Remote Tech,Morning Lark,165,Streaming (Netflix/Hulu),44,1,0,41,74.0,5.46,23.6,20.2,4,5.8,Moderate Debt
USR-03737,38,Male,Remote Tech,Intermediate,75,Streaming (Netflix/Hulu),80,1,135,9,62.2,5.66,17.2,16.3,2,5.7,Moderate Debt
USR-03738,42,Male,Corporate 9-to-5,Intermediate,119,Messaging / Chat,61,1,0,36,54.1,4.93,19.0,26.1,4,5.7,Moderate Debt
USR-03739,42,Female,Corporate 9-to-5,Intermediate,21,Instagram / Reddit,40,1,0,0,27.2,6.85,17.9,18.3,1,1.5,Mild Deficit
USR-03740,35,Non-Binary,Corporate 9-to-5,Morning Lark,35,Messaging / Chat,47,1,0,24,27.4,8.54,18.1,21.4,1,1.0,Optimal Recovery
USR-03741,53,Female,Healthcare / Shift Worker,Intermediate,28,Instagram / Reddit,80,1,0,29,32.5,5.47,18.5,19.3,4,5.9,Moderate Debt
USR-03742,46,Female,Remote Tech,Morning Lark,175,Instagram / Reddit,43,1,0,79,82.1,5.99,23.2,21.7,4,5.3,Moderate Debt
USR-03743,42,Male,Student,Night Owl,94,Instagram / Reddit,39,0,60,0,49.7,4.5,22.2,21.3,4,6.8,Moderate Debt
USR-03744,19,Male,Freelance / Creative,Intermediate,49,Messaging / Chat,38,0,0,53,34.2,6.75,23.0,18.3,3,2.0,Mild Deficit
USR-03745,18,Female,Student,Morning Lark,102,TikTok / Reels,56,1,78,38,70.0,5.66,18.7,16.9,5,7.5,Moderate Debt
USR-03746,24,Female,Freelance / Creative,Night Owl,47,Instagram / Reddit,59,1,30,58,29.9,5.54,20.7,14.5,4,3.7,Moderate Debt
USR-03747,38,Female,Corporate 9-to-5,Intermediate,48,YouTube,69,1,86,69,40.7,6.63,17.6,17.8,3,3.9,Moderate Debt
USR-03748,29,Female,Corporate 9-to-5,Intermediate,32,TikTok / Reels,40,1,157,36,48.5,7.51,18.3,17.8,2,2.8,Mild Deficit
USR-03749,29,Female,Remote Tech,Morning Lark,44,Messaging / Chat,85,1,0,16,35.0,8.17,22.0,22.4,1,1.0,Optimal Recovery
USR-03750,51,Non-Binary,Remote Tech,Intermediate,51,TikTok / Reels,65,1,37,81,41.4,7.87,23.8,22.0,2,1.0,Optimal Recovery
USR-03751,52,Male,Healthcare / Shift Worker,Intermediate,27,Streaming (Netflix/Hulu),47,1,44,54,28.9,6.55,26.3,21.2,3,2.2,Moderate Debt
USR-03752,53,Male,Remote Tech,Night Owl,112,Instagram / Reddit,72,1,0,0,64.6,4.08,18.7,18.6,4,7.2,Moderate Debt
USR-03753,27,Male,Corporate 9-to-5,Morning Lark,107,Streaming (Netflix/Hulu),93,0,0,70,69.2,5.59,23.0,20.2,4,6.9,Moderate Debt
USR-03754,39,Male,Student,Morning Lark,35,Streaming (Netflix/Hulu),65,1,151,15,42.7,8.14,16.8,15.4,1,1.1,Optimal Recovery
USR-03755,26,Male,Remote Tech,Night Owl,11,TikTok / Reels,90,1,179,44,28.5,8.17,22.2,13.3,1,2.6,Optimal Recovery
USR-03756,24,Male,Corporate 9-to-5,Night Owl,47,YouTube,35,0,70,72,36.2,4.85,25.5,21.4,3,5.1,Moderate Debt
USR-03757,24,Female,Remote Tech,Morning Lark,49,TikTok / Reels,16,1,0,24,37.8,7.63,21.5,17.0,1,1.0,Mild Deficit
USR-03758,28,Male,Freelance / Creative,Night Owl,94,YouTube,66,0,86,33,65.2,5.35,19.2,17.8,4,7.1,Moderate Debt
USR-03759,30,Male,Healthcare / Shift Worker,Morning Lark,57,Streaming (Netflix/Hulu),78,1,0,50,32.6,6.78,23.4,22.2,2,2.2,Mild Deficit
USR-03760,47,Male,Remote Tech,Night Owl,13,YouTube,28,1,23,12,20.0,7.06,23.6,19.8,0,1.0,Mild Deficit
USR-03761,22,Non-Binary,Remote Tech,Night Owl,46,Streaming (Netflix/Hulu),80,0,0,78,40.3,5.58,27.1,19.3,3,3.9,Moderate Debt
USR-03762,41,Female,Corporate 9-to-5,Morning Lark,59,TikTok / Reels,46,0,0,44,35.1,8.13,26.4,16.3,1,1.0,Optimal Recovery
USR-03763,33,Male,Remote Tech,Morning Lark,33,TikTok / Reels,67,1,30,111,22.7,8.48,25.2,16.6,1,1.0,Optimal Recovery
USR-03764,26,Female,Student,Morning Lark,98,TikTok / Reels,60,1,137,58,61.7,6.65,20.0,14.9,2,3.8,Moderate Debt
USR-03765,32,Male,Remote Tech,Morning Lark,98,YouTube,64,0,0,64,52.4,8.19,19.5,19.0,3,2.2,Optimal Recovery
USR-03766,27,Female,Corporate 9-to-5,Morning Lark,55,YouTube,66,1,58,21,43.6,7.94,19.6,21.0,2,1.8,Optimal Recovery
USR-03767,36,Female,Freelance / Creative,Night Owl,111,TikTok / Reels,53,1,124,46,75.8,4.47,22.1,19.9,6,10.0,Severe Sleep Debt
USR-03768,30,Female,Healthcare / Shift Worker,Intermediate,8,News / Reading,46,1,247,49,47.4,6.53,21.5,12.4,4,4.2,Moderate Debt
USR-03769,23,Male,Student,Intermediate,67,News / Reading,62,1,0,47,24.5,7.1,22.9,14.5,2,2.4,Mild Deficit
USR-03770,21,Female,Corporate 9-to-5,Night Owl,70,YouTube,49,0,0,3,50.2,4.62,17.0,25.5,3,5.7,Moderate Debt
USR-03771,34,Male,Corporate 9-to-5,Intermediate,41,Instagram / Reddit,41,1,25,39,39.1,6.32,23.5,19.6,3,3.6,Moderate Debt
USR-03772,52,Female,Corporate 9-to-5,Intermediate,9,News / Reading,61,0,0,23,25.5,6.35,25.7,22.3,2,1.3,Moderate Debt
USR-03773,28,Male,Student,Morning Lark,44,Instagram / Reddit,43,0,0,32,25.0,8.84,22.1,21.5,0,1.0,Optimal Recovery
USR-03774,41,Male,Corporate 9-to-5,Intermediate,37,TikTok / Reels,51,0,0,54,27.9,7.44,27.2,15.7,2,1.0,Mild Deficit
USR-03775,38,Female,Healthcare / Shift Worker,Morning Lark,124,Messaging / Chat,44,1,0,27,58.8,3.54,18.6,19.9,5,9.6,Severe Sleep Debt
USR-03776,55,Female,Freelance / Creative,Night Owl,83,YouTube,86,0,47,79,44.9,5.98,20.3,20.8,4,5.3,Moderate Debt
USR-03777,46,Male,Remote Tech,Intermediate,54,Instagram / Reddit,57,1,0,54,25.3,7.5,28.0,20.4,0,1.0,Mild Deficit
USR-03778,35,Male,Remote Tech,Intermediate,49,Instagram / Reddit,23,1,20,44,39.9,6.15,26.5,19.4,4,5.0,Moderate Debt
USR-03779,38,Male,Student,Intermediate,129,Streaming (Netflix/Hulu),80,1,0,43,52.9,5.43,24.7,18.5,5,6.5,Moderate Debt
USR-03780,52,Female,Freelance / Creative,Intermediate,10,TikTok / Reels,19,0,0,39,22.8,7.12,21.4,20.6,2,1.2,Mild Deficit
USR-03781,29,Female,Healthcare / Shift Worker,Intermediate,11,TikTok / Reels,98,0,0,71,17.8,6.34,28.0,19.9,2,3.4,Moderate Debt
USR-03782,27,Non-Binary,Corporate 9-to-5,Intermediate,165,Streaming (Netflix/Hulu),56,1,0,0,69.3,4.35,12.6,20.8,6,8.7,Severe Sleep Debt
USR-03783,18,Female,Corporate 9-to-5,Night Owl,44,Streaming (Netflix/Hulu),43,0,26,54,23.3,5.89,23.0,22.9,1,2.4,Moderate Debt
USR-03784,46,Female,Student,Morning Lark,20,Instagram / Reddit,48,0,0,15,22.8,7.58,22.2,18.3,1,1.0,Mild Deficit
USR-03785,45,Female,Student,Morning Lark,11,Streaming (Netflix/Hulu),23,1,96,30,30.2,9.39,20.5,22.0,0,1.0,Optimal Recovery
USR-03786,21,Male,Corporate 9-to-5,Intermediate,131,Instagram / Reddit,53,1,198,38,81.5,4.19,14.8,14.4,6,10.0,Severe Sleep Debt
USR-03787,35,Male,Remote Tech,Night Owl,26,Instagram / Reddit,46,1,0,19,36.4,5.88,18.2,18.9,3,3.0,Moderate Debt
USR-03788,31,Female,Healthcare / Shift Worker,Intermediate,23,YouTube,54,0,44,45,21.6,4.89,23.0,19.6,4,5.3,Moderate Debt
USR-03789,22,Female,Corporate 9-to-5,Intermediate,66,YouTube,73,0,0,86,50.2,7.24,23.5,17.6,3,2.3,Mild Deficit
USR-03790,62,Female,Healthcare / Shift Worker,Intermediate,87,News / Reading,61,1,143,49,42.2,4.01,19.8,14.9,3,8.4,Moderate Debt
USR-03791,24,Female,Corporate 9-to-5,Morning Lark,64,Streaming (Netflix/Hulu),32,1,72,30,39.4,6.89,23.4,16.0,3,2.1,Mild Deficit
USR-03792,20,Female,Healthcare / Shift Worker,Intermediate,64,YouTube,35,0,0,6,32.2,4.47,20.2,18.9,2,5.3,Moderate Debt
USR-03793,36,Non-Binary,Student,Night Owl,28,YouTube,60,0,133,11,38.9,5.04,15.6,15.7,4,6.3,Moderate Debt
USR-03794,42,Female,Corporate 9-to-5,Night Owl,66,Messaging / Chat,65,1,0,0,33.2,5.04,22.2,21.7,3,5.0,Moderate Debt
USR-03795,19,Female,Student,Morning Lark,117,Instagram / Reddit,54,0,0,31,75.2,5.58,24.7,18.6,5,6.4,Moderate Debt
USR-03796,38,Male,Healthcare / Shift Worker,Intermediate,69,Instagram / Reddit,66,1,0,41,38.7,5.64,22.7,17.2,2,4.3,Moderate Debt
USR-03797,33,Female,Freelance / Creative,Intermediate,31,TikTok / Reels,58,0,0,27,33.8,7.6,21.8,21.5,1,1.0,Mild Deficit
USR-03798,21,Male,Remote Tech,Morning Lark,90,Instagram / Reddit,58,1,0,23,56.3,6.53,20.8,16.4,3,3.6,Moderate Debt
USR-03799,23,Female,Student,Intermediate,32,TikTok / Reels,72,1,0,42,31.9,7.42,22.6,19.1,0,1.0,Mild Deficit
USR-03800,35,Female,Student,Morning Lark,55,Streaming (Netflix/Hulu),93,1,0,45,33.0,7.41,23.9,22.7,2,1.0,Mild Deficit
USR-03801,27,Male,Remote Tech,Intermediate,57,YouTube,61,0,79,41,50.2,6.33,25.3,21.4,3,3.8,Moderate Debt
USR-03802,56,Male,Healthcare / Shift Worker,Intermediate,167,Streaming (Netflix/Hulu),100,1,0,32,73.8,3.2,18.2,17.9,7,10.0,Severe Sleep Debt
USR-03803,46,Female,Corporate 9-to-5,Intermediate,71,Instagram / Reddit,58,0,26,21,57.5,5.46,18.5,22.9,4,5.4,Moderate Debt
USR-03804,62,Male,Corporate 9-to-5,Intermediate,25,Streaming (Netflix/Hulu),58,0,0,63,20.6,9.1,25.4,19.0,1,1.0,Optimal Recovery
USR-03805,26,Male,Remote Tech,Intermediate,23,TikTok / Reels,94,1,0,27,22.9,7.44,24.0,18.6,0,1.0,Mild Deficit
USR-03806,60,Female,Corporate 9-to-5,Intermediate,57,Streaming (Netflix/Hulu),52,0,0,58,31.9,6.75,20.9,22.8,3,2.0,Mild Deficit
USR-03807,30,Female,Freelance / Creative,Morning Lark,127,YouTube,19,1,0,27,64.4,6.51,25.3,17.6,3,3.6,Moderate Debt
USR-03808,28,Male,Student,Intermediate,9,YouTube,33,0,20,36,20.7,6.57,26.1,18.9,2,1.0,Moderate Debt
USR-03809,19,Female,Remote Tech,Night Owl,57,YouTube,73,1,0,42,29.7,6.43,25.6,21.1,2,1.1,Moderate Debt
USR-03810,19,Male,Healthcare / Shift Worker,Morning Lark,117,Instagram / Reddit,65,0,0,26,62.0,5.02,19.2,20.8,5,8.3,Moderate Debt
USR-03811,39,Male,Remote Tech,Intermediate,81,Streaming (Netflix/Hulu),36,1,0,12,32.5,6.13,21.9,23.6,3,2.6,Moderate Debt
USR-03812,31,Male,Remote Tech,Intermediate,145,Streaming (Netflix/Hulu),16,1,155,0,75.5,4.53,15.9,15.8,5,8.8,Severe Sleep Debt
USR-03813,25,Female,Corporate 9-to-5,Intermediate,45,TikTok / Reels,47,1,0,26,37.9,6.53,25.2,19.9,2,1.8,Moderate Debt
USR-03814,36,Female,Remote Tech,Intermediate,24,YouTube,79,1,20,37,28.2,7.5,21.0,20.1,2,1.0,Mild Deficit
USR-03815,25,Male,Corporate 9-to-5,Intermediate,45,TikTok / Reels,53,0,139,50,51.6,5.94,19.2,16.8,4,6.1,Moderate Debt
USR-03816,35,Female,Student,Morning Lark,26,YouTube,48,1,54,75,23.1,9.17,25.6,17.1,0,1.0,Optimal Recovery
USR-03817,28,Female,Remote Tech,Intermediate,162,Instagram / Reddit,33,0,0,47,74.2,4.85,23.7,18.0,3,7.6,Moderate Debt
USR-03818,46,Female,Corporate 9-to-5,Intermediate,60,YouTube,49,0,0,39,40.4,5.82,21.3,17.7,3,4.5,Moderate Debt
USR-03819,46,Female,Remote Tech,Morning Lark,69,Instagram / Reddit,66,0,0,31,66.5,6.38,16.4,23.0,3,4.9,Moderate Debt
USR-03820,32,Non-Binary,Corporate 9-to-5,Intermediate,24,Messaging / Chat,51,1,0,43,20.3,7.35,26.9,18.8,3,1.0,Mild Deficit
USR-03821,28,Female,Freelance / Creative,Intermediate,35,Instagram / Reddit,52,1,75,52,28.6,7.57,22.5,19.6,1,1.0,Mild Deficit
USR-03822,28,Male,Corporate 9-to-5,Night Owl,97,Instagram / Reddit,77,1,0,77,49.1,3.95,28.0,22.5,6,7.8,Moderate Debt
USR-03823,45,Female,Healthcare / Shift Worker,Morning Lark,52,Messaging / Chat,39,1,0,39,28.7,5.97,23.7,20.2,4,2.6,Moderate Debt
USR-03824,27,Male,Remote Tech,Night Owl,40,YouTube,64,1,0,22,24.5,5.15,19.4,17.0,3,5.0,Moderate Debt
USR-03825,24,Female,Student,Intermediate,58,Instagram / Reddit,52,1,0,28,40.9,6.18,23.1,22.6,1,3.8,Moderate Debt
USR-03826,20,Male,Corporate 9-to-5,Intermediate,41,TikTok / Reels,88,1,0,14,29.1,7.27,18.9,20.5,0,1.3,Mild Deficit
USR-03827,31,Male,Freelance / Creative,Morning Lark,6,TikTok / Reels,72,0,157,97,39.7,8.55,23.9,13.4,2,1.0,Optimal Recovery
USR-03828,32,Female,Corporate 9-to-5,Intermediate,18,YouTube,82,0,0,6,26.7,7.73,21.8,19.1,1,1.0,Mild Deficit
USR-03829,47,Male,Remote Tech,Night Owl,56,YouTube,67,0,20,28,35.6,4.59,22.9,16.5,3,6.6,Moderate Debt
USR-03830,25,Female,Freelance / Creative,Intermediate,97,YouTube,45,1,83,32,61.5,6.5,19.8,14.4,4,4.7,Moderate Debt
USR-03831,29,Male,Healthcare / Shift Worker,Intermediate,37,TikTok / Reels,83,1,167,39,49.9,5.55,15.1,18.5,3,6.4,Moderate Debt
USR-03832,45,Non-Binary,Remote Tech,Intermediate,129,News / Reading,62,0,0,31,50.7,5.71,17.9,18.0,4,5.0,Moderate Debt
USR-03833,46,Male,Freelance / Creative,Intermediate,96,Messaging / Chat,59,0,0,26,50.8,6.01,19.2,25.7,3,4.7,Moderate Debt
USR-03834,29,Male,Student,Intermediate,104,News / Reading,39,0,89,25,39.7,5.33,16.6,19.4,4,5.7,Moderate Debt
USR-03835,31,Female,Corporate 9-to-5,Night Owl,16,Messaging / Chat,70,0,98,47,23.4,5.58,22.8,18.6,2,3.9,Moderate Debt
USR-03836,27,Female,Remote Tech,Intermediate,93,Messaging / Chat,46,0,56,39,48.8,5.15,18.8,20.2,4,6.1,Moderate Debt
USR-03837,56,Female,Corporate 9-to-5,Morning Lark,35,YouTube,44,0,0,35,30.7,7.74,19.9,16.8,1,1.0,Mild Deficit
USR-03838,22,Female,Corporate 9-to-5,Intermediate,134,YouTube,61,0,36,29,66.7,6.04,16.2,16.4,4,6.4,Moderate Debt
USR-03839,56,Male,Student,Night Owl,45,YouTube,43,1,54,28,30.6,6.26,19.7,17.3,1,1.4,Moderate Debt
USR-03840,39,Female,Remote Tech,Night Owl,34,Streaming (Netflix/Hulu),40,1,82,65,25.1,5.41,24.5,17.1,2,3.5,Moderate Debt
USR-03841,33,Male,Corporate 9-to-5,Intermediate,35,Messaging / Chat,36,0,0,44,27.9,7.13,27.9,15.7,2,1.7,Mild Deficit
USR-03842,19,Female,Healthcare / Shift Worker,Night Owl,84,YouTube,76,1,96,51,63.9,3.2,21.6,18.9,6,10.0,Severe Sleep Debt
USR-03843,31,Female,Corporate 9-to-5,Morning Lark,15,YouTube,84,1,0,71,25.6,7.93,25.4,20.1,1,1.0,Optimal Recovery
USR-03844,29,Male,Freelance / Creative,Morning Lark,62,YouTube,93,0,0,66,38.6,6.54,22.2,21.1,3,4.1,Moderate Debt
USR-03845,23,Female,Freelance / Creative,Morning Lark,50,TikTok / Reels,74,0,44,27,38.0,7.96,23.3,18.4,2,1.0,Optimal Recovery
USR-03846,38,Male,Freelance / Creative,Morning Lark,28,Streaming (Netflix/Hulu),10,1,0,26,23.6,9.8,24.7,17.3,0,1.0,Optimal Recovery
USR-03847,60,Female,Healthcare / Shift Worker,Morning Lark,103,Instagram / Reddit,61,1,44,22,74.1,4.9,24.1,19.2,7,7.7,Moderate Debt
USR-03848,34,Male,Corporate 9-to-5,Intermediate,79,Messaging / Chat,50,1,36,20,43.2,6.19,20.6,18.6,3,3.9,Moderate Debt
USR-03849,40,Female,Remote Tech,Intermediate,30,News / Reading,100,1,0,55,23.1,6.51,25.4,20.0,1,1.0,Moderate Debt
USR-03850,20,Female,Corporate 9-to-5,Intermediate,21,TikTok / Reels,63,1,0,37,17.3,6.29,25.0,22.8,2,1.0,Moderate Debt
USR-03851,30,Male,Corporate 9-to-5,Intermediate,47,News / Reading,38,0,0,33,18.3,7.8,27.8,21.5,1,1.0,Optimal Recovery
USR-03852,21,Male,Student,Night Owl,81,Messaging / Chat,40,0,0,49,44.5,5.23,22.1,17.4,4,4.7,Moderate Debt
USR-03853,36,Female,Corporate 9-to-5,Morning Lark,70,Streaming (Netflix/Hulu),20,1,0,63,33.7,7.09,25.0,17.9,1,1.0,Mild Deficit
USR-03854,56,Female,Freelance / Creative,Intermediate,82,Messaging / Chat,54,0,0,63,39.2,5.78,28.0,15.3,3,3.1,Moderate Debt
USR-03855,38,Male,Freelance / Creative,Intermediate,10,TikTok / Reels,24,1,72,62,32.6,7.67,25.3,15.1,1,1.0,Mild Deficit
USR-03856,20,Female,Remote Tech,Night Owl,27,News / Reading,15,1,0,15,15.7,6.21,22.9,19.1,2,2.6,Moderate Debt
USR-03857,28,Male,Remote Tech,Morning Lark,66,YouTube,36,1,63,60,48.7,6.98,23.3,17.3,3,2.4,Mild Deficit
USR-03858,34,Male,Remote Tech,Morning Lark,30,News / Reading,35,0,78,26,17.9,9.2,24.0,20.4,0,1.0,Optimal Recovery
USR-03859,29,Female,Healthcare / Shift Worker,Intermediate,105,YouTube,56,0,0,48,48.4,3.87,22.9,16.7,6,7.7,Moderate Debt
USR-03860,47,Female,Student,Night Owl,44,Messaging / Chat,63,1,0,42,42.5,5.44,27.7,21.0,3,4.6,Moderate Debt
USR-03861,45,Male,Corporate 9-to-5,Intermediate,22,Instagram / Reddit,55,0,0,0,22.7,7.88,25.0,22.4,0,1.0,Optimal Recovery
USR-03862,36,Female,Remote Tech,Intermediate,20,YouTube,53,1,0,29,16.3,7.2,23.4,19.3,1,1.0,Mild Deficit
USR-03863,29,Male,Remote Tech,Morning Lark,59,Messaging / Chat,63,1,134,64,59.4,7.74,15.9,18.1,1,3.1,Mild Deficit
USR-03864,26,Female,Freelance / Creative,Night Owl,24,Instagram / Reddit,78,1,82,61,28.0,4.91,22.7,17.5,3,4.3,Moderate Debt
USR-03865,21,Male,Corporate 9-to-5,Morning Lark,11,Streaming (Netflix/Hulu),35,0,0,36,14.9,8.26,20.8,20.9,1,1.0,Optimal Recovery
USR-03866,28,Female,Corporate 9-to-5,Morning Lark,30,YouTube,62,0,70,21,28.0,8.21,17.3,17.8,2,1.0,Optimal Recovery
USR-03867,30,Male,Healthcare / Shift Worker,Morning Lark,164,News / Reading,56,0,0,28,58.7,5.45,16.9,22.9,4,6.3,Moderate Debt
USR-03868,39,Female,Healthcare / Shift Worker,Intermediate,7,Streaming (Netflix/Hulu),63,0,38,59,9.7,7.57,22.5,17.7,1,1.0,Mild Deficit
USR-03869,38,Female,Healthcare / Shift Worker,Morning Lark,36,TikTok / Reels,51,0,23,60,28.9,5.13,27.1,19.5,2,3.7,Moderate Debt
USR-03870,20,Male,Remote Tech,Night Owl,35,Instagram / Reddit,37,0,27,74,40.8,6.09,20.4,22.6,3,4.0,Moderate Debt
USR-03871,29,Female,Student,Night Owl,31,TikTok / Reels,52,0,20,33,35.4,5.53,24.6,17.7,3,4.0,Moderate Debt
USR-03872,23,Female,Remote Tech,Intermediate,48,Streaming (Netflix/Hulu),40,0,0,95,32.5,6.36,22.2,16.7,2,3.0,Moderate Debt
USR-03873,23,Female,Corporate 9-to-5,Intermediate,64,TikTok / Reels,35,0,0,21,32.4,5.46,21.0,22.2,3,4.9,Moderate Debt
USR-03874,46,Female,Remote Tech,Morning Lark,91,Streaming (Netflix/Hulu),79,0,51,88,59.4,7.03,26.9,14.2,1,3.3,Mild Deficit
USR-03875,19,Male,Corporate 9-to-5,Intermediate,180,Instagram / Reddit,58,0,0,73,90.5,3.56,19.3,25.2,6,10.0,Severe Sleep Debt
USR-03876,30,Male,Corporate 9-to-5,Intermediate,82,Streaming (Netflix/Hulu),15,1,107,30,33.0,5.77,18.1,19.8,3,3.3,Moderate Debt
USR-03877,23,Female,Freelance / Creative,Morning Lark,104,Instagram / Reddit,10,1,0,49,50.2,6.39,18.4,24.2,3,3.1,Moderate Debt
USR-03878,50,Male,Corporate 9-to-5,Intermediate,37,Messaging / Chat,52,1,0,23,14.2,7.98,26.2,22.9,0,1.0,Optimal Recovery
USR-03879,34,Male,Freelance / Creative,Morning Lark,49,YouTube,42,1,0,38,30.4,8.33,18.2,18.5,0,1.0,Optimal Recovery
USR-03880,25,Male,Corporate 9-to-5,Night Owl,45,YouTube,55,1,76,65,32.9,4.18,21.7,17.8,4,6.4,Moderate Debt
USR-03881,32,Female,Corporate 9-to-5,Intermediate,32,TikTok / Reels,60,0,20,34,33.9,6.81,21.9,18.6,2,2.0,Mild Deficit
USR-03882,41,Male,Student,Night Owl,54,Instagram / Reddit,55,1,42,12,51.0,4.58,18.9,20.1,5,5.9,Moderate Debt
USR-03883,59,Female,Student,Night Owl,17,TikTok / Reels,39,0,0,4,26.3,6.84,24.1,17.6,1,1.0,Mild Deficit
USR-03884,25,Female,Remote Tech,Night Owl,35,Instagram / Reddit,74,0,33,22,27.8,4.02,23.8,19.2,6,6.5,Moderate Debt
USR-03885,51,Female,Healthcare / Shift Worker,Intermediate,114,YouTube,32,1,131,39,59.2,3.2,20.9,17.8,7,9.3,Severe Sleep Debt
USR-03886,56,Female,Corporate 9-to-5,Intermediate,59,Messaging / Chat,79,1,0,64,26.0,6.24,21.3,23.4,1,2.0,Moderate Debt
USR-03887,54,Male,Freelance / Creative,Intermediate,115,YouTube,67,0,66,23,58.5,5.4,20.8,16.9,3,5.9,Moderate Debt
USR-03888,37,Female,Corporate 9-to-5,Night Owl,60,YouTube,42,1,0,47,39.0,6.57,17.0,14.7,1,1.5,Moderate Debt
USR-03889,37,Male,Healthcare / Shift Worker,Intermediate,45,Instagram / Reddit,64,1,0,79,34.2,4.53,28.0,16.6,3,5.1,Moderate Debt
USR-03890,29,Female,Remote Tech,Night Owl,24,TikTok / Reels,48,1,0,1,22.9,7.84,20.7,19.1,2,1.0,Optimal Recovery
USR-03891,42,Male,Healthcare / Shift Worker,Morning Lark,52,YouTube,82,1,106,47,45.2,6.54,18.7,19.6,3,4.4,Moderate Debt
USR-03892,33,Male,Student,Intermediate,32,Messaging / Chat,42,0,173,23,27.1,7.55,16.5,17.0,1,1.0,Mild Deficit
USR-03893,39,Male,Corporate 9-to-5,Intermediate,19,Instagram / Reddit,71,0,0,14,28.1,6.91,21.4,16.8,1,1.0,Mild Deficit
USR-03894,30,Male,Freelance / Creative,Night Owl,26,YouTube,30,1,0,42,20.6,7.01,24.0,18.8,3,2.0,Mild Deficit
USR-03895,41,Male,Corporate 9-to-5,Morning Lark,72,TikTok / Reels,62,0,69,75,71.9,8.13,19.0,17.7,2,2.8,Optimal Recovery
USR-03896,46,Female,Corporate 9-to-5,Intermediate,112,Instagram / Reddit,61,1,0,35,57.5,4.94,22.4,14.7,4,7.0,Moderate Debt
USR-03897,22,Male,Healthcare / Shift Worker,Intermediate,76,Instagram / Reddit,68,1,0,20,40.3,4.3,23.2,19.9,5,7.4,Moderate Debt
USR-03898,47,Female,Corporate 9-to-5,Morning Lark,25,YouTube,65,0,0,13,16.3,8.2,18.3,18.2,0,1.0,Optimal Recovery
USR-03899,34,Male,Corporate 9-to-5,Intermediate,59,YouTube,49,0,20,41,37.6,7.1,26.0,20.9,1,1.2,Mild Deficit
USR-03900,48,Female,Remote Tech,Intermediate,42,YouTube,16,1,0,32,32.5,6.97,20.0,19.2,1,1.8,Mild Deficit
USR-03901,30,Male,Healthcare / Shift Worker,Morning Lark,66,News / Reading,28,0,155,17,48.4,5.68,18.2,18.4,3,5.6,Moderate Debt
USR-03902,29,Male,Corporate 9-to-5,Intermediate,35,YouTube,14,0,83,22,21.0,8.2,22.1,20.6,1,1.0,Optimal Recovery
USR-03903,54,Female,Remote Tech,Night Owl,87,YouTube,50,0,20,46,48.9,5.17,21.9,19.7,5,6.8,Moderate Debt
USR-03904,25,Female,Student,Night Owl,87,YouTube,78,0,202,23,64.3,4.28,17.8,16.0,6,10.0,Severe Sleep Debt
USR-03905,48,Non-Binary,Healthcare / Shift Worker,Intermediate,80,Messaging / Chat,40,1,90,27,50.9,5.55,20.7,18.1,4,5.8,Moderate Debt
USR-03906,32,Female,Freelance / Creative,Intermediate,57,TikTok / Reels,47,0,20,30,53.1,6.0,18.1,18.1,4,4.3,Moderate Debt
USR-03907,33,Female,Healthcare / Shift Worker,Intermediate,89,Instagram / Reddit,43,1,0,52,39.2,3.63,21.5,20.9,4,8.1,Moderate Debt
USR-03908,27,Female,Student,Night Owl,16,Streaming (Netflix/Hulu),60,1,70,45,21.9,4.71,21.2,20.4,4,5.3,Moderate Debt
USR-03909,35,Non-Binary,Remote Tech,Intermediate,41,YouTube,58,0,34,33,37.7,6.65,25.7,20.5,2,2.5,Moderate Debt
USR-03910,27,Non-Binary,Corporate 9-to-5,Intermediate,105,Messaging / Chat,47,0,0,46,46.4,6.17,20.9,17.8,2,4.2,Moderate Debt
USR-03911,19,Male,Student,Morning Lark,25,YouTube,36,1,0,41,24.8,8.3,20.9,21.5,0,1.0,Optimal Recovery
USR-03912,26,Male,Freelance / Creative,Intermediate,92,YouTube,68,1,115,54,48.1,5.55,26.4,14.8,4,4.2,Moderate Debt
USR-03913,18,Female,Student,Morning Lark,62,Messaging / Chat,77,0,0,0,43.3,7.76,17.8,19.8,1,1.0,Optimal Recovery
USR-03914,61,Non-Binary,Corporate 9-to-5,Night Owl,49,TikTok / Reels,71,0,64,78,53.6,4.32,22.2,17.8,6,9.4,Severe Sleep Debt
USR-03915,60,Female,Remote Tech,Intermediate,41,Streaming (Netflix/Hulu),32,1,0,32,30.6,7.38,19.2,23.4,2,1.6,Mild Deficit
USR-03916,29,Female,Student,Intermediate,25,Streaming (Netflix/Hulu),10,0,100,26,32.0,7.74,21.0,18.5,1,1.0,Mild Deficit
USR-03917,41,Female,Student,Intermediate,92,Instagram / Reddit,50,0,106,28,60.2,5.3,20.3,18.1,4,6.7,Moderate Debt
USR-03918,28,Male,Student,Night Owl,59,TikTok / Reels,83,1,0,39,48.1,5.22,24.5,16.8,6,6.8,Moderate Debt
USR-03919,39,Male,Remote Tech,Morning Lark,106,Instagram / Reddit,15,0,0,15,70.4,5.86,22.4,17.2,4,4.8,Moderate Debt
USR-03920,45,Female,Corporate 9-to-5,Intermediate,77,TikTok / Reels,47,0,0,39,42.0,6.96,22.7,18.1,2,3.2,Mild Deficit
USR-03921,57,Non-Binary,Freelance / Creative,Intermediate,54,Instagram / Reddit,87,0,0,40,34.9,6.92,20.1,20.0,2,1.5,Mild Deficit
USR-03922,29,Female,Student,Night Owl,38,Instagram / Reddit,75,1,53,66,36.4,5.52,20.8,18.5,3,4.4,Moderate Debt
USR-03923,44,Female,Corporate 9-to-5,Morning Lark,24,Instagram / Reddit,60,0,0,18,27.0,9.23,21.8,18.3,0,1.0,Optimal Recovery
USR-03924,26,Female,Corporate 9-to-5,Intermediate,19,Instagram / Reddit,31,0,23,79,22.4,6.0,22.4,21.8,2,2.8,Moderate Debt
USR-03925,63,Male,Freelance / Creative,Intermediate,103,TikTok / Reels,85,0,0,24,92.5,4.4,18.7,16.6,6,10.0,Severe Sleep Debt
USR-03926,18,Male,Healthcare / Shift Worker,Night Owl,44,TikTok / Reels,51,0,113,20,36.7,3.74,19.3,21.7,5,8.7,Severe Sleep Debt
USR-03927,36,Female,Remote Tech,Morning Lark,73,Messaging / Chat,10,1,61,25,40.7,7.6,21.7,17.5,1,1.0,Mild Deficit
USR-03928,38,Male,Corporate 9-to-5,Intermediate,25,TikTok / Reels,84,0,0,40,33.8,6.29,23.3,17.4,3,2.7,Moderate Debt
USR-03929,39,Female,Corporate 9-to-5,Morning Lark,31,YouTube,34,0,0,44,28.5,7.69,26.3,19.8,0,1.0,Mild Deficit
USR-03930,22,Male,Corporate 9-to-5,Morning Lark,41,Messaging / Chat,100,1,0,51,36.9,8.01,23.1,20.1,2,1.2,Optimal Recovery
USR-03931,56,Non-Binary,Student,Morning Lark,49,Instagram / Reddit,51,0,149,13,44.8,7.58,19.6,14.8,2,2.9,Mild Deficit
USR-03932,23,Female,Remote Tech,Night Owl,14,Instagram / Reddit,63,1,133,0,27.9,5.76,19.1,16.5,3,6.3,Moderate Debt
USR-03933,37,Male,Student,Morning Lark,15,YouTube,57,1,0,45,17.4,8.64,25.9,20.5,1,1.0,Optimal Recovery
USR-03934,25,Male,Student,Night Owl,29,TikTok / Reels,50,0,0,43,21.6,5.89,23.5,20.4,3,3.6,Moderate Debt
USR-03935,27,Female,Corporate 9-to-5,Morning Lark,59,YouTube,71,0,0,45,29.8,6.96,21.6,17.8,3,2.1,Mild Deficit
USR-03936,34,Male,Corporate 9-to-5,Night Owl,70,Streaming (Netflix/Hulu),59,1,142,39,67.6,5.64,21.5,12.0,4,6.3,Moderate Debt
USR-03937,30,Female,Remote Tech,Intermediate,72,News / Reading,56,1,58,12,35.0,6.17,19.6,16.5,2,2.1,Moderate Debt
USR-03938,23,Female,Corporate 9-to-5,Morning Lark,94,YouTube,34,1,0,22,52.4,6.91,22.9,19.0,3,3.0,Mild Deficit
USR-03939,23,Female,Corporate 9-to-5,Intermediate,17,TikTok / Reels,52,1,0,45,21.2,7.99,26.1,16.7,1,1.0,Optimal Recovery
USR-03940,30,Female,Student,Intermediate,54,YouTube,31,1,0,38,30.8,6.94,25.5,19.7,1,1.0,Mild Deficit
USR-03941,42,Male,Healthcare / Shift Worker,Intermediate,62,YouTube,63,0,0,60,36.6,3.84,22.6,17.6,4,7.5,Moderate Debt
USR-03942,52,Male,Student,Intermediate,147,YouTube,62,1,250,54,82.7,4.4,17.9,14.8,5,8.8,Severe Sleep Debt
USR-03943,20,Male,Healthcare / Shift Worker,Intermediate,98,YouTube,59,0,34,24,49.9,5.86,26.5,21.0,4,5.0,Moderate Debt
USR-03944,29,Female,Student,Intermediate,45,TikTok / Reels,80,0,0,82,38.4,6.08,23.9,18.6,3,3.3,Moderate Debt
USR-03945,21,Female,Student,Night Owl,42,TikTok / Reels,71,0,0,5,44.7,4.62,21.4,19.7,5,6.6,Moderate Debt
USR-03946,18,Female,Corporate 9-to-5,Intermediate,23,Messaging / Chat,97,0,0,21,24.8,8.41,22.5,23.8,0,1.0,Optimal Recovery
USR-03947,38,Female,Freelance / Creative,Night Owl,35,Streaming (Netflix/Hulu),75,0,162,37,39.0,5.32,17.8,16.8,3,5.2,Moderate Debt
USR-03948,36,Non-Binary,Corporate 9-to-5,Night Owl,69,YouTube,58,0,0,7,34.0,4.2,20.0,17.0,3,5.9,Moderate Debt
USR-03949,23,Male,Corporate 9-to-5,Morning Lark,61,TikTok / Reels,49,0,0,8,45.6,7.84,18.9,15.4,1,1.6,Optimal Recovery
USR-03950,25,Female,Corporate 9-to-5,Morning Lark,29,Streaming (Netflix/Hulu),27,0,0,0,31.5,8.37,22.6,21.8,1,1.0,Optimal Recovery
USR-03951,18,Male,Freelance / Creative,Intermediate,24,Streaming (Netflix/Hulu),83,0,0,51,22.6,7.08,24.2,21.8,2,1.0,Mild Deficit
USR-03952,47,Male,Freelance / Creative,Intermediate,77,Streaming (Netflix/Hulu),66,0,0,0,46.3,5.66,18.4,21.5,3,5.1,Moderate Debt
USR-03953,61,Female,Healthcare / Shift Worker,Intermediate,65,Instagram / Reddit,46,0,0,44,36.9,5.43,23.1,23.0,4,5.1,Moderate Debt
USR-03954,22,Male,Student,Intermediate,31,Instagram / Reddit,61,1,0,56,40.3,7.97,23.1,19.8,2,1.0,Optimal Recovery
USR-03955,25,Female,Remote Tech,Intermediate,78,Messaging / Chat,58,1,36,44,49.5,6.41,21.6,19.7,3,4.1,Moderate Debt
USR-03956,49,Female,Freelance / Creative,Intermediate,49,TikTok / Reels,53,0,134,21,45.8,6.96,19.8,17.1,1,2.4,Mild Deficit
USR-03957,55,Female,Student,Morning Lark,45,Messaging / Chat,74,0,0,8,33.5,6.91,18.6,22.9,2,2.0,Mild Deficit
USR-03958,30,Female,Freelance / Creative,Night Owl,12,Messaging / Chat,24,1,0,71,16.6,6.03,27.8,23.1,4,1.0,Moderate Debt
USR-03959,19,Female,Corporate 9-to-5,Intermediate,56,TikTok / Reels,72,1,38,43,49.4,6.31,19.5,11.9,3,4.8,Moderate Debt
USR-03960,19,Female,Corporate 9-to-5,Intermediate,31,TikTok / Reels,81,0,187,3,44.5,7.31,15.5,13.7,2,3.1,Mild Deficit
USR-03961,35,Female,Healthcare / Shift Worker,Intermediate,47,Instagram / Reddit,33,1,81,19,37.7,4.96,18.7,19.8,4,6.8,Moderate Debt
USR-03962,29,Male,Corporate 9-to-5,Morning Lark,66,TikTok / Reels,16,1,20,61,42.0,7.54,23.1,17.1,2,1.8,Mild Deficit
USR-03963,19,Non-Binary,Freelance / Creative,Intermediate,31,TikTok / Reels,64,0,0,63,35.8,8.31,28.0,21.6,1,1.0,Optimal Recovery
USR-03964,35,Male,Remote Tech,Morning Lark,25,News / Reading,74,1,138,35,31.8,8.59,23.0,19.3,0,1.0,Optimal Recovery
USR-03965,18,Female,Freelance / Creative,Morning Lark,22,YouTube,37,0,99,71,22.0,8.29,27.7,19.0,0,1.0,Optimal Recovery
USR-03966,44,Female,Corporate 9-to-5,Intermediate,125,Instagram / Reddit,27,1,0,38,65.9,5.07,24.5,20.1,5,6.5,Moderate Debt
USR-03967,27,Female,Student,Morning Lark,35,TikTok / Reels,17,0,0,19,30.9,7.09,17.5,16.0,1,2.1,Mild Deficit
USR-03968,19,Female,Remote Tech,Intermediate,39,YouTube,77,0,0,3,32.3,6.64,21.0,22.7,2,1.2,Moderate Debt
USR-03969,35,Male,Student,Intermediate,59,Streaming (Netflix/Hulu),53,0,0,81,40.3,5.84,22.7,24.2,3,3.3,Moderate Debt
USR-03970,29,Male,Remote Tech,Morning Lark,87,TikTok / Reels,81,0,39,0,70.2,6.08,16.6,21.3,2,6.6,Moderate Debt
USR-03971,61,Male,Freelance / Creative,Morning Lark,64,YouTube,10,1,0,33,37.2,7.48,22.9,19.8,1,1.0,Mild Deficit
USR-03972,34,Male,Student,Night Owl,29,TikTok / Reels,57,0,0,78,48.1,4.71,28.0,18.1,4,5.7,Moderate Debt
USR-03973,26,Female,Corporate 9-to-5,Morning Lark,27,TikTok / Reels,77,0,80,31,41.9,7.54,19.9,17.4,1,1.4,Mild Deficit
USR-03974,40,Female,Freelance / Creative,Intermediate,39,Messaging / Chat,36,0,165,61,37.5,7.54,17.5,19.3,3,2.2,Mild Deficit
USR-03975,26,Male,Corporate 9-to-5,Intermediate,105,TikTok / Reels,70,1,0,53,59.2,5.34,24.8,18.0,4,5.9,Moderate Debt
USR-03976,53,Female,Remote Tech,Night Owl,58,TikTok / Reels,34,0,209,46,55.7,4.5,21.3,15.0,6,8.9,Severe Sleep Debt
USR-03977,29,Female,Corporate 9-to-5,Night Owl,50,YouTube,36,0,111,38,36.7,5.41,19.6,14.4,3,5.5,Moderate Debt
USR-03978,34,Female,Healthcare / Shift Worker,Night Owl,40,Instagram / Reddit,56,1,89,26,34.5,4.34,21.5,18.4,5,7.5,Moderate Debt
USR-03979,19,Female,Corporate 9-to-5,Morning Lark,70,TikTok / Reels,43,0,0,24,50.0,7.82,20.8,19.3,1,1.0,Optimal Recovery
USR-03980,30,Female,Corporate 9-to-5,Night Owl,61,Streaming (Netflix/Hulu),82,0,0,19,46.7,4.26,19.7,17.6,5,6.5,Moderate Debt
USR-03981,47,Male,Freelance / Creative,Morning Lark,97,TikTok / Reels,55,0,28,25,78.1,5.69,19.0,19.2,4,6.9,Moderate Debt
USR-03982,45,Male,Healthcare / Shift Worker,Morning Lark,10,YouTube,83,0,51,38,23.3,6.08,24.7,18.9,2,2.7,Moderate Debt
USR-03983,25,Female,Corporate 9-to-5,Intermediate,115,TikTok / Reels,68,1,237,17,93.7,5.18,12.7,15.7,7,10.0,Severe Sleep Debt
USR-03984,25,Female,Student,Intermediate,66,TikTok / Reels,37,0,0,40,57.4,6.18,19.3,14.6,3,4.8,Moderate Debt
USR-03985,46,Male,Freelance / Creative,Morning Lark,56,YouTube,59,1,20,30,37.3,8.34,24.5,19.2,1,1.0,Optimal Recovery
USR-03986,55,Female,Corporate 9-to-5,Morning Lark,43,Instagram / Reddit,38,0,155,87,41.4,7.71,20.8,20.3,1,1.4,Mild Deficit
USR-03987,21,Female,Healthcare / Shift Worker,Night Owl,8,TikTok / Reels,78,0,20,79,29.1,4.08,24.6,12.0,3,5.2,Moderate Debt
USR-03988,31,Female,Remote Tech,Night Owl,56,TikTok / Reels,84,1,0,38,44.7,5.52,17.4,17.8,3,4.7,Moderate Debt
USR-03989,28,Female,Student,Intermediate,56,Instagram / Reddit,20,1,0,0,26.2,7.86,24.3,18.1,0,1.0,Optimal Recovery
USR-03990,50,Male,Remote Tech,Intermediate,153,Instagram / Reddit,66,0,0,49,76.5,4.24,13.5,19.7,6,10.0,Severe Sleep Debt
USR-03991,20,Male,Student,Night Owl,24,TikTok / Reels,79,0,250,68,54.4,6.0,18.4,12.5,3,5.2,Moderate Debt
USR-03992,24,Female,Corporate 9-to-5,Night Owl,36,TikTok / Reels,73,0,0,0,41.9,4.79,20.5,19.2,3,4.8,Moderate Debt
USR-03993,42,Female,Student,Intermediate,63,Streaming (Netflix/Hulu),53,1,136,48,35.6,6.47,18.8,20.5,3,3.5,Moderate Debt
USR-03994,19,Female,Corporate 9-to-5,Intermediate,112,TikTok / Reels,100,0,0,57,80.1,4.92,17.7,20.5,5,9.9,Severe Sleep Debt
USR-03995,32,Female,Remote Tech,Morning Lark,61,Instagram / Reddit,60,0,0,43,36.1,8.07,21.8,19.0,2,1.0,Optimal Recovery
USR-03996,30,Non-Binary,Corporate 9-to-5,Intermediate,46,YouTube,25,0,0,46,16.8,7.53,23.0,26.1,1,1.0,Mild Deficit
USR-03997,28,Male,Healthcare / Shift Worker,Intermediate,20,Streaming (Netflix/Hulu),69,0,111,25,31.3,6.73,20.0,20.8,3,2.2,Moderate Debt
USR-03998,29,Male,Corporate 9-to-5,Intermediate,55,Instagram / Reddit,77,1,56,44,30.4,7.62,22.9,15.8,2,1.0,Mild Deficit
USR-03999,33,Male,Remote Tech,Intermediate,27,Streaming (Netflix/Hulu),67,1,0,35,29.1,7.54,23.6,19.8,0,1.0,Mild Deficit
USR-04000,23,Male,Remote Tech,Morning Lark,6,YouTube,59,1,0,25,24.3,8.84,23.4,23.2,0,1.0,Optimal Recovery
USR-04001,35,Male,Student,Night Owl,31,Streaming (Netflix/Hulu),27,1,0,29,22.6,6.03,19.2,20.2,2,2.1,Moderate Debt
USR-04002,45,Female,Remote Tech,Morning Lark,57,Streaming (Netflix/Hulu),22,1,0,3,30.6,8.42,18.2,20.1,3,1.0,Optimal Recovery
USR-04003,43,Female,Healthcare / Shift Worker,Intermediate,46,YouTube,36,1,30,11,57.2,4.69,22.8,17.2,4,5.8,Moderate Debt
USR-04004,23,Male,Corporate 9-to-5,Night Owl,61,Streaming (Netflix/Hulu),10,1,0,12,40.7,5.56,19.7,23.1,5,4.7,Moderate Debt
USR-04005,22,Female,Corporate 9-to-5,Intermediate,38,News / Reading,86,0,20,44,18.5,6.89,19.7,20.3,2,2.3,Mild Deficit
USR-04006,26,Non-Binary,Remote Tech,Intermediate,54,TikTok / Reels,56,1,0,18,42.8,6.28,24.8,15.8,3,3.3,Moderate Debt
USR-04007,28,Male,Freelance / Creative,Intermediate,26,Streaming (Netflix/Hulu),48,1,0,60,36.7,7.21,27.0,18.0,2,1.1,Mild Deficit
USR-04008,29,Male,Corporate 9-to-5,Night Owl,29,YouTube,26,0,0,31,32.5,6.14,27.2,17.3,2,2.8,Moderate Debt
USR-04009,39,Female,Corporate 9-to-5,Night Owl,97,Instagram / Reddit,29,1,0,39,56.6,4.25,25.3,19.2,5,6.6,Moderate Debt
USR-04010,20,Male,Corporate 9-to-5,Intermediate,151,YouTube,55,0,81,23,77.8,5.34,19.3,18.0,6,8.4,Moderate Debt
USR-04011,19,Female,Student,Night Owl,140,TikTok / Reels,49,1,82,47,81.0,3.2,21.8,15.5,7,10.0,Severe Sleep Debt
USR-04012,29,Non-Binary,Remote Tech,Morning Lark,33,Messaging / Chat,58,1,81,38,28.3,7.94,23.0,16.4,1,1.0,Optimal Recovery
USR-04013,40,Female,Healthcare / Shift Worker,Night Owl,69,Streaming (Netflix/Hulu),28,1,0,65,30.2,3.2,27.8,25.4,4,5.7,Moderate Debt
USR-04014,24,Male,Corporate 9-to-5,Night Owl,37,YouTube,63,0,137,59,33.7,5.76,16.9,13.8,3,4.4,Moderate Debt
USR-04015,37,Male,Corporate 9-to-5,Intermediate,55,Streaming (Netflix/Hulu),81,0,0,4,36.8,6.72,15.3,20.0,3,2.9,Moderate Debt
USR-04016,26,Female,Corporate 9-to-5,Night Owl,55,Instagram / Reddit,49,1,36,60,37.1,5.18,25.4,20.5,4,4.9,Moderate Debt
USR-04017,51,Female,Student,Intermediate,46,YouTube,71,1,0,25,26.0,6.39,23.0,20.8,3,2.2,Moderate Debt
USR-04018,52,Non-Binary,Student,Intermediate,44,TikTok / Reels,52,0,0,30,40.6,7.62,26.5,21.3,1,1.0,Mild Deficit
USR-04019,27,Female,Corporate 9-to-5,Night Owl,9,Streaming (Netflix/Hulu),47,1,0,71,16.4,6.27,27.2,21.8,2,1.8,Moderate Debt
USR-04020,25,Male,Freelance / Creative,Intermediate,35,Streaming (Netflix/Hulu),64,0,0,35,18.1,7.44,26.9,24.2,2,1.0,Mild Deficit
USR-04021,29,Female,Corporate 9-to-5,Intermediate,70,News / Reading,46,0,0,29,23.8,7.13,23.6,19.0,1,1.0,Mild Deficit
USR-04022,25,Male,Student,Intermediate,87,TikTok / Reels,42,0,0,65,51.8,6.46,27.2,20.9,2,2.8,Moderate Debt
USR-04023,39,Male,Remote Tech,Night Owl,46,Instagram / Reddit,77,1,0,0,28.3,5.72,23.1,23.3,1,2.8,Moderate Debt
USR-04024,46,Female,Corporate 9-to-5,Night Owl,121,Streaming (Netflix/Hulu),19,1,63,45,61.8,4.91,24.1,15.7,5,5.9,Moderate Debt
USR-04025,39,Female,Healthcare / Shift Worker,Morning Lark,57,Streaming (Netflix/Hulu),57,0,0,14,58.8,5.54,23.3,23.7,5,5.9,Moderate Debt
USR-04026,46,Male,Healthcare / Shift Worker,Intermediate,108,Streaming (Netflix/Hulu),34,0,0,25,40.6,3.95,23.8,22.2,5,8.8,Severe Sleep Debt
USR-04027,29,Female,Remote Tech,Night Owl,57,TikTok / Reels,91,1,35,45,41.9,5.3,21.5,18.2,4,5.8,Moderate Debt
USR-04028,23,Female,Remote Tech,Intermediate,3,TikTok / Reels,73,0,0,0,11.5,8.07,21.7,16.8,0,1.0,Optimal Recovery
USR-04029,42,Male,Corporate 9-to-5,Night Owl,111,TikTok / Reels,81,0,83,79,89.7,3.2,21.3,16.5,6,10.0,Severe Sleep Debt
USR-04030,28,Female,Student,Night Owl,43,YouTube,59,0,27,48,35.4,5.87,24.9,15.7,4,4.3,Moderate Debt
USR-04031,39,Female,Corporate 9-to-5,Intermediate,42,YouTube,68,0,0,52,19.7,6.61,20.3,19.3,0,1.0,Moderate Debt
USR-04032,26,Male,Healthcare / Shift Worker,Intermediate,19,Streaming (Netflix/Hulu),59,1,250,14,34.3,6.89,17.7,15.6,3,5.2,Mild Deficit
USR-04033,20,Female,Corporate 9-to-5,Intermediate,90,TikTok / Reels,44,1,0,4,62.9,5.71,22.4,19.2,4,5.3,Moderate Debt
USR-04034,64,Female,Corporate 9-to-5,Intermediate,180,Instagram / Reddit,90,1,28,37,86.3,4.18,18.1,17.5,6,9.1,Severe Sleep Debt
USR-04035,23,Female,Corporate 9-to-5,Intermediate,21,Messaging / Chat,69,1,27,20,22.2,6.97,24.5,19.7,1,1.0,Mild Deficit
USR-04036,63,Male,Corporate 9-to-5,Night Owl,110,Instagram / Reddit,39,1,0,25,56.8,4.16,19.3,19.8,5,7.3,Moderate Debt
USR-04037,61,Male,Remote Tech,Night Owl,43,TikTok / Reels,24,1,96,68,55.1,4.68,26.6,21.7,3,6.1,Moderate Debt
USR-04038,44,Male,Corporate 9-to-5,Intermediate,87,YouTube,35,1,208,29,48.8,5.23,23.0,14.9,3,6.6,Moderate Debt
USR-04039,38,Female,Student,Night Owl,25,Streaming (Netflix/Hulu),56,1,0,47,33.0,6.85,23.7,22.5,2,2.3,Mild Deficit
USR-04040,35,Female,Corporate 9-to-5,Intermediate,115,TikTok / Reels,42,0,0,40,69.5,5.78,21.0,14.8,4,6.3,Moderate Debt
USR-04041,49,Female,Student,Intermediate,75,News / Reading,74,0,22,72,36.5,5.04,20.4,22.3,5,6.8,Moderate Debt
USR-04042,26,Female,Remote Tech,Intermediate,41,YouTube,61,1,0,3,33.9,8.14,22.3,19.8,1,1.0,Optimal Recovery
USR-04043,31,Male,Freelance / Creative,Night Owl,101,Streaming (Netflix/Hulu),50,0,0,21,36.5,4.33,18.4,19.9,4,6.2,Moderate Debt
USR-04044,37,Female,Freelance / Creative,Intermediate,57,Instagram / Reddit,55,0,26,10,28.1,7.32,15.6,20.8,1,1.0,Mild Deficit
USR-04045,29,Female,Healthcare / Shift Worker,Intermediate,142,Messaging / Chat,53,0,0,83,61.0,3.39,20.6,19.2,5,9.3,Severe Sleep Debt
USR-04046,30,Female,Student,Intermediate,32,Streaming (Netflix/Hulu),50,0,0,0,23.2,9.45,24.2,23.3,0,1.0,Optimal Recovery
USR-04047,27,Male,Remote Tech,Morning Lark,95,Instagram / Reddit,63,1,76,47,55.0,6.44,20.5,21.4,3,4.1,Moderate Debt
USR-04048,35,Male,Student,Intermediate,80,Messaging / Chat,45,1,0,49,42.1,6.6,23.7,19.8,2,2.2,Moderate Debt
USR-04049,48,Male,Freelance / Creative,Morning Lark,15,Messaging / Chat,32,0,105,40,25.1,8.15,20.0,21.7,2,1.0,Optimal Recovery
USR-04050,24,Male,Corporate 9-to-5,Night Owl,19,TikTok / Reels,70,1,0,15,19.1,6.38,25.8,16.9,2,2.1,Moderate Debt
USR-04051,56,Female,Remote Tech,Morning Lark,40,YouTube,39,1,28,17,35.5,7.73,20.2,17.3,3,2.7,Mild Deficit
USR-04052,39,Female,Corporate 9-to-5,Intermediate,66,YouTube,80,1,28,44,50.8,6.55,20.8,19.7,3,4.3,Moderate Debt
USR-04053,46,Female,Remote Tech,Morning Lark,85,TikTok / Reels,52,1,0,36,63.5,6.32,25.2,15.1,5,4.6,Moderate Debt
USR-04054,34,Male,Remote Tech,Night Owl,65,Messaging / Chat,46,1,0,13,33.6,4.83,15.9,18.8,3,5.3,Moderate Debt
USR-04055,44,Male,Remote Tech,Intermediate,94,YouTube,36,1,0,38,43.8,5.98,20.3,22.1,3,3.9,Moderate Debt
USR-04056,18,Male,Remote Tech,Night Owl,45,TikTok / Reels,49,1,102,44,36.8,5.13,24.4,17.7,4,5.4,Moderate Debt
USR-04057,46,Male,Freelance / Creative,Night Owl,87,TikTok / Reels,62,0,0,48,66.0,4.03,21.2,20.1,5,8.8,Severe Sleep Debt
USR-04058,19,Male,Remote Tech,Night Owl,56,News / Reading,39,1,0,49,12.2,6.32,21.7,21.4,2,1.9,Moderate Debt
USR-04059,51,Male,Healthcare / Shift Worker,Night Owl,40,Messaging / Chat,70,0,0,6,36.8,4.85,20.8,16.5,3,4.2,Moderate Debt
USR-04060,64,Male,Corporate 9-to-5,Morning Lark,20,Instagram / Reddit,33,1,250,26,39.3,9.07,18.1,17.0,0,1.0,Optimal Recovery
USR-04061,27,Male,Remote Tech,Intermediate,10,Instagram / Reddit,73,1,0,3,20.0,8.06,25.0,21.8,0,1.0,Optimal Recovery
USR-04062,24,Female,Remote Tech,Intermediate,44,Instagram / Reddit,57,1,0,47,25.1,6.68,22.7,21.6,3,3.0,Moderate Debt
USR-04063,43,Male,Corporate 9-to-5,Night Owl,59,Streaming (Netflix/Hulu),46,0,0,4,44.4,4.46,19.1,18.9,5,6.5,Moderate Debt
USR-04064,25,Male,Remote Tech,Night Owl,31,TikTok / Reels,63,0,0,16,26.8,5.43,25.7,22.8,2,1.8,Moderate Debt
USR-04065,49,Female,Remote Tech,Night Owl,38,Streaming (Netflix/Hulu),87,0,174,24,40.9,5.2,20.4,17.6,3,5.8,Moderate Debt
USR-04066,21,Male,Remote Tech,Morning Lark,4,YouTube,78,1,0,39,13.8,8.43,24.2,21.0,1,1.0,Optimal Recovery
USR-04067,22,Male,Student,Intermediate,40,Instagram / Reddit,62,1,126,23,36.2,7.02,20.3,20.5,2,2.3,Mild Deficit
USR-04068,62,Female,Remote Tech,Intermediate,24,Instagram / Reddit,74,0,0,7,25.2,8.14,25.0,20.4,0,1.0,Optimal Recovery
USR-04069,39,Male,Corporate 9-to-5,Morning Lark,30,News / Reading,47,0,0,44,25.9,7.13,22.4,21.6,1,1.0,Mild Deficit
USR-04070,48,Female,Student,Morning Lark,77,Streaming (Netflix/Hulu),42,1,0,40,29.5,8.45,24.5,22.6,0,1.0,Optimal Recovery
USR-04071,27,Male,Corporate 9-to-5,Intermediate,47,YouTube,69,0,0,0,27.6,7.09,21.5,23.5,1,1.0,Mild Deficit
USR-04072,39,Male,Corporate 9-to-5,Night Owl,65,Messaging / Chat,60,0,0,30,34.0,5.24,17.8,21.5,2,3.0,Moderate Debt
USR-04073,36,Female,Corporate 9-to-5,Intermediate,13,YouTube,49,1,0,42,18.9,8.25,17.7,16.6,0,1.0,Optimal Recovery
USR-04074,36,Female,Corporate 9-to-5,Intermediate,105,YouTube,71,1,0,46,56.6,5.71,20.1,17.0,5,5.8,Moderate Debt
USR-04075,39,Male,Corporate 9-to-5,Intermediate,54,Instagram / Reddit,56,0,80,26,36.4,7.83,19.1,18.9,1,1.0,Optimal Recovery
USR-04076,35,Female,Corporate 9-to-5,Intermediate,85,Streaming (Netflix/Hulu),81,0,75,78,63.6,4.65,22.7,16.0,4,7.8,Moderate Debt
USR-04077,30,Female,Corporate 9-to-5,Night Owl,21,YouTube,13,1,0,37,17.3,5.81,22.0,18.1,2,2.0,Moderate Debt
USR-04078,26,Male,Student,Intermediate,71,Instagram / Reddit,45,1,62,57,55.2,4.93,21.6,19.1,4,6.0,Moderate Debt
USR-04079,43,Female,Corporate 9-to-5,Morning Lark,41,Messaging / Chat,73,1,130,25,37.4,8.01,15.5,10.1,1,1.1,Optimal Recovery
USR-04080,25,Female,Remote Tech,Intermediate,161,YouTube,88,0,0,55,87.1,4.14,17.7,18.9,4,9.3,Severe Sleep Debt
USR-04081,39,Male,Freelance / Creative,Night Owl,33,Instagram / Reddit,82,1,0,33,22.1,5.65,21.4,17.8,2,3.1,Moderate Debt
USR-04082,25,Male,Healthcare / Shift Worker,Intermediate,56,TikTok / Reels,42,0,105,63,45.0,4.48,19.0,17.1,3,7.1,Moderate Debt
USR-04083,37,Male,Corporate 9-to-5,Intermediate,22,News / Reading,80,0,102,26,29.5,8.6,20.9,20.6,0,1.0,Optimal Recovery
USR-04084,42,Male,Freelance / Creative,Morning Lark,55,Streaming (Netflix/Hulu),19,0,0,38,25.6,6.73,21.8,22.1,1,1.0,Moderate Debt
USR-04085,24,Female,Corporate 9-to-5,Morning Lark,50,YouTube,37,0,22,27,30.3,7.59,20.9,19.0,2,1.0,Mild Deficit
USR-04086,20,Female,Corporate 9-to-5,Night Owl,99,Instagram / Reddit,50,0,0,34,51.8,5.41,21.7,20.3,3,4.4,Moderate Debt
USR-04087,22,Female,Freelance / Creative,Intermediate,57,TikTok / Reels,64,0,136,38,62.5,7.07,24.2,12.9,4,4.7,Mild Deficit
USR-04088,36,Male,Healthcare / Shift Worker,Intermediate,41,TikTok / Reels,35,0,91,0,32.4,4.68,21.7,16.5,5,5.7,Moderate Debt
USR-04089,48,Male,Remote Tech,Intermediate,49,YouTube,52,1,0,63,35.4,6.26,28.0,18.2,2,2.2,Moderate Debt
USR-04090,19,Male,Student,Night Owl,13,TikTok / Reels,82,1,59,0,18.4,5.46,16.2,16.8,5,4.0,Moderate Debt
USR-04091,41,Male,Student,Morning Lark,60,Instagram / Reddit,32,1,85,62,34.8,7.71,22.3,18.2,0,1.0,Mild Deficit
USR-04092,28,Male,Corporate 9-to-5,Night Owl,90,Instagram / Reddit,30,0,0,49,44.0,4.21,19.2,18.4,2,5.2,Moderate Debt
USR-04093,32,Female,Corporate 9-to-5,Intermediate,56,YouTube,39,0,0,56,36.6,6.21,21.9,21.0,3,2.9,Moderate Debt
USR-04094,55,Female,Remote Tech,Night Owl,15,Instagram / Reddit,100,1,127,20,30.6,6.81,15.0,16.0,2,2.6,Mild Deficit
USR-04095,28,Female,Freelance / Creative,Night Owl,65,TikTok / Reels,63,0,0,30,44.5,5.16,16.9,21.2,4,6.0,Moderate Debt
USR-04096,31,Female,Corporate 9-to-5,Intermediate,66,Streaming (Netflix/Hulu),38,0,0,52,28.4,5.95,25.2,21.2,3,3.5,Moderate Debt
USR-04097,18,Male,Healthcare / Shift Worker,Morning Lark,70,TikTok / Reels,73,0,0,1,58.8,5.63,21.4,16.9,5,5.3,Moderate Debt
USR-04098,20,Female,Corporate 9-to-5,Morning Lark,49,Instagram / Reddit,18,1,95,13,49.7,6.29,24.3,21.0,2,2.2,Moderate Debt
USR-04099,26,Male,Remote Tech,Night Owl,59,YouTube,52,1,0,0,34.5,5.23,21.6,23.2,3,3.3,Moderate Debt
USR-04100,19,Male,Student,Morning Lark,66,TikTok / Reels,58,1,0,57,45.0,7.6,26.2,17.5,2,1.5,Mild Deficit
USR-04101,37,Female,Student,Intermediate,27,Instagram / Reddit,77,1,55,30,27.2,8.06,24.0,19.3,0,1.0,Optimal Recovery
USR-04102,30,Female,Corporate 9-to-5,Morning Lark,30,Messaging / Chat,26,0,0,54,33.7,9.37,21.1,19.7,1,1.0,Optimal Recovery
USR-04103,34,Female,Remote Tech,Intermediate,71,Instagram / Reddit,81,1,60,51,40.1,6.56,22.6,18.0,4,4.5,Moderate Debt
USR-04104,23,Female,Remote Tech,Morning Lark,29,TikTok / Reels,76,0,116,61,36.9,8.23,21.7,18.9,3,1.2,Optimal Recovery
USR-04105,27,Male,Corporate 9-to-5,Night Owl,47,TikTok / Reels,82,0,30,25,43.3,6.03,21.5,21.7,4,4.1,Moderate Debt
USR-04106,38,Female,Corporate 9-to-5,Night Owl,70,Streaming (Netflix/Hulu),31,1,0,8,22.6,4.46,25.3,25.0,3,4.4,Moderate Debt
USR-04107,60,Male,Student,Intermediate,94,Messaging / Chat,90,1,22,40,56.8,5.19,21.0,17.9,4,6.7,Moderate Debt
USR-04108,19,Male,Remote Tech,Intermediate,34,YouTube,17,1,0,30,26.8,6.9,18.6,17.9,0,1.0,Mild Deficit
USR-04109,51,Male,Corporate 9-to-5,Intermediate,29,TikTok / Reels,30,1,33,55,32.2,7.34,17.8,20.2,0,1.0,Mild Deficit
USR-04110,35,Male,Remote Tech,Night Owl,70,Streaming (Netflix/Hulu),59,0,0,39,54.1,4.08,21.8,19.9,5,6.9,Moderate Debt
USR-04111,34,Female,Freelance / Creative,Intermediate,97,TikTok / Reels,47,1,163,55,69.1,5.61,18.3,19.3,3,6.7,Moderate Debt
USR-04112,32,Female,Corporate 9-to-5,Intermediate,15,Messaging / Chat,28,0,0,61,25.6,6.62,21.4,18.9,2,1.1,Moderate Debt
USR-04113,20,Female,Student,Intermediate,52,Messaging / Chat,100,0,0,3,40.1,7.38,17.4,22.7,1,1.1,Mild Deficit
USR-04114,21,Female,Corporate 9-to-5,Night Owl,124,YouTube,21,0,24,0,57.7,3.88,22.5,22.1,5,9.6,Severe Sleep Debt
USR-04115,36,Male,Corporate 9-to-5,Intermediate,27,Messaging / Chat,20,1,0,5,10.2,8.77,22.8,20.8,0,1.0,Optimal Recovery
USR-04116,28,Male,Corporate 9-to-5,Intermediate,72,TikTok / Reels,62,0,0,12,48.4,5.06,20.4,18.5,4,6.3,Moderate Debt
USR-04117,54,Female,Remote Tech,Intermediate,48,YouTube,54,1,109,31,35.1,5.92,20.8,17.2,3,4.1,Moderate Debt
USR-04118,29,Female,Healthcare / Shift Worker,Intermediate,49,TikTok / Reels,26,0,250,14,53.2,5.86,17.3,11.0,2,4.8,Moderate Debt
USR-04119,22,Female,Corporate 9-to-5,Intermediate,45,Instagram / Reddit,99,0,0,49,42.9,7.38,24.6,23.8,2,2.2,Mild Deficit
USR-04120,40,Male,Student,Intermediate,61,Instagram / Reddit,57,1,0,45,45.3,6.95,22.9,17.1,1,2.7,Mild Deficit
USR-04121,27,Male,Remote Tech,Intermediate,100,TikTok / Reels,44,1,0,34,58.4,5.3,18.2,20.0,4,5.7,Moderate Debt
USR-04122,33,Male,Corporate 9-to-5,Night Owl,28,TikTok / Reels,55,0,0,43,28.9,5.43,24.1,22.6,2,2.5,Moderate Debt
USR-04123,40,Male,Remote Tech,Morning Lark,30,Messaging / Chat,24,1,0,51,13.3,9.8,25.3,18.9,0,1.0,Optimal Recovery
USR-04124,52,Female,Healthcare / Shift Worker,Intermediate,60,TikTok / Reels,77,0,0,23,46.9,4.1,21.8,17.2,4,6.3,Moderate Debt
USR-04125,44,Female,Healthcare / Shift Worker,Intermediate,62,YouTube,60,0,80,51,35.2,4.02,23.2,17.4,3,6.9,Moderate Debt
USR-04126,39,Female,Healthcare / Shift Worker,Intermediate,45,YouTube,50,0,0,0,20.0,6.48,19.0,21.1,2,2.3,Moderate Debt
USR-04127,39,Female,Corporate 9-to-5,Intermediate,91,TikTok / Reels,55,1,0,27,60.1,4.88,23.5,18.6,6,6.7,Moderate Debt
USR-04128,57,Male,Healthcare / Shift Worker,Night Owl,32,TikTok / Reels,37,0,0,54,37.3,4.59,28.0,20.7,3,4.7,Moderate Debt
USR-04129,27,Male,Corporate 9-to-5,Intermediate,30,YouTube,78,0,20,10,31.3,8.13,19.9,20.0,0,1.0,Optimal Recovery
USR-04130,18,Male,Student,Night Owl,56,YouTube,42,1,0,10,26.5,5.13,22.3,18.9,4,4.5,Moderate Debt
USR-04131,26,Female,Freelance / Creative,Night Owl,27,YouTube,44,1,98,21,32.9,4.79,20.3,19.1,4,5.5,Moderate Debt
USR-04132,24,Female,Corporate 9-to-5,Intermediate,180,Instagram / Reddit,59,1,78,34,95.2,4.04,15.9,18.0,7,10.0,Severe Sleep Debt
USR-04133,38,Female,Remote Tech,Night Owl,18,Messaging / Chat,15,1,124,32,36.1,5.78,23.9,13.9,4,4.4,Moderate Debt
USR-04134,37,Male,Student,Intermediate,116,TikTok / Reels,66,0,0,48,59.6,4.77,20.3,12.9,5,7.6,Moderate Debt
USR-04135,36,Male,Student,Intermediate,31,TikTok / Reels,54,0,55,64,27.8,6.51,22.0,17.0,2,2.6,Moderate Debt
USR-04136,18,Female,Corporate 9-to-5,Night Owl,18,TikTok / Reels,66,1,0,39,12.1,7.21,25.4,18.1,0,1.0,Mild Deficit
USR-04137,41,Male,Freelance / Creative,Intermediate,59,Instagram / Reddit,50,1,20,55,45.8,6.68,26.4,22.4,3,3.1,Moderate Debt
USR-04138,27,Male,Student,Morning Lark,44,TikTok / Reels,38,1,0,33,27.3,7.55,21.9,17.3,1,1.0,Mild Deficit
USR-04139,38,Female,Corporate 9-to-5,Intermediate,155,Streaming (Netflix/Hulu),57,0,41,22,73.9,3.48,17.5,16.5,6,10.0,Severe Sleep Debt
USR-04140,34,Male,Corporate 9-to-5,Intermediate,65,Instagram / Reddit,75,0,0,60,49.6,5.7,20.5,22.4,4,6.3,Moderate Debt
USR-04141,28,Female,Healthcare / Shift Worker,Morning Lark,43,Instagram / Reddit,44,0,22,29,26.1,7.2,20.8,19.6,2,1.4,Mild Deficit
USR-04142,22,Male,Corporate 9-to-5,Night Owl,49,TikTok / Reels,72,0,0,7,45.1,5.16,18.4,17.9,6,7.0,Moderate Debt
USR-04143,21,Male,Corporate 9-to-5,Intermediate,9,YouTube,49,1,0,54,12.7,8.72,22.5,19.6,0,1.0,Optimal Recovery
USR-04144,47,Non-Binary,Remote Tech,Night Owl,7,Messaging / Chat,46,1,0,54,15.8,5.54,23.9,20.5,3,3.3,Moderate Debt
USR-04145,54,Female,Student,Morning Lark,14,YouTube,73,1,0,47,18.9,8.45,25.2,17.0,0,1.0,Optimal Recovery
USR-04146,38,Female,Student,Intermediate,45,YouTube,62,1,70,37,29.8,7.31,23.6,20.8,1,1.0,Mild Deficit
USR-04147,21,Female,Remote Tech,Morning Lark,51,TikTok / Reels,28,1,0,31,28.3,8.48,20.9,19.9,1,1.0,Optimal Recovery
USR-04148,29,Female,Student,Intermediate,66,YouTube,51,1,38,23,45.3,6.89,22.3,20.8,2,2.5,Mild Deficit
USR-04149,41,Male,Freelance / Creative,Intermediate,78,Messaging / Chat,32,0,96,61,45.4,5.76,26.2,17.3,4,4.9,Moderate Debt
USR-04150,44,Male,Corporate 9-to-5,Night Owl,9,TikTok / Reels,66,1,0,20,26.5,7.07,22.7,20.6,1,1.0,Mild Deficit
USR-04151,22,Female,Student,Intermediate,61,Instagram / Reddit,37,1,145,3,47.7,6.12,17.5,14.5,4,5.3,Moderate Debt
USR-04152,18,Female,Freelance / Creative,Intermediate,105,Streaming (Netflix/Hulu),58,0,0,53,59.6,6.35,21.7,20.1,4,4.9,Moderate Debt
USR-04153,40,Female,Student,Intermediate,39,Instagram / Reddit,65,1,39,32,23.9,6.17,23.2,22.1,2,1.5,Moderate Debt
USR-04154,28,Female,Student,Morning Lark,180,TikTok / Reels,66,1,43,51,106.6,4.6,21.3,20.6,6,10.0,Severe Sleep Debt
USR-04155,25,Female,Corporate 9-to-5,Intermediate,49,News / Reading,44,1,0,36,29.0,6.14,24.5,20.5,3,2.4,Moderate Debt
USR-04156,18,Female,Remote Tech,Morning Lark,33,TikTok / Reels,56,1,0,46,29.5,7.51,27.2,21.7,1,1.0,Mild Deficit
USR-04157,34,Male,Remote Tech,Night Owl,85,YouTube,41,0,76,20,55.2,5.63,19.1,19.6,4,4.5,Moderate Debt
USR-04158,48,Female,Student,Night Owl,66,Messaging / Chat,47,0,0,61,36.8,3.61,25.5,16.5,6,8.0,Moderate Debt
USR-04159,58,Male,Freelance / Creative,Intermediate,108,YouTube,36,1,0,9,58.5,6.17,22.0,20.8,3,3.5,Moderate Debt
USR-04160,35,Male,Corporate 9-to-5,Intermediate,78,Messaging / Chat,56,0,0,0,50.5,6.38,21.1,20.8,4,4.5,Moderate Debt
USR-04161,33,Female,Corporate 9-to-5,Morning Lark,52,YouTube,65,1,0,21,31.3,7.6,22.2,22.4,1,1.0,Mild Deficit
USR-04162,20,Male,Corporate 9-to-5,Night Owl,80,Streaming (Netflix/Hulu),38,1,0,28,42.7,3.8,22.5,20.4,4,6.8,Moderate Debt
USR-04163,34,Male,Student,Night Owl,13,Streaming (Netflix/Hulu),38,0,0,58,14.9,6.71,26.0,20.1,0,1.6,Moderate Debt
USR-04164,29,Male,Corporate 9-to-5,Night Owl,70,YouTube,87,1,0,23,45.8,4.48,17.2,13.5,3,6.7,Moderate Debt
USR-04165,36,Female,Student,Intermediate,48,Instagram / Reddit,38,1,75,26,35.0,7.18,23.6,17.6,2,1.1,Mild Deficit
USR-04166,29,Female,Corporate 9-to-5,Intermediate,19,TikTok / Reels,69,1,39,37,26.3,7.77,20.5,20.7,1,1.0,Optimal Recovery
USR-04167,25,Male,Remote Tech,Intermediate,76,TikTok / Reels,75,0,0,6,55.6,6.06,16.7,20.7,5,5.6,Moderate Debt
USR-04168,21,Male,Corporate 9-to-5,Night Owl,99,Instagram / Reddit,61,1,0,75,40.1,4.83,20.5,19.6,4,7.0,Moderate Debt
USR-04169,27,Female,Healthcare / Shift Worker,Night Owl,41,Streaming (Netflix/Hulu),62,0,53,25,30.4,4.56,22.2,19.2,4,4.9,Moderate Debt
USR-04170,21,Female,Remote Tech,Intermediate,27,Instagram / Reddit,56,1,35,49,17.1,5.97,23.2,17.3,3,2.3,Moderate Debt
USR-04171,23,Female,Freelance / Creative,Night Owl,90,Messaging / Chat,28,1,0,42,46.1,4.45,25.1,23.2,4,6.2,Moderate Debt
USR-04172,63,Female,Remote Tech,Night Owl,27,Messaging / Chat,76,0,26,2,20.5,5.9,27.5,20.2,3,2.0,Moderate Debt
USR-04173,30,Male,Corporate 9-to-5,Intermediate,52,Streaming (Netflix/Hulu),46,0,0,36,38.1,7.28,19.7,19.2,1,1.0,Mild Deficit
USR-04174,33,Female,Corporate 9-to-5,Night Owl,50,Messaging / Chat,72,1,55,26,33.0,4.52,22.8,20.1,5,5.6,Moderate Debt
USR-04175,50,Female,Freelance / Creative,Intermediate,26,TikTok / Reels,55,0,0,43,18.2,7.03,24.3,19.3,2,1.5,Mild Deficit
USR-04176,65,Male,Student,Intermediate,18,Streaming (Netflix/Hulu),65,1,0,61,19.3,6.9,28.0,22.6,0,1.0,Mild Deficit
USR-04177,35,Female,Corporate 9-to-5,Morning Lark,84,Streaming (Netflix/Hulu),60,0,173,58,59.6,6.21,15.1,18.3,3,6.4,Moderate Debt
USR-04178,45,Male,Student,Intermediate,63,TikTok / Reels,46,1,26,47,42.2,6.98,18.1,20.1,2,2.3,Mild Deficit
USR-04179,27,Male,Remote Tech,Night Owl,37,Messaging / Chat,71,0,0,22,23.0,6.17,20.8,20.8,2,2.0,Moderate Debt
USR-04180,27,Female,Corporate 9-to-5,Intermediate,38,TikTok / Reels,28,0,0,24,26.9,7.54,22.3,21.3,2,1.0,Mild Deficit
USR-04181,29,Male,Corporate 9-to-5,Morning Lark,66,YouTube,80,0,0,51,48.6,7.46,19.6,19.7,2,2.0,Mild Deficit
USR-04182,39,Male,Healthcare / Shift Worker,Intermediate,35,TikTok / Reels,77,0,92,20,37.2,5.16,18.3,18.6,4,6.0,Moderate Debt
USR-04183,39,Female,Corporate 9-to-5,Intermediate,44,Instagram / Reddit,50,1,33,36,36.5,6.26,23.1,20.9,4,2.6,Moderate Debt
USR-04184,27,Female,Corporate 9-to-5,Intermediate,32,YouTube,60,0,0,41,31.3,7.69,24.3,17.3,1,1.0,Mild Deficit
USR-04185,22,Male,Corporate 9-to-5,Intermediate,41,Instagram / Reddit,50,1,0,6,29.8,6.91,20.8,20.5,1,1.0,Mild Deficit
USR-04186,37,Male,Corporate 9-to-5,Morning Lark,43,Streaming (Netflix/Hulu),38,1,71,29,33.3,9.01,21.6,19.8,1,1.0,Optimal Recovery
USR-04187,22,Male,Remote Tech,Night Owl,68,Instagram / Reddit,53,1,0,44,34.9,4.63,22.0,20.1,3,5.0,Moderate Debt
USR-04188,35,Female,Corporate 9-to-5,Night Owl,31,Streaming (Netflix/Hulu),60,0,45,26,27.4,5.92,23.3,18.6,4,3.6,Moderate Debt
USR-04189,40,Male,Corporate 9-to-5,Intermediate,94,TikTok / Reels,82,1,43,67,56.4,6.5,19.9,19.9,4,5.1,Moderate Debt
USR-04190,40,Female,Freelance / Creative,Night Owl,67,Instagram / Reddit,51,0,0,14,53.0,4.13,19.6,17.5,6,8.0,Moderate Debt
USR-04191,42,Male,Corporate 9-to-5,Night Owl,48,Messaging / Chat,55,0,0,65,34.2,4.78,26.8,20.4,4,5.6,Moderate Debt
USR-04192,50,Male,Remote Tech,Intermediate,42,Streaming (Netflix/Hulu),81,0,108,71,42.8,6.2,18.5,19.7,2,4.8,Moderate Debt
USR-04193,32,Male,Remote Tech,Intermediate,38,Streaming (Netflix/Hulu),65,1,0,59,32.2,6.84,24.2,21.3,2,1.0,Mild Deficit
USR-04194,41,Male,Remote Tech,Night Owl,83,YouTube,27,1,0,61,39.2,5.53,25.6,17.8,3,5.2,Moderate Debt
USR-04195,37,Male,Healthcare / Shift Worker,Intermediate,35,YouTube,54,0,0,22,17.3,5.49,26.1,21.7,3,2.4,Moderate Debt
USR-04196,24,Male,Corporate 9-to-5,Intermediate,9,Messaging / Chat,72,1,162,6,21.7,8.41,17.7,17.6,1,1.0,Optimal Recovery
USR-04197,18,Female,Healthcare / Shift Worker,Night Owl,34,Streaming (Netflix/Hulu),100,0,0,40,34.2,4.64,18.0,18.4,4,6.9,Moderate Debt
USR-04198,26,Male,Student,Intermediate,110,TikTok / Reels,59,0,44,20,100.6,4.73,18.5,18.7,7,9.3,Severe Sleep Debt
USR-04199,30,Male,Student,Night Owl,22,Instagram / Reddit,13,0,0,30,20.8,5.13,23.6,21.4,2,3.9,Moderate Debt
USR-04200,36,Female,Corporate 9-to-5,Intermediate,127,Instagram / Reddit,19,0,0,16,57.9,4.91,22.2,16.4,4,6.2,Moderate Debt
USR-04201,48,Female,Corporate 9-to-5,Intermediate,36,Instagram / Reddit,41,1,0,20,30.4,6.53,22.3,17.7,4,3.1,Moderate Debt
USR-04202,24,Female,Remote Tech,Intermediate,35,YouTube,36,1,28,54,38.1,6.98,21.1,16.8,3,2.4,Mild Deficit
USR-04203,22,Male,Healthcare / Shift Worker,Intermediate,141,Instagram / Reddit,72,0,114,21,90.6,3.2,10.0,15.8,7,10.0,Severe Sleep Debt
USR-04204,59,Male,Remote Tech,Night Owl,56,News / Reading,92,0,127,40,46.7,4.48,13.0,21.2,4,7.1,Moderate Debt
USR-04205,21,Female,Corporate 9-to-5,Intermediate,80,Streaming (Netflix/Hulu),71,1,102,20,51.2,6.02,15.9,17.0,3,5.2,Moderate Debt
USR-04206,32,Male,Corporate 9-to-5,Night Owl,25,Messaging / Chat,73,0,43,30,40.9,5.97,20.9,23.4,3,2.7,Moderate Debt
USR-04207,35,Female,Student,Intermediate,39,Streaming (Netflix/Hulu),68,1,20,0,37.7,8.18,18.8,19.5,1,1.0,Optimal Recovery
USR-04208,34,Male,Student,Intermediate,7,TikTok / Reels,62,1,0,11,20.9,8.24,26.2,21.2,0,1.0,Optimal Recovery
USR-04209,20,Female,Corporate 9-to-5,Night Owl,33,YouTube,40,1,240,48,43.5,4.83,22.0,14.4,4,6.7,Moderate Debt
USR-04210,20,Female,Corporate 9-to-5,Morning Lark,40,YouTube,71,1,55,8,30.7,8.64,17.6,18.5,1,1.0,Optimal Recovery
USR-04211,21,Female,Remote Tech,Night Owl,37,Streaming (Netflix/Hulu),48,0,110,34,30.8,5.76,18.1,18.5,2,3.4,Moderate Debt
USR-04212,35,Female,Remote Tech,Morning Lark,44,News / Reading,72,1,0,34,13.8,8.33,21.7,22.1,0,1.0,Optimal Recovery
USR-04213,34,Male,Student,Night Owl,39,Instagram / Reddit,64,1,95,54,31.6,6.4,17.3,17.7,4,3.7,Moderate Debt
USR-04214,25,Male,Healthcare / Shift Worker,Intermediate,9,TikTok / Reels,55,0,60,4,18.4,5.91,23.9,17.5,2,1.4,Moderate Debt
USR-04215,37,Female,Student,Night Owl,32,YouTube,40,1,0,35,31.4,6.02,23.5,21.9,2,3.1,Moderate Debt
USR-04216,46,Female,Corporate 9-to-5,Night Owl,52,Instagram / Reddit,54,1,137,22,35.3,4.55,18.5,15.3,3,6.2,Moderate Debt
USR-04217,19,Female,Student,Morning Lark,60,TikTok / Reels,43,1,54,72,41.1,7.86,23.9,14.9,2,1.0,Optimal Recovery
USR-04218,32,Male,Freelance / Creative,Morning Lark,106,News / Reading,20,0,72,79,41.3,6.3,26.6,20.9,3,3.3,Moderate Debt
USR-04219,39,Male,Freelance / Creative,Intermediate,7,Instagram / Reddit,33,0,47,59,16.1,7.76,20.4,18.8,0,1.0,Optimal Recovery
USR-04220,25,Female,Healthcare / Shift Worker,Intermediate,33,News / Reading,61,0,0,53,18.6,6.19,22.8,20.0,1,1.8,Moderate Debt
USR-04221,27,Male,Corporate 9-to-5,Morning Lark,82,TikTok / Reels,10,0,20,29,45.8,6.55,24.2,16.4,2,2.2,Moderate Debt
USR-04222,36,Female,Student,Morning Lark,50,YouTube,100,1,0,32,35.4,7.4,21.9,23.3,3,1.5,Mild Deficit
USR-04223,52,Male,Healthcare / Shift Worker,Intermediate,34,Instagram / Reddit,45,0,0,27,39.5,5.77,20.5,19.3,4,4.2,Moderate Debt
USR-04224,45,Male,Student,Morning Lark,88,Messaging / Chat,72,1,0,42,50.3,6.42,18.9,20.3,2,3.5,Moderate Debt
USR-04225,35,Male,Corporate 9-to-5,Night Owl,49,YouTube,12,0,0,20,27.1,5.34,22.3,23.2,3,3.7,Moderate Debt
USR-04226,41,Male,Freelance / Creative,Night Owl,75,Messaging / Chat,35,1,35,11,38.7,4.43,23.4,20.5,4,4.5,Moderate Debt
USR-04227,28,Male,Remote Tech,Night Owl,45,YouTube,76,1,0,23,24.5,6.47,23.1,21.8,1,1.9,Moderate Debt
USR-04228,37,Male,Corporate 9-to-5,Morning Lark,8,Messaging / Chat,63,0,53,23,17.5,9.51,23.9,19.3,2,1.0,Optimal Recovery
USR-04229,31,Male,Corporate 9-to-5,Morning Lark,107,YouTube,47,0,0,8,53.2,6.87,23.7,21.5,3,2.6,Mild Deficit
USR-04230,24,Female,Student,Intermediate,42,YouTube,95,1,80,72,30.2,7.38,20.3,19.8,2,1.0,Mild Deficit
USR-04231,40,Female,Remote Tech,Night Owl,14,YouTube,27,0,20,54,21.1,6.09,24.5,19.9,1,1.5,Moderate Debt
USR-04232,34,Female,Corporate 9-to-5,Intermediate,32,YouTube,77,1,97,47,28.0,6.9,19.6,18.1,2,1.1,Mild Deficit
USR-04233,28,Male,Student,Intermediate,24,YouTube,46,1,20,28,20.8,6.73,22.5,18.4,2,1.0,Moderate Debt
USR-04234,53,Female,Healthcare / Shift Worker,Morning Lark,5,YouTube,38,0,0,34,22.1,6.7,25.7,24.1,1,1.0,Moderate Debt
USR-04235,18,Female,Student,Intermediate,38,Instagram / Reddit,16,0,20,58,31.9,6.97,22.4,20.4,2,1.0,Mild Deficit
USR-04236,27,Female,Corporate 9-to-5,Intermediate,8,Instagram / Reddit,19,0,90,52,29.1,7.37,23.0,21.8,1,1.1,Mild Deficit
USR-04237,20,Female,Student,Morning Lark,38,TikTok / Reels,58,1,20,61,29.5,8.28,20.3,21.5,1,1.0,Optimal Recovery
USR-04238,43,Male,Corporate 9-to-5,Intermediate,56,News / Reading,57,1,20,40,24.8,6.58,20.5,21.3,2,1.7,Moderate Debt
USR-04239,40,Male,Corporate 9-to-5,Intermediate,55,News / Reading,40,0,55,63,34.9,6.82,25.2,20.9,2,2.7,Mild Deficit
USR-04240,27,Male,Remote Tech,Intermediate,29,Messaging / Chat,51,1,0,15,32.0,7.49,23.0,18.9,1,1.0,Mild Deficit
USR-04241,39,Male,Healthcare / Shift Worker,Intermediate,18,Streaming (Netflix/Hulu),52,1,0,0,16.8,5.66,17.6,20.0,3,4.2,Moderate Debt
USR-04242,29,Male,Remote Tech,Night Owl,80,YouTube,46,1,0,26,47.2,3.94,22.9,21.9,3,6.0,Moderate Debt
USR-04243,42,Female,Corporate 9-to-5,Intermediate,62,YouTube,35,1,0,19,39.7,6.96,20.8,17.4,2,1.5,Mild Deficit
USR-04244,31,Female,Remote Tech,Intermediate,33,TikTok / Reels,66,1,0,33,31.7,8.44,18.9,14.4,0,1.0,Optimal Recovery
USR-04245,29,Male,Remote Tech,Night Owl,12,Instagram / Reddit,80,1,20,45,20.5,6.74,21.1,17.4,3,2.1,Moderate Debt
USR-04246,56,Female,Freelance / Creative,Night Owl,21,Instagram / Reddit,63,0,0,13,27.2,7.19,20.4,21.4,1,2.7,Mild Deficit
USR-04247,25,Female,Freelance / Creative,Intermediate,129,Instagram / Reddit,64,0,0,60,70.2,7.13,23.0,18.8,4,5.0,Mild Deficit
USR-04248,22,Male,Corporate 9-to-5,Morning Lark,76,YouTube,70,1,0,31,46.1,8.49,22.0,18.7,2,1.0,Optimal Recovery
USR-04249,35,Female,Corporate 9-to-5,Night Owl,56,TikTok / Reels,50,0,0,75,43.1,4.49,22.3,20.5,4,5.0,Moderate Debt
USR-04250,60,Female,Corporate 9-to-5,Morning Lark,23,Streaming (Netflix/Hulu),42,0,0,25,21.1,9.18,18.6,23.2,0,1.0,Optimal Recovery
USR-04251,29,Female,Healthcare / Shift Worker,Night Owl,24,TikTok / Reels,15,0,0,64,38.5,4.39,28.0,21.1,5,5.3,Moderate Debt
USR-04252,20,Female,Corporate 9-to-5,Morning Lark,82,YouTube,44,0,0,7,61.0,6.21,19.5,17.8,3,4.1,Moderate Debt
USR-04253,28,Female,Corporate 9-to-5,Night Owl,115,TikTok / Reels,42,1,164,35,76.1,4.73,20.1,16.2,5,8.7,Severe Sleep Debt
USR-04254,32,Female,Remote Tech,Intermediate,83,TikTok / Reels,34,1,100,38,59.2,5.81,16.5,17.4,3,5.3,Moderate Debt
USR-04255,23,Male,Corporate 9-to-5,Night Owl,37,Streaming (Netflix/Hulu),60,1,44,0,28.2,5.01,17.5,27.0,4,5.6,Moderate Debt
USR-04256,38,Male,Corporate 9-to-5,Intermediate,27,TikTok / Reels,51,0,0,26,29.1,8.18,20.7,15.9,1,1.0,Optimal Recovery
USR-04257,65,Female,Remote Tech,Night Owl,22,Streaming (Netflix/Hulu),64,1,0,57,30.7,4.44,24.4,17.4,4,4.6,Moderate Debt
USR-04258,31,Male,Corporate 9-to-5,Morning Lark,35,Messaging / Chat,33,0,250,31,38.8,7.18,15.9,9.6,3,4.4,Mild Deficit
USR-04259,28,Female,Remote Tech,Intermediate,24,TikTok / Reels,25,0,0,76,24.0,7.85,28.0,17.6,1,1.0,Optimal Recovery
USR-04260,29,Female,Freelance / Creative,Morning Lark,49,YouTube,68,0,73,16,48.9,6.64,22.4,17.6,4,4.8,Moderate Debt
USR-04261,21,Female,Corporate 9-to-5,Night Owl,12,TikTok / Reels,72,0,125,54,48.7,5.88,22.5,16.6,4,6.0,Moderate Debt
USR-04262,51,Male,Remote Tech,Intermediate,45,TikTok / Reels,38,1,48,36,31.9,6.67,21.2,19.5,1,2.6,Moderate Debt
USR-04263,30,Female,Freelance / Creative,Intermediate,151,Instagram / Reddit,48,0,0,14,76.9,5.1,17.3,18.9,4,7.9,Moderate Debt
USR-04264,29,Male,Healthcare / Shift Worker,Intermediate,83,YouTube,60,0,58,46,60.8,5.15,24.5,17.1,4,8.2,Moderate Debt
USR-04265,38,Male,Remote Tech,Night Owl,50,TikTok / Reels,67,0,0,38,41.4,5.0,19.6,18.4,5,6.0,Moderate Debt
USR-04266,30,Male,Student,Intermediate,150,Instagram / Reddit,20,1,0,45,75.0,4.59,22.6,20.7,6,7.6,Moderate Debt
USR-04267,38,Male,Corporate 9-to-5,Intermediate,62,TikTok / Reels,75,0,33,42,49.3,5.74,16.7,16.8,4,5.8,Moderate Debt
USR-04268,20,Male,Student,Night Owl,23,Streaming (Netflix/Hulu),28,1,20,53,18.0,5.15,23.4,16.7,2,2.5,Moderate Debt
USR-04269,45,Female,Freelance / Creative,Night Owl,79,Streaming (Netflix/Hulu),27,1,55,63,43.7,4.54,26.5,19.6,4,5.7,Moderate Debt
USR-04270,56,Female,Remote Tech,Morning Lark,18,TikTok / Reels,47,1,0,11,16.7,7.99,20.3,18.0,0,1.0,Optimal Recovery
USR-04271,38,Male,Remote Tech,Morning Lark,9,Messaging / Chat,46,0,176,17,26.2,7.38,25.0,16.6,2,1.0,Mild Deficit
USR-04272,58,Male,Corporate 9-to-5,Morning Lark,61,YouTube,56,0,113,18,48.6,7.79,22.4,17.0,3,3.8,Optimal Recovery
USR-04273,23,Female,Student,Intermediate,68,TikTok / Reels,58,0,37,14,48.3,6.16,17.7,16.7,3,3.5,Moderate Debt
USR-04274,32,Female,Remote Tech,Intermediate,79,YouTube,89,1,26,5,49.9,6.6,16.4,18.1,2,3.4,Moderate Debt
USR-04275,36,Female,Student,Intermediate,67,Streaming (Netflix/Hulu),37,1,0,35,34.4,6.59,21.0,20.2,3,2.2,Moderate Debt
USR-04276,35,Female,Corporate 9-to-5,Night Owl,59,TikTok / Reels,76,0,0,23,50.0,5.4,20.0,16.8,5,6.1,Moderate Debt
USR-04277,29,Female,Remote Tech,Intermediate,30,TikTok / Reels,25,1,0,52,29.7,6.96,21.5,18.1,2,1.3,Mild Deficit
USR-04278,28,Male,Remote Tech,Night Owl,54,Instagram / Reddit,30,1,0,63,21.1,5.15,28.0,19.9,2,3.2,Moderate Debt
USR-04279,22,Male,Corporate 9-to-5,Intermediate,80,News / Reading,36,1,0,35,25.5,5.94,23.8,24.4,3,2.8,Moderate Debt
USR-04280,29,Female,Corporate 9-to-5,Morning Lark,59,YouTube,16,0,73,57,44.9,8.06,23.2,16.4,2,1.3,Optimal Recovery
USR-04281,23,Male,Corporate 9-to-5,Intermediate,71,YouTube,64,0,0,35,41.5,5.52,22.7,18.3,2,3.4,Moderate Debt
USR-04282,41,Male,Student,Night Owl,127,News / Reading,79,1,36,59,36.6,4.08,18.1,22.8,4,7.6,Moderate Debt
USR-04283,24,Female,Student,Morning Lark,70,TikTok / Reels,73,1,0,69,51.6,8.12,22.8,17.5,2,1.8,Optimal Recovery
USR-04284,20,Female,Healthcare / Shift Worker,Intermediate,86,TikTok / Reels,24,1,69,18,53.1,5.31,22.5,18.5,4,5.0,Moderate Debt
USR-04285,34,Male,Corporate 9-to-5,Morning Lark,13,News / Reading,100,0,0,50,23.8,9.8,21.7,18.8,0,1.0,Optimal Recovery
USR-04286,36,Male,Freelance / Creative,Intermediate,60,Streaming (Netflix/Hulu),57,0,0,42,37.6,7.06,24.1,24.7,1,1.7,Mild Deficit
USR-04287,50,Female,Student,Intermediate,146,TikTok / Reels,86,0,0,28,86.0,4.81,18.7,16.7,5,10.0,Severe Sleep Debt
USR-04288,35,Non-Binary,Remote Tech,Night Owl,52,Streaming (Netflix/Hulu),52,0,0,7,36.0,5.2,22.7,21.9,2,4.6,Moderate Debt
USR-04289,28,Female,Corporate 9-to-5,Night Owl,53,Streaming (Netflix/Hulu),52,0,32,38,35.7,4.57,22.9,22.2,4,6.1,Moderate Debt
USR-04290,45,Female,Corporate 9-to-5,Intermediate,39,YouTube,47,1,0,35,34.1,6.04,23.4,22.7,3,3.1,Moderate Debt
USR-04291,34,Female,Freelance / Creative,Night Owl,37,YouTube,96,0,0,24,31.5,6.22,21.4,23.3,3,4.0,Moderate Debt
USR-04292,20,Female,Corporate 9-to-5,Intermediate,124,TikTok / Reels,83,0,37,19,84.9,4.91,18.4,19.3,5,8.0,Moderate Debt
USR-04293,35,Male,Corporate 9-to-5,Night Owl,8,Streaming (Netflix/Hulu),54,0,63,87,25.4,6.13,27.4,17.7,2,2.3,Moderate Debt
USR-04294,53,Male,Corporate 9-to-5,Intermediate,57,Streaming (Netflix/Hulu),49,0,28,20,30.3,7.04,17.3,24.1,1,1.5,Mild Deficit
USR-04295,29,Female,Healthcare / Shift Worker,Night Owl,40,TikTok / Reels,70,0,23,51,26.8,3.38,25.2,16.1,5,8.2,Moderate Debt
USR-04296,27,Male,Corporate 9-to-5,Night Owl,10,Instagram / Reddit,18,0,0,38,21.5,5.11,20.5,20.9,4,5.2,Moderate Debt
USR-04297,22,Male,Corporate 9-to-5,Night Owl,79,Instagram / Reddit,12,1,0,53,49.7,4.44,25.9,17.3,5,8.0,Moderate Debt
USR-04298,23,Female,Remote Tech,Morning Lark,45,TikTok / Reels,34,1,112,0,35.0,8.42,20.1,13.5,0,1.0,Optimal Recovery
USR-04299,30,Male,Remote Tech,Intermediate,56,Instagram / Reddit,63,0,0,72,33.2,7.24,24.2,18.5,2,1.2,Mild Deficit
USR-04300,36,Female,Remote Tech,Night Owl,35,Streaming (Netflix/Hulu),76,1,0,20,18.8,6.94,19.5,21.3,2,1.0,Mild Deficit
USR-04301,20,Male,Remote Tech,Night Owl,63,YouTube,30,0,0,15,43.8,4.7,21.1,20.3,6,5.9,Moderate Debt
USR-04302,56,Female,Healthcare / Shift Worker,Intermediate,68,News / Reading,86,1,0,71,31.6,4.15,26.3,22.4,3,5.7,Moderate Debt
USR-04303,42,Male,Healthcare / Shift Worker,Morning Lark,21,YouTube,44,0,0,43,23.0,7.5,24.0,19.6,2,1.3,Mild Deficit
USR-04304,35,Female,Healthcare / Shift Worker,Intermediate,21,TikTok / Reels,64,0,94,37,32.3,5.35,20.6,15.6,5,5.9,Moderate Debt
USR-04305,46,Male,Corporate 9-to-5,Intermediate,35,Streaming (Netflix/Hulu),44,0,0,10,36.6,7.54,23.9,19.1,1,1.0,Mild Deficit
USR-04306,20,Male,Healthcare / Shift Worker,Night Owl,114,Instagram / Reddit,53,1,86,21,65.6,3.2,20.0,18.9,6,10.0,Severe Sleep Debt
USR-04307,32,Female,Corporate 9-to-5,Night Owl,36,News / Reading,91,1,22,54,30.3,5.78,23.1,21.3,2,2.8,Moderate Debt
USR-04308,37,Female,Corporate 9-to-5,Morning Lark,36,YouTube,44,0,0,41,27.3,8.15,22.8,20.4,0,1.0,Optimal Recovery
USR-04309,46,Female,Freelance / Creative,Night Owl,30,YouTube,36,0,0,0,19.3,6.31,19.5,19.7,1,2.3,Moderate Debt
USR-04310,44,Male,Healthcare / Shift Worker,Morning Lark,129,Instagram / Reddit,68,0,0,58,78.1,5.2,19.5,16.5,4,7.8,Moderate Debt
USR-04311,26,Female,Remote Tech,Intermediate,53,Streaming (Netflix/Hulu),74,0,0,26,34.1,6.12,21.2,21.0,3,5.0,Moderate Debt
USR-04312,56,Male,Healthcare / Shift Worker,Morning Lark,91,Instagram / Reddit,25,0,0,60,55.0,5.05,26.1,22.8,5,6.5,Moderate Debt
USR-04313,22,Female,Freelance / Creative,Night Owl,97,Instagram / Reddit,62,0,0,32,60.8,4.54,23.2,21.5,4,8.3,Moderate Debt
USR-04314,50,Female,Student,Night Owl,23,TikTok / Reels,66,1,37,38,29.6,5.5,20.0,21.8,2,4.8,Moderate Debt
USR-04315,60,Female,Student,Intermediate,28,Instagram / Reddit,90,1,0,56,22.5,6.87,24.9,18.1,1,1.1,Mild Deficit
USR-04316,23,Female,Student,Intermediate,56,TikTok / Reels,47,0,0,28,41.2,7.72,22.9,18.4,2,1.0,Mild Deficit
USR-04317,41,Male,Corporate 9-to-5,Morning Lark,22,News / Reading,82,0,0,22,17.1,8.38,19.0,25.2,0,1.0,Optimal Recovery
USR-04318,19,Male,Corporate 9-to-5,Intermediate,27,TikTok / Reels,58,0,20,7,23.0,7.7,20.3,17.7,3,1.0,Mild Deficit
USR-04319,29,Female,Student,Intermediate,37,YouTube,49,0,0,39,20.3,6.72,27.5,21.2,1,1.0,Moderate Debt
USR-04320,33,Male,Corporate 9-to-5,Morning Lark,28,TikTok / Reels,40,0,33,27,31.2,9.02,21.4,19.5,0,1.0,Optimal Recovery
USR-04321,35,Female,Corporate 9-to-5,Night Owl,18,News / Reading,65,0,0,47,20.6,6.37,22.0,23.2,2,2.3,Moderate Debt
USR-04322,56,Male,Corporate 9-to-5,Intermediate,31,Streaming (Netflix/Hulu),32,0,0,30,20.7,7.41,21.7,20.6,3,2.1,Mild Deficit
USR-04323,39,Female,Remote Tech,Intermediate,49,News / Reading,33,0,0,45,28.2,7.4,22.7,17.0,1,1.0,Mild Deficit
USR-04324,32,Male,Freelance / Creative,Morning Lark,24,TikTok / Reels,67,0,20,44,24.4,7.91,22.0,20.0,0,1.0,Optimal Recovery
USR-04325,45,Male,Student,Morning Lark,32,TikTok / Reels,92,0,0,21,23.0,9.02,24.5,19.7,0,1.0,Optimal Recovery
USR-04326,58,Female,Remote Tech,Intermediate,40,YouTube,27,1,0,59,34.4,8.03,20.5,20.0,2,1.0,Optimal Recovery
USR-04327,18,Male,Freelance / Creative,Intermediate,131,Instagram / Reddit,40,0,0,20,71.3,4.8,19.8,18.1,4,8.3,Moderate Debt
USR-04328,62,Female,Freelance / Creative,Intermediate,26,YouTube,61,0,121,0,35.3,8.58,23.2,16.5,0,1.0,Optimal Recovery
USR-04329,20,Female,Remote Tech,Night Owl,105,Instagram / Reddit,44,0,46,30,62.3,4.12,20.3,16.1,6,9.5,Severe Sleep Debt
USR-04330,45,Female,Freelance / Creative,Intermediate,7,TikTok / Reels,17,0,0,0,15.3,7.4,25.7,16.8,2,1.0,Mild Deficit
USR-04331,26,Female,Remote Tech,Intermediate,77,Instagram / Reddit,38,1,0,39,44.7,5.98,20.4,19.6,4,5.2,Moderate Debt
USR-04332,22,Female,Corporate 9-to-5,Night Owl,68,YouTube,65,1,0,21,49.2,5.95,17.8,23.4,2,4.3,Moderate Debt
USR-04333,30,Female,Corporate 9-to-5,Intermediate,77,Instagram / Reddit,49,1,0,58,61.0,6.7,28.0,23.0,3,3.1,Moderate Debt
USR-04334,37,Female,Student,Intermediate,71,Instagram / Reddit,62,1,66,40,53.8,6.96,22.6,18.2,2,3.4,Mild Deficit
USR-04335,29,Female,Remote Tech,Intermediate,87,TikTok / Reels,28,1,239,0,74.7,5.68,18.9,17.8,4,7.3,Moderate Debt
USR-04336,19,Male,Student,Morning Lark,37,Messaging / Chat,62,1,20,37,43.8,7.68,21.1,18.2,2,1.1,Mild Deficit
USR-04337,36,Male,Student,Morning Lark,106,Messaging / Chat,13,0,89,85,43.0,6.16,23.5,19.8,2,3.4,Moderate Debt
USR-04338,52,Female,Corporate 9-to-5,Intermediate,27,Instagram / Reddit,71,0,132,58,33.1,7.44,24.3,17.1,3,2.7,Mild Deficit
USR-04339,29,Female,Corporate 9-to-5,Night Owl,9,YouTube,82,1,0,61,20.9,4.27,21.6,20.0,3,4.8,Moderate Debt
USR-04340,24,Female,Remote Tech,Night Owl,10,TikTok / Reels,27,1,0,74,19.8,5.7,26.5,18.5,3,3.1,Moderate Debt
USR-04341,30,Male,Corporate 9-to-5,Intermediate,53,Instagram / Reddit,44,0,0,51,33.9,7.45,26.8,19.2,2,1.0,Mild Deficit
USR-04342,19,Male,Student,Intermediate,64,YouTube,25,1,0,25,36.1,6.88,21.9,17.8,1,1.0,Mild Deficit
USR-04343,46,Female,Remote Tech,Intermediate,80,YouTube,57,0,57,58,43.6,5.73,24.3,20.4,3,4.2,Moderate Debt
USR-04344,46,Female,Remote Tech,Intermediate,51,Messaging / Chat,58,0,0,52,21.0,8.21,21.5,17.9,0,1.0,Optimal Recovery
USR-04345,35,Female,Corporate 9-to-5,Morning Lark,29,YouTube,28,1,20,26,22.3,8.68,24.4,20.2,1,1.0,Optimal Recovery
USR-04346,28,Female,Student,Intermediate,79,TikTok / Reels,43,0,0,22,53.8,6.73,19.7,18.6,2,3.1,Moderate Debt
USR-04347,45,Male,Healthcare / Shift Worker,Intermediate,47,Instagram / Reddit,77,0,0,38,39.9,5.83,17.4,18.5,3,4.5,Moderate Debt
USR-04348,34,Male,Freelance / Creative,Morning Lark,28,Streaming (Netflix/Hulu),66,0,27,0,24.4,8.23,23.8,19.5,0,1.0,Optimal Recovery
USR-04349,46,Female,Healthcare / Shift Worker,Morning Lark,62,TikTok / Reels,59,0,0,22,45.2,6.99,22.9,18.8,1,1.6,Mild Deficit
USR-04350,37,Male,Remote Tech,Intermediate,47,Instagram / Reddit,77,0,0,41,36.8,7.35,24.0,19.5,2,1.0,Mild Deficit
USR-04351,44,Female,Corporate 9-to-5,Intermediate,180,YouTube,91,0,0,5,96.3,3.35,16.1,19.2,6,10.0,Severe Sleep Debt
USR-04352,36,Female,Student,Intermediate,180,Streaming (Netflix/Hulu),58,0,25,34,89.7,3.2,19.9,22.2,6,10.0,Severe Sleep Debt
USR-04353,30,Male,Freelance / Creative,Morning Lark,26,Instagram / Reddit,61,0,36,0,25.8,7.66,20.9,17.4,1,1.0,Mild Deficit
USR-04354,59,Male,Corporate 9-to-5,Morning Lark,10,Messaging / Chat,49,0,0,5,16.5,8.8,21.6,23.8,0,1.0,Optimal Recovery
USR-04355,34,Female,Corporate 9-to-5,Intermediate,22,YouTube,58,1,0,0,31.9,7.57,20.0,21.4,2,1.0,Mild Deficit
USR-04356,36,Female,Corporate 9-to-5,Morning Lark,12,Messaging / Chat,41,0,0,49,15.1,8.53,28.0,22.1,0,1.0,Optimal Recovery
USR-04357,25,Male,Student,Intermediate,68,Instagram / Reddit,21,0,0,21,40.6,7.24,20.4,21.3,2,1.4,Mild Deficit
USR-04358,37,Male,Remote Tech,Morning Lark,100,Messaging / Chat,71,0,0,82,57.0,6.46,20.0,19.0,5,6.3,Moderate Debt
USR-04359,35,Female,Corporate 9-to-5,Night Owl,22,Messaging / Chat,69,0,0,24,24.3,6.34,22.6,21.0,3,3.1,Moderate Debt
USR-04360,24,Female,Healthcare / Shift Worker,Intermediate,95,YouTube,56,0,60,31,64.0,3.62,19.9,13.5,4,8.0,Moderate Debt
USR-04361,20,Female,Remote Tech,Intermediate,17,TikTok / Reels,58,1,0,32,19.9,8.16,25.5,20.6,0,1.0,Optimal Recovery
USR-04362,36,Male,Corporate 9-to-5,Morning Lark,93,Streaming (Netflix/Hulu),41,0,20,7,50.3,6.81,17.8,20.5,2,3.7,Mild Deficit
USR-04363,43,Male,Corporate 9-to-5,Morning Lark,25,YouTube,79,1,0,40,20.4,7.5,26.2,20.4,1,1.0,Mild Deficit
USR-04364,33,Female,Corporate 9-to-5,Morning Lark,50,TikTok / Reels,31,0,0,36,36.8,7.32,20.9,17.3,2,1.9,Mild Deficit
USR-04365,25,Male,Remote Tech,Night Owl,80,Streaming (Netflix/Hulu),83,0,0,35,46.4,5.5,14.7,20.3,3,5.6,Moderate Debt
USR-04366,38,Male,Corporate 9-to-5,Night Owl,37,YouTube,67,1,73,26,28.2,5.58,24.8,19.2,3,4.5,Moderate Debt
USR-04367,20,Female,Remote Tech,Morning Lark,16,TikTok / Reels,61,0,0,34,18.5,9.16,21.7,23.3,0,1.0,Optimal Recovery
USR-04368,30,Female,Student,Intermediate,159,Streaming (Netflix/Hulu),62,0,0,5,76.1,3.78,17.6,16.8,6,10.0,Severe Sleep Debt
USR-04369,23,Male,Student,Intermediate,16,Streaming (Netflix/Hulu),75,0,0,52,26.8,8.23,26.2,21.9,1,1.0,Optimal Recovery
USR-04370,24,Male,Corporate 9-to-5,Morning Lark,130,Streaming (Netflix/Hulu),44,1,0,31,67.9,6.24,23.4,20.6,4,6.7,Moderate Debt
USR-04371,24,Male,Remote Tech,Night Owl,67,YouTube,71,0,0,68,33.3,4.95,19.3,17.6,1,4.9,Moderate Debt
USR-04372,29,Male,Healthcare / Shift Worker,Morning Lark,101,TikTok / Reels,47,0,0,44,61.5,5.26,16.4,22.8,3,6.6,Moderate Debt
USR-04373,19,Female,Corporate 9-to-5,Intermediate,72,Instagram / Reddit,64,1,0,32,42.3,6.6,21.8,18.7,2,2.3,Moderate Debt
USR-04374,29,Female,Corporate 9-to-5,Intermediate,16,Instagram / Reddit,24,0,0,38,8.9,8.04,28.0,21.5,0,1.0,Optimal Recovery
USR-04375,33,Male,Remote Tech,Intermediate,12,YouTube,42,1,0,48,12.1,7.17,22.2,22.1,1,1.0,Mild Deficit
USR-04376,32,Female,Student,Night Owl,29,News / Reading,90,0,0,52,14.4,5.41,22.1,17.4,2,2.5,Moderate Debt
USR-04377,29,Male,Corporate 9-to-5,Night Owl,7,TikTok / Reels,82,0,103,29,26.7,6.51,24.9,15.3,2,2.3,Moderate Debt
USR-04378,47,Male,Student,Night Owl,51,YouTube,88,1,35,46,33.6,4.68,22.6,17.7,5,6.4,Moderate Debt
USR-04379,22,Male,Student,Intermediate,53,TikTok / Reels,78,1,0,32,32.3,6.37,26.2,18.8,3,3.4,Moderate Debt
USR-04380,32,Female,Freelance / Creative,Morning Lark,40,News / Reading,42,1,0,73,20.4,7.49,28.0,17.8,2,1.0,Mild Deficit
USR-04381,20,Male,Corporate 9-to-5,Night Owl,22,TikTok / Reels,45,1,0,38,16.9,5.8,25.5,16.8,2,2.5,Moderate Debt
USR-04382,20,Male,Student,Night Owl,58,YouTube,75,0,0,65,31.8,4.78,21.9,17.1,4,5.9,Moderate Debt
USR-04383,35,Male,Corporate 9-to-5,Intermediate,25,Messaging / Chat,77,0,43,52,25.7,8.53,20.6,18.7,0,1.0,Optimal Recovery
USR-04384,35,Female,Remote Tech,Night Owl,48,YouTube,83,0,0,45,41.8,6.28,21.3,16.1,5,5.4,Moderate Debt
USR-04385,50,Female,Remote Tech,Morning Lark,24,TikTok / Reels,59,0,20,60,27.5,9.54,20.6,19.9,0,1.0,Optimal Recovery
USR-04386,34,Female,Remote Tech,Intermediate,35,TikTok / Reels,54,1,72,43,30.3,7.29,20.4,14.9,1,1.7,Mild Deficit
USR-04387,59,Female,Healthcare / Shift Worker,Morning Lark,180,Instagram / Reddit,79,0,79,4,103.9,3.26,11.2,20.1,7,10.0,Severe Sleep Debt
USR-04388,19,Female,Corporate 9-to-5,Intermediate,85,YouTube,24,0,82,28,48.3,5.95,21.2,18.2,3,4.5,Moderate Debt
USR-04389,21,Male,Remote Tech,Night Owl,17,Instagram / Reddit,52,0,0,34,19.1,6.18,24.0,15.0,2,2.0,Moderate Debt
USR-04390,19,Male,Corporate 9-to-5,Intermediate,132,TikTok / Reels,50,0,42,40,84.2,3.64,18.8,19.3,6,10.0,Severe Sleep Debt
USR-04391,24,Male,Student,Night Owl,71,Instagram / Reddit,50,1,0,54,38.3,4.68,24.4,17.2,5,5.7,Moderate Debt
USR-04392,34,Male,Corporate 9-to-5,Intermediate,39,News / Reading,82,1,174,20,40.3,7.72,16.7,14.8,3,2.9,Mild Deficit
USR-04393,38,Female,Healthcare / Shift Worker,Intermediate,43,Messaging / Chat,67,1,0,0,29.4,5.4,24.9,21.6,4,4.6,Moderate Debt
USR-04394,19,Non-Binary,Healthcare / Shift Worker,Night Owl,58,Instagram / Reddit,57,0,0,25,49.9,3.2,22.1,22.9,5,8.8,Severe Sleep Debt
USR-04395,57,Female,Healthcare / Shift Worker,Morning Lark,131,News / Reading,24,1,38,46,44.8,4.1,20.9,19.9,5,6.8,Moderate Debt
USR-04396,47,Female,Corporate 9-to-5,Night Owl,66,News / Reading,32,0,80,34,33.5,5.23,18.0,19.2,4,5.1,Moderate Debt
USR-04397,27,Female,Student,Morning Lark,29,YouTube,71,1,37,14,29.9,8.91,22.9,21.9,0,1.0,Optimal Recovery
USR-04398,20,Male,Corporate 9-to-5,Intermediate,38,TikTok / Reels,60,1,0,46,36.8,6.19,25.7,23.5,3,3.4,Moderate Debt
USR-04399,23,Male,Healthcare / Shift Worker,Intermediate,29,Messaging / Chat,80,0,191,42,42.6,5.46,20.3,15.6,4,6.3,Moderate Debt
USR-04400,22,Female,Student,Night Owl,60,Streaming (Netflix/Hulu),41,1,61,32,30.7,5.04,24.0,22.8,3,4.4,Moderate Debt
USR-04401,22,Male,Remote Tech,Intermediate,70,TikTok / Reels,56,0,114,97,68.2,4.91,22.4,11.6,4,7.1,Moderate Debt
USR-04402,33,Female,Student,Intermediate,71,News / Reading,52,0,80,1,38.0,7.38,20.3,18.5,3,3.3,Mild Deficit
USR-04403,25,Female,Corporate 9-to-5,Night Owl,108,TikTok / Reels,73,0,0,16,90.4,4.16,18.9,16.2,6,10.0,Severe Sleep Debt
USR-04404,28,Male,Remote Tech,Intermediate,68,TikTok / Reels,96,0,37,48,58.2,5.26,17.8,19.0,4,6.4,Moderate Debt
USR-04405,63,Male,Corporate 9-to-5,Night Owl,21,YouTube,44,0,0,35,20.9,5.55,20.3,20.4,4,4.7,Moderate Debt
USR-04406,39,Male,Freelance / Creative,Intermediate,111,YouTube,14,0,0,25,51.9,5.2,19.6,21.3,4,4.9,Moderate Debt
USR-04407,57,Male,Healthcare / Shift Worker,Morning Lark,44,Instagram / Reddit,65,0,53,15,56.8,6.86,14.9,19.9,3,3.9,Mild Deficit
USR-04408,22,Male,Student,Intermediate,48,YouTube,63,1,80,5,42.2,6.19,15.4,19.8,3,3.7,Moderate Debt
USR-04409,29,Male,Freelance / Creative,Morning Lark,37,YouTube,19,0,0,53,22.5,9.12,24.2,22.8,0,1.0,Optimal Recovery
USR-04410,34,Male,Corporate 9-to-5,Morning Lark,27,Instagram / Reddit,35,1,0,32,29.8,8.76,18.1,17.2,0,1.0,Optimal Recovery
USR-04411,20,Male,Freelance / Creative,Intermediate,28,Instagram / Reddit,46,1,0,52,20.1,8.31,21.5,18.5,1,1.0,Optimal Recovery
USR-04412,18,Male,Corporate 9-to-5,Morning Lark,87,TikTok / Reels,78,1,82,0,63.1,7.32,17.0,12.4,4,4.2,Mild Deficit
USR-04413,39,Non-Binary,Student,Intermediate,51,News / Reading,34,0,0,61,24.5,6.09,25.9,21.0,3,2.2,Moderate Debt
USR-04414,37,Female,Student,Intermediate,38,Streaming (Netflix/Hulu),50,1,20,48,26.2,6.85,28.0,19.4,3,2.2,Mild Deficit
USR-04415,29,Male,Corporate 9-to-5,Intermediate,109,Instagram / Reddit,16,1,0,22,48.5,5.4,22.1,22.2,4,6.2,Moderate Debt
USR-04416,32,Female,Remote Tech,Intermediate,68,Instagram / Reddit,65,0,78,47,40.5,6.42,17.8,21.2,2,4.7,Moderate Debt
USR-04417,30,Female,Corporate 9-to-5,Night Owl,41,News / Reading,30,0,0,47,22.5,5.84,22.8,23.2,3,3.0,Moderate Debt
USR-04418,18,Male,Freelance / Creative,Morning Lark,117,TikTok / Reels,98,1,0,54,76.9,6.91,24.7,19.3,4,4.9,Mild Deficit
USR-04419,28,Female,Corporate 9-to-5,Intermediate,102,TikTok / Reels,38,0,0,26,62.4,6.13,24.3,16.7,4,4.6,Moderate Debt
USR-04420,23,Female,Remote Tech,Intermediate,38,Streaming (Netflix/Hulu),74,1,0,11,16.6,7.6,25.1,17.1,0,1.0,Mild Deficit
USR-04421,21,Male,Healthcare / Shift Worker,Intermediate,32,Instagram / Reddit,66,0,164,4,37.4,5.81,20.9,18.0,3,5.1,Moderate Debt
USR-04422,58,Female,Corporate 9-to-5,Intermediate,74,YouTube,38,0,0,22,40.4,6.22,19.1,21.5,2,3.1,Moderate Debt
USR-04423,36,Female,Remote Tech,Night Owl,36,Streaming (Netflix/Hulu),77,1,0,0,22.1,5.57,18.0,22.8,2,3.4,Moderate Debt
USR-04424,41,Male,Student,Night Owl,52,Instagram / Reddit,15,0,35,49,47.2,6.37,19.6,19.1,2,2.8,Moderate Debt
USR-04425,27,Female,Corporate 9-to-5,Night Owl,45,YouTube,54,1,0,25,27.7,7.11,21.3,17.9,2,1.0,Mild Deficit
USR-04426,29,Female,Student,Morning Lark,53,YouTube,69,1,0,11,32.6,7.19,20.7,24.0,1,1.0,Mild Deficit
USR-04427,25,Female,Corporate 9-to-5,Intermediate,124,News / Reading,50,1,0,54,41.0,5.96,24.5,19.8,3,2.6,Moderate Debt
USR-04428,21,Male,Corporate 9-to-5,Night Owl,52,News / Reading,32,0,36,43,37.5,5.93,23.0,16.8,5,4.0,Moderate Debt
USR-04429,23,Male,Remote Tech,Intermediate,80,News / Reading,87,0,0,33,40.5,5.5,18.0,22.5,5,6.5,Moderate Debt
USR-04430,44,Male,Remote Tech,Night Owl,55,Instagram / Reddit,52,0,28,71,37.1,5.09,24.7,18.3,4,4.7,Moderate Debt
USR-04431,39,Female,Freelance / Creative,Intermediate,51,YouTube,44,0,20,52,33.4,7.22,21.5,16.0,2,1.0,Mild Deficit
USR-04432,34,Male,Healthcare / Shift Worker,Night Owl,22,Instagram / Reddit,33,0,0,36,26.7,4.47,27.1,18.1,3,3.4,Moderate Debt
USR-04433,31,Male,Remote Tech,Night Owl,12,Streaming (Netflix/Hulu),57,0,95,38,26.5,6.74,22.3,21.4,1,2.0,Moderate Debt
USR-04434,54,Female,Remote Tech,Intermediate,28,YouTube,51,0,0,0,26.3,7.69,22.9,15.1,0,1.0,Mild Deficit
USR-04435,20,Male,Corporate 9-to-5,Morning Lark,9,Instagram / Reddit,49,1,152,4,32.0,8.38,19.4,18.4,1,1.0,Optimal Recovery
USR-04436,26,Male,Corporate 9-to-5,Intermediate,29,Instagram / Reddit,88,0,85,8,34.3,7.77,17.4,17.7,1,2.1,Optimal Recovery
USR-04437,28,Male,Remote Tech,Night Owl,52,Messaging / Chat,88,1,0,0,37.0,4.91,19.6,20.2,3,5.2,Moderate Debt
USR-04438,44,Female,Healthcare / Shift Worker,Night Owl,34,YouTube,60,1,0,24,19.0,4.48,23.9,22.1,4,4.0,Moderate Debt
USR-04439,64,Female,Corporate 9-to-5,Morning Lark,10,Streaming (Netflix/Hulu),69,0,0,80,23.2,8.56,26.2,21.7,0,1.0,Optimal Recovery
USR-04440,25,Female,Corporate 9-to-5,Intermediate,180,YouTube,25,1,0,24,71.3,4.5,24.1,18.6,5,7.5,Moderate Debt
USR-04441,50,Female,Remote Tech,Night Owl,47,TikTok / Reels,57,1,110,41,40.2,5.55,21.6,16.1,4,5.4,Moderate Debt
USR-04442,47,Male,Corporate 9-to-5,Intermediate,46,YouTube,60,0,0,49,28.0,8.07,23.9,15.3,0,1.0,Optimal Recovery
USR-04443,25,Female,Student,Night Owl,104,TikTok / Reels,51,1,32,29,63.7,4.33,23.4,16.4,5,7.9,Moderate Debt
USR-04444,29,Male,Remote Tech,Night Owl,94,TikTok / Reels,46,0,31,38,61.7,3.2,16.7,17.0,6,9.3,Severe Sleep Debt
USR-04445,29,Female,Remote Tech,Night Owl,46,TikTok / Reels,39,0,0,27,40.8,6.0,21.1,20.1,3,3.4,Moderate Debt
USR-04446,61,Female,Corporate 9-to-5,Morning Lark,49,News / Reading,56,1,32,20,28.5,7.36,22.9,20.0,1,1.0,Mild Deficit
USR-04447,23,Male,Freelance / Creative,Morning Lark,145,TikTok / Reels,78,0,0,37,86.1,5.3,15.6,21.9,6,9.3,Severe Sleep Debt
USR-04448,45,Female,Corporate 9-to-5,Morning Lark,46,Messaging / Chat,81,0,250,26,56.0,7.48,16.3,13.6,1,3.3,Mild Deficit
USR-04449,28,Male,Healthcare / Shift Worker,Night Owl,90,Messaging / Chat,55,0,52,20,50.6,3.2,20.2,16.0,6,9.0,Severe Sleep Debt
USR-04450,41,Female,Remote Tech,Intermediate,32,Instagram / Reddit,76,1,0,29,27.1,8.0,18.9,20.2,1,1.0,Optimal Recovery
USR-04451,30,Female,Healthcare / Shift Worker,Morning Lark,24,TikTok / Reels,36,0,0,17,18.8,6.99,25.8,18.0,0,1.0,Mild Deficit
USR-04452,35,Male,Student,Intermediate,69,Streaming (Netflix/Hulu),66,0,74,61,41.2,6.39,23.0,19.4,4,3.5,Moderate Debt
USR-04453,47,Male,Corporate 9-to-5,Intermediate,89,YouTube,53,0,0,54,44.8,5.99,23.3,22.4,3,3.7,Moderate Debt
USR-04454,45,Female,Healthcare / Shift Worker,Night Owl,18,TikTok / Reels,41,1,0,54,27.1,3.66,22.3,18.8,4,6.0,Moderate Debt
USR-04455,49,Female,Student,Night Owl,67,Instagram / Reddit,98,1,76,28,55.1,3.93,23.4,17.7,6,10.0,Severe Sleep Debt
USR-04456,20,Male,Corporate 9-to-5,Intermediate,33,TikTok / Reels,46,0,0,9,42.1,6.43,17.2,22.7,2,2.9,Moderate Debt
USR-04457,39,Non-Binary,Corporate 9-to-5,Morning Lark,6,Streaming (Netflix/Hulu),48,0,0,54,11.6,8.45,24.8,17.1,0,1.0,Optimal Recovery
USR-04458,22,Male,Student,Night Owl,20,YouTube,46,1,0,0,24.5,6.14,19.1,22.0,2,2.1,Moderate Debt
USR-04459,30,Female,Student,Morning Lark,37,Messaging / Chat,62,0,0,64,18.0,9.64,28.0,23.2,0,1.0,Optimal Recovery
USR-04460,34,Non-Binary,Student,Intermediate,89,TikTok / Reels,82,1,250,78,83.8,4.36,17.2,13.9,6,10.0,Severe Sleep Debt
USR-04461,29,Female,Student,Morning Lark,74,TikTok / Reels,32,1,0,58,44.4,7.7,25.4,20.0,2,1.0,Mild Deficit
USR-04462,33,Female,Student,Morning Lark,18,Instagram / Reddit,65,1,228,35,29.6,8.8,16.8,10.7,2,1.0,Optimal Recovery
USR-04463,65,Male,Student,Morning Lark,69,Messaging / Chat,62,0,0,9,42.9,8.4,18.5,18.8,1,1.0,Optimal Recovery
USR-04464,22,Female,Remote Tech,Intermediate,26,Streaming (Netflix/Hulu),23,0,0,27,13.9,7.41,25.7,21.6,1,1.0,Mild Deficit
USR-04465,39,Female,Corporate 9-to-5,Intermediate,65,Streaming (Netflix/Hulu),82,1,82,26,38.9,6.64,20.8,16.4,3,3.1,Moderate Debt
USR-04466,29,Female,Freelance / Creative,Morning Lark,28,YouTube,60,1,59,42,31.6,7.5,19.3,23.6,1,1.7,Mild Deficit
USR-04467,22,Female,Corporate 9-to-5,Intermediate,138,Instagram / Reddit,69,0,0,39,79.2,4.78,23.6,21.8,5,8.9,Severe Sleep Debt
USR-04468,23,Male,Remote Tech,Night Owl,30,TikTok / Reels,14,1,0,69,40.4,4.97,27.8,17.1,3,5.7,Moderate Debt
USR-04469,57,Male,Student,Morning Lark,39,Streaming (Netflix/Hulu),84,1,0,27,16.6,8.53,23.7,19.8,1,1.0,Optimal Recovery
USR-04470,50,Female,Remote Tech,Morning Lark,26,Instagram / Reddit,96,0,0,57,29.3,7.4,18.4,22.5,2,1.1,Mild Deficit
USR-04471,53,Female,Corporate 9-to-5,Intermediate,70,YouTube,52,0,0,39,48.4,5.39,25.6,16.1,3,5.0,Moderate Debt
USR-04472,64,Male,Corporate 9-to-5,Night Owl,25,Messaging / Chat,41,1,0,32,11.8,6.59,24.2,18.0,2,1.0,Moderate Debt
USR-04473,24,Male,Student,Intermediate,10,Streaming (Netflix/Hulu),10,1,0,40,18.6,8.06,26.2,18.1,0,1.0,Optimal Recovery
USR-04474,28,Female,Freelance / Creative,Night Owl,62,TikTok / Reels,29,0,182,50,69.1,5.04,22.5,16.6,3,5.9,Moderate Debt
USR-04475,39,Non-Binary,Remote Tech,Intermediate,60,News / Reading,72,1,0,0,25.4,6.73,16.1,23.1,2,1.7,Moderate Debt
USR-04476,32,Male,Remote Tech,Intermediate,21,YouTube,54,1,0,9,20.8,8.4,19.5,19.1,0,1.0,Optimal Recovery
USR-04477,30,Female,Corporate 9-to-5,Morning Lark,26,YouTube,25,0,164,9,46.6,8.51,25.2,20.8,1,1.0,Optimal Recovery
USR-04478,28,Female,Corporate 9-to-5,Intermediate,42,Messaging / Chat,86,0,0,43,26.4,7.21,19.5,19.5,1,1.0,Mild Deficit
USR-04479,36,Female,Corporate 9-to-5,Morning Lark,72,Instagram / Reddit,42,1,0,48,40.4,7.81,26.2,19.4,2,1.0,Optimal Recovery
USR-04480,35,Male,Corporate 9-to-5,Intermediate,161,Messaging / Chat,25,0,0,11,68.3,3.48,21.7,19.2,4,7.5,Moderate Debt
USR-04481,23,Female,Remote Tech,Morning Lark,72,TikTok / Reels,56,0,0,46,47.0,6.32,22.2,18.7,2,2.6,Moderate Debt
USR-04482,31,Male,Corporate 9-to-5,Intermediate,78,Messaging / Chat,65,0,0,29,47.3,6.04,18.9,19.6,4,4.2,Moderate Debt
USR-04483,34,Female,Corporate 9-to-5,Night Owl,124,Messaging / Chat,28,1,36,35,59.4,3.54,20.8,19.5,6,7.4,Moderate Debt
USR-04484,35,Male,Student,Night Owl,81,Instagram / Reddit,49,1,0,48,40.0,4.58,23.6,16.5,5,6.3,Moderate Debt
USR-04485,24,Female,Healthcare / Shift Worker,Morning Lark,135,Instagram / Reddit,86,0,20,22,97.5,3.33,15.6,19.8,6,10.0,Severe Sleep Debt
USR-04486,42,Male,Freelance / Creative,Intermediate,53,News / Reading,28,1,0,49,29.9,7.24,24.7,21.9,2,2.0,Mild Deficit
USR-04487,18,Male,Student,Intermediate,61,YouTube,62,0,0,80,38.4,7.37,21.5,21.3,3,2.1,Mild Deficit
USR-04488,28,Female,Corporate 9-to-5,Morning Lark,26,YouTube,49,1,0,31,35.8,9.1,21.5,25.6,2,1.0,Optimal Recovery
USR-04489,44,Female,Student,Intermediate,22,Streaming (Netflix/Hulu),66,0,55,61,31.0,6.38,22.1,16.9,3,3.1,Moderate Debt
USR-04490,34,Female,Corporate 9-to-5,Intermediate,34,YouTube,34,0,0,52,28.3,7.73,24.7,15.5,1,1.0,Mild Deficit
USR-04491,26,Male,Student,Intermediate,83,Messaging / Chat,60,0,0,24,51.9,5.75,21.5,18.9,3,3.9,Moderate Debt
USR-04492,40,Male,Student,Night Owl,85,TikTok / Reels,36,0,37,52,45.2,5.65,20.7,18.8,2,5.0,Moderate Debt
USR-04493,35,Female,Student,Morning Lark,50,Instagram / Reddit,15,0,0,25,37.2,7.74,26.0,18.4,1,1.0,Mild Deficit
USR-04494,44,Female,Freelance / Creative,Morning Lark,99,Streaming (Netflix/Hulu),27,1,0,61,54.5,6.74,24.0,23.0,4,2.6,Moderate Debt
USR-04495,41,Female,Student,Intermediate,37,Instagram / Reddit,51,1,0,67,16.4,7.01,24.5,19.0,0,1.0,Mild Deficit
USR-04496,36,Male,Student,Night Owl,20,YouTube,60,1,0,34,10.1,6.87,26.8,18.4,1,1.0,Mild Deficit
USR-04497,32,Male,Corporate 9-to-5,Night Owl,73,Instagram / Reddit,79,1,79,17,48.9,5.23,20.7,21.0,3,5.7,Moderate Debt
USR-04498,22,Male,Freelance / Creative,Morning Lark,59,Streaming (Netflix/Hulu),62,0,0,49,40.6,7.73,22.6,22.8,1,1.6,Mild Deficit
USR-04499,26,Female,Corporate 9-to-5,Intermediate,60,YouTube,86,0,0,31,40.9,7.01,21.8,22.5,2,4.1,Mild Deficit
USR-04500,30,Female,Freelance / Creative,Intermediate,138,YouTube,51,0,33,36,67.0,5.07,15.0,23.3,4,8.0,Moderate Debt
USR-04501,36,Non-Binary,Corporate 9-to-5,Intermediate,60,Streaming (Netflix/Hulu),66,0,146,32,44.8,5.9,17.1,17.9,4,5.2,Moderate Debt
USR-04502,33,Female,Corporate 9-to-5,Intermediate,91,Streaming (Netflix/Hulu),35,1,84,64,43.7,5.65,18.3,17.0,3,5.0,Moderate Debt
USR-04503,26,Male,Healthcare / Shift Worker,Night Owl,2,YouTube,61,1,0,27,19.3,4.46,20.9,16.4,4,5.7,Moderate Debt
USR-04504,18,Female,Corporate 9-to-5,Morning Lark,59,YouTube,48,0,0,32,40.8,8.59,25.7,21.8,1,1.0,Optimal Recovery
USR-04505,32,Female,Healthcare / Shift Worker,Intermediate,16,TikTok / Reels,45,0,0,63,8.2,6.35,23.0,20.3,2,1.4,Moderate Debt
USR-04506,26,Male,Corporate 9-to-5,Night Owl,43,Instagram / Reddit,56,1,57,26,43.1,5.15,26.7,18.1,3,4.0,Moderate Debt
USR-04507,41,Non-Binary,Healthcare / Shift Worker,Night Owl,35,Instagram / Reddit,27,0,0,24,18.1,3.45,20.1,21.3,4,6.4,Moderate Debt
USR-04508,18,Male,Student,Intermediate,121,YouTube,62,0,0,53,55.4,4.27,22.0,20.2,5,8.0,Moderate Debt
USR-04509,35,Female,Student,Intermediate,125,YouTube,69,0,0,47,68.2,5.37,21.9,21.2,5,7.6,Moderate Debt
USR-04510,57,Female,Remote Tech,Intermediate,133,YouTube,41,1,28,4,48.8,5.34,20.4,19.9,3,5.3,Moderate Debt
USR-04511,23,Male,Corporate 9-to-5,Intermediate,56,Instagram / Reddit,59,1,32,4,38.2,8.22,19.9,18.3,0,1.0,Optimal Recovery
USR-04512,31,Male,Healthcare / Shift Worker,Night Owl,7,Instagram / Reddit,80,1,147,45,29.6,5.23,18.0,11.9,3,5.8,Moderate Debt
USR-04513,21,Male,Corporate 9-to-5,Night Owl,67,TikTok / Reels,70,0,0,13,62.7,5.11,23.7,21.0,5,6.2,Moderate Debt
USR-04514,37,Female,Remote Tech,Night Owl,38,TikTok / Reels,52,0,0,43,32.4,5.47,28.0,19.7,2,3.7,Moderate Debt
USR-04515,34,Male,Student,Intermediate,55,YouTube,63,1,0,20,29.6,8.37,18.0,23.3,0,1.0,Optimal Recovery
USR-04516,29,Male,Remote Tech,Night Owl,24,YouTube,85,0,0,62,17.1,5.68,22.1,21.0,3,3.7,Moderate Debt
USR-04517,33,Male,Corporate 9-to-5,Morning Lark,119,Streaming (Netflix/Hulu),60,0,0,44,63.3,5.45,21.2,22.6,4,7.3,Moderate Debt
USR-04518,52,Male,Corporate 9-to-5,Morning Lark,81,TikTok / Reels,74,1,0,6,53.4,6.45,17.0,17.3,3,3.7,Moderate Debt
USR-04519,24,Female,Corporate 9-to-5,Intermediate,43,YouTube,71,0,0,45,24.4,6.95,22.8,23.1,3,2.3,Mild Deficit
USR-04520,18,Non-Binary,Healthcare / Shift Worker,Intermediate,28,TikTok / Reels,57,1,0,54,28.6,4.94,23.6,20.2,3,5.4,Moderate Debt
USR-04521,49,Male,Corporate 9-to-5,Night Owl,88,TikTok / Reels,81,0,0,39,67.0,3.78,16.7,17.7,7,9.9,Severe Sleep Debt
USR-04522,35,Male,Freelance / Creative,Intermediate,99,Messaging / Chat,35,1,0,23,53.7,5.01,19.4,20.9,4,5.2,Moderate Debt
USR-04523,51,Male,Corporate 9-to-5,Intermediate,38,Streaming (Netflix/Hulu),64,0,0,45,26.4,7.15,23.8,20.4,2,1.0,Mild Deficit
USR-04524,36,Male,Corporate 9-to-5,Intermediate,29,Messaging / Chat,44,1,0,51,17.9,6.97,26.7,20.4,1,1.0,Mild Deficit
USR-04525,45,Male,Remote Tech,Night Owl,57,YouTube,73,1,0,47,32.0,5.03,22.8,20.0,3,3.6,Moderate Debt
USR-04526,30,Female,Corporate 9-to-5,Intermediate,65,YouTube,55,0,43,33,43.7,6.36,24.5,18.3,1,2.3,Moderate Debt
USR-04527,42,Female,Student,Morning Lark,21,Instagram / Reddit,74,1,0,56,29.7,7.53,24.4,18.1,2,1.1,Mild Deficit
USR-04528,53,Female,Healthcare / Shift Worker,Night Owl,93,Streaming (Netflix/Hulu),70,0,0,7,53.6,3.2,18.0,19.6,7,10.0,Severe Sleep Debt
USR-04529,35,Female,Corporate 9-to-5,Intermediate,44,Instagram / Reddit,47,0,0,7,36.6,6.76,20.9,21.2,3,2.3,Mild Deficit
USR-04530,23,Female,Healthcare / Shift Worker,Morning Lark,108,YouTube,66,1,0,29,42.6,5.01,23.4,21.8,3,6.1,Moderate Debt
USR-04531,26,Female,Remote Tech,Intermediate,109,TikTok / Reels,64,1,0,73,62.4,5.92,25.1,19.5,3,4.4,Moderate Debt
USR-04532,24,Female,Corporate 9-to-5,Morning Lark,103,YouTube,51,0,0,72,46.6,6.79,24.0,21.4,3,2.5,Mild Deficit
USR-04533,25,Female,Corporate 9-to-5,Night Owl,15,Streaming (Netflix/Hulu),72,0,68,66,23.1,5.83,25.2,20.7,2,2.3,Moderate Debt
USR-04534,27,Female,Freelance / Creative,Intermediate,19,YouTube,53,0,128,36,28.7,7.76,22.9,16.6,1,1.4,Optimal Recovery
USR-04535,34,Female,Corporate 9-to-5,Night Owl,85,YouTube,39,0,0,0,50.2,3.98,19.5,21.0,5,8.0,Moderate Debt
USR-04536,35,Male,Healthcare / Shift Worker,Intermediate,85,Instagram / Reddit,61,0,66,46,73.1,3.95,18.4,19.5,4,8.9,Severe Sleep Debt
USR-04537,30,Male,Remote Tech,Night Owl,22,Streaming (Netflix/Hulu),64,1,0,22,25.5,6.15,25.0,21.2,2,1.6,Moderate Debt
USR-04538,36,Female,Corporate 9-to-5,Morning Lark,48,TikTok / Reels,10,0,111,52,47.1,7.05,19.7,20.4,3,2.8,Mild Deficit
USR-04539,20,Male,Remote Tech,Morning Lark,97,YouTube,100,1,0,45,52.8,6.7,24.2,20.2,2,3.0,Moderate Debt
USR-04540,21,Male,Healthcare / Shift Worker,Morning Lark,8,Messaging / Chat,100,0,0,80,27.5,6.84,26.2,26.0,1,1.0,Mild Deficit
USR-04541,23,Female,Student,Intermediate,72,YouTube,38,1,0,76,41.0,6.72,27.8,17.8,1,2.3,Moderate Debt
USR-04542,33,Male,Remote Tech,Morning Lark,84,TikTok / Reels,67,1,0,19,54.2,7.01,18.5,16.9,2,2.1,Mild Deficit
USR-04543,24,Male,Healthcare / Shift Worker,Intermediate,65,Instagram / Reddit,34,1,0,38,30.6,6.47,22.3,17.5,1,1.7,Moderate Debt
USR-04544,26,Male,Corporate 9-to-5,Intermediate,74,TikTok / Reels,22,0,153,30,59.8,7.17,18.0,14.4,3,3.3,Mild Deficit
USR-04545,29,Female,Freelance / Creative,Intermediate,50,TikTok / Reels,46,1,0,25,36.7,6.35,19.2,20.4,2,3.0,Moderate Debt
USR-04546,45,Male,Healthcare / Shift Worker,Intermediate,44,TikTok / Reels,27,1,0,36,29.4,6.5,23.0,20.2,0,2.1,Moderate Debt
USR-04547,18,Female,Student,Morning Lark,55,TikTok / Reels,66,0,73,0,51.2,6.94,17.1,17.1,2,3.8,Mild Deficit
USR-04548,38,Male,Healthcare / Shift Worker,Night Owl,93,Messaging / Chat,73,0,0,22,50.5,3.61,18.0,21.0,5,8.2,Moderate Debt
USR-04549,39,Non-Binary,Remote Tech,Intermediate,35,Streaming (Netflix/Hulu),90,1,0,60,17.5,7.13,22.9,17.3,3,2.0,Mild Deficit
USR-04550,45,Male,Student,Night Owl,40,YouTube,56,1,35,0,22.2,6.07,23.9,19.4,3,4.2,Moderate Debt
USR-04551,56,Male,Remote Tech,Intermediate,21,Messaging / Chat,72,1,0,0,22.5,7.48,23.6,23.3,1,1.0,Mild Deficit
USR-04552,18,Female,Remote Tech,Night Owl,44,Instagram / Reddit,63,1,57,60,37.6,5.68,17.7,19.4,3,4.5,Moderate Debt
USR-04553,23,Non-Binary,Remote Tech,Intermediate,21,YouTube,61,1,0,64,17.6,7.59,28.0,22.8,0,1.0,Mild Deficit
USR-04554,51,Male,Corporate 9-to-5,Night Owl,102,TikTok / Reels,35,0,57,6,66.4,4.54,16.8,16.6,6,9.3,Severe Sleep Debt
USR-04555,31,Female,Remote Tech,Morning Lark,47,Streaming (Netflix/Hulu),50,1,0,61,39.2,7.4,24.9,17.1,3,2.7,Mild Deficit
USR-04556,35,Male,Corporate 9-to-5,Night Owl,24,YouTube,48,0,0,57,22.9,6.42,25.2,19.9,2,1.6,Moderate Debt
USR-04557,38,Female,Corporate 9-to-5,Night Owl,94,YouTube,67,0,0,40,63.7,4.69,27.5,22.6,5,7.1,Moderate Debt
USR-04558,39,Female,Corporate 9-to-5,Morning Lark,25,YouTube,13,0,47,30,33.5,8.93,23.4,20.8,0,1.0,Optimal Recovery
USR-04559,55,Male,Healthcare / Shift Worker,Intermediate,18,TikTok / Reels,76,1,0,55,19.3,6.85,22.4,20.0,1,1.0,Mild Deficit
USR-04560,65,Female,Remote Tech,Night Owl,10,Streaming (Netflix/Hulu),50,0,0,31,12.4,6.56,24.2,24.2,2,1.0,Moderate Debt
USR-04561,41,Male,Student,Intermediate,12,TikTok / Reels,42,0,130,40,24.6,8.05,25.3,20.3,1,1.0,Optimal Recovery
USR-04562,26,Female,Corporate 9-to-5,Morning Lark,46,YouTube,62,1,31,57,40.7,8.82,21.8,19.4,1,1.0,Optimal Recovery
USR-04563,50,Female,Remote Tech,Intermediate,50,TikTok / Reels,55,0,0,22,39.1,6.77,23.6,17.4,1,1.5,Mild Deficit
USR-04564,19,Non-Binary,Corporate 9-to-5,Morning Lark,74,Instagram / Reddit,58,1,0,28,29.9,6.48,17.9,17.5,2,2.8,Moderate Debt
USR-04565,25,Female,Corporate 9-to-5,Night Owl,56,TikTok / Reels,81,0,0,67,45.3,4.73,22.2,16.6,3,5.4,Moderate Debt
USR-04566,52,Male,Student,Morning Lark,54,Streaming (Netflix/Hulu),19,0,0,12,24.1,8.61,23.9,21.9,0,1.0,Optimal Recovery
USR-04567,26,Male,Student,Morning Lark,23,TikTok / Reels,27,1,0,52,21.2,8.67,24.9,19.5,0,1.0,Optimal Recovery
USR-04568,25,Male,Corporate 9-to-5,Intermediate,97,TikTok / Reels,44,1,60,38,69.3,6.21,19.2,13.3,5,6.2,Moderate Debt
USR-04569,22,Male,Remote Tech,Intermediate,63,TikTok / Reels,83,0,0,47,48.8,6.72,21.7,15.1,4,3.3,Moderate Debt
USR-04570,49,Male,Healthcare / Shift Worker,Night Owl,44,Streaming (Netflix/Hulu),71,0,25,39,28.1,3.2,23.7,19.5,6,8.6,Severe Sleep Debt
USR-04571,32,Female,Corporate 9-to-5,Morning Lark,58,TikTok / Reels,53,1,86,20,51.3,6.75,22.0,16.5,3,2.4,Mild Deficit
USR-04572,39,Male,Corporate 9-to-5,Morning Lark,79,Streaming (Netflix/Hulu),67,1,74,0,37.9,7.59,19.5,19.4,1,1.0,Mild Deficit
USR-04573,25,Female,Student,Intermediate,21,TikTok / Reels,72,1,0,5,26.8,8.09,24.5,20.8,0,1.0,Optimal Recovery
USR-04574,42,Male,Corporate 9-to-5,Night Owl,30,News / Reading,65,0,0,26,23.1,5.64,23.1,23.3,4,3.6,Moderate Debt
USR-04575,43,Male,Freelance / Creative,Intermediate,8,Instagram / Reddit,77,0,0,54,18.7,7.39,25.7,19.9,2,1.0,Mild Deficit
USR-04576,27,Male,Student,Intermediate,49,TikTok / Reels,59,0,39,44,50.7,6.43,20.2,18.9,3,4.1,Moderate Debt
USR-04577,29,Male,Remote Tech,Intermediate,68,TikTok / Reels,65,1,194,59,58.8,5.93,22.8,17.5,2,4.3,Moderate Debt
USR-04578,24,Male,Remote Tech,Intermediate,64,TikTok / Reels,65,0,0,47,57.6,6.58,25.6,20.5,4,4.7,Moderate Debt
USR-04579,61,Male,Remote Tech,Intermediate,80,Messaging / Chat,47,0,0,35,30.2,7.15,22.5,23.8,1,1.9,Mild Deficit
USR-04580,38,Male,Corporate 9-to-5,Intermediate,76,TikTok / Reels,52,0,22,61,54.7,6.52,25.0,17.3,2,3.7,Moderate Debt
USR-04581,56,Female,Freelance / Creative,Night Owl,51,Messaging / Chat,65,1,0,41,27.3,6.17,19.6,18.0,4,3.4,Moderate Debt
USR-04582,27,Female,Student,Night Owl,72,YouTube,35,1,0,61,33.3,4.68,22.0,20.3,4,5.7,Moderate Debt
USR-04583,44,Female,Corporate 9-to-5,Night Owl,126,Messaging / Chat,41,1,58,40,68.6,3.2,23.0,19.7,7,10.0,Severe Sleep Debt
USR-04584,43,Male,Remote Tech,Intermediate,92,Messaging / Chat,50,0,0,16,52.0,6.66,14.1,21.7,2,3.7,Moderate Debt
USR-04585,39,Female,Corporate 9-to-5,Intermediate,88,News / Reading,56,0,128,45,44.5,5.2,13.3,17.0,3,6.3,Moderate Debt
USR-04586,60,Female,Corporate 9-to-5,Morning Lark,38,TikTok / Reels,55,0,0,34,27.3,8.71,19.5,19.0,0,1.0,Optimal Recovery
USR-04587,29,Female,Student,Night Owl,41,Instagram / Reddit,55,1,0,13,30.3,5.03,25.0,20.5,3,4.4,Moderate Debt
USR-04588,22,Male,Student,Intermediate,99,TikTok / Reels,58,1,57,71,60.5,4.71,21.0,15.5,5,7.1,Moderate Debt
USR-04589,39,Male,Remote Tech,Night Owl,20,YouTube,50,0,0,35,16.2,5.59,23.3,20.6,1,1.6,Moderate Debt
USR-04590,41,Female,Corporate 9-to-5,Morning Lark,54,Streaming (Netflix/Hulu),41,1,0,31,34.0,8.14,20.7,20.6,1,1.0,Optimal Recovery
USR-04591,35,Female,Student,Night Owl,91,Instagram / Reddit,56,0,0,18,66.4,3.43,23.3,20.6,7,9.1,Severe Sleep Debt
USR-04592,24,Female,Corporate 9-to-5,Intermediate,55,YouTube,68,1,44,13,40.8,6.31,21.0,19.1,3,3.6,Moderate Debt
USR-04593,32,Female,Student,Intermediate,47,News / Reading,72,0,20,37,25.5,7.59,20.3,20.9,1,1.0,Mild Deficit
USR-04594,27,Female,Remote Tech,Intermediate,80,Streaming (Netflix/Hulu),15,0,91,63,51.2,6.65,25.0,20.6,3,3.3,Moderate Debt
USR-04595,30,Male,Student,Night Owl,68,YouTube,35,0,0,53,30.5,4.63,24.0,23.1,3,5.2,Moderate Debt
USR-04596,38,Non-Binary,Healthcare / Shift Worker,Night Owl,87,Streaming (Netflix/Hulu),74,0,0,21,47.8,3.2,18.3,22.6,5,9.5,Severe Sleep Debt
USR-04597,42,Female,Healthcare / Shift Worker,Night Owl,161,TikTok / Reels,49,1,0,40,89.2,3.2,22.5,18.4,6,10.0,Severe Sleep Debt
USR-04598,25,Female,Freelance / Creative,Morning Lark,43,YouTube,18,0,31,97,38.2,8.56,27.2,16.2,0,1.0,Optimal Recovery
USR-04599,29,Female,Freelance / Creative,Night Owl,75,Instagram / Reddit,79,0,29,25,59.4,3.76,23.3,17.8,6,9.5,Severe Sleep Debt
USR-04600,26,Female,Student,Intermediate,43,Instagram / Reddit,75,0,0,38,32.5,7.12,25.5,20.9,2,1.9,Mild Deficit
USR-04601,24,Female,Freelance / Creative,Intermediate,21,Messaging / Chat,31,0,0,54,22.8,7.31,23.1,20.7,3,1.1,Mild Deficit
USR-04602,44,Female,Healthcare / Shift Worker,Morning Lark,47,YouTube,32,0,0,27,38.3,6.55,21.7,19.2,1,2.3,Moderate Debt
USR-04603,53,Female,Student,Morning Lark,16,News / Reading,100,1,20,0,14.1,6.83,23.1,16.3,1,1.0,Mild Deficit
USR-04604,28,Male,Corporate 9-to-5,Morning Lark,24,Instagram / Reddit,37,0,0,79,13.6,7.8,26.8,18.0,1,1.0,Optimal Recovery
USR-04605,42,Male,Corporate 9-to-5,Night Owl,73,TikTok / Reels,79,0,103,31,59.8,4.19,23.0,19.8,5,7.6,Moderate Debt
USR-04606,52,Male,Healthcare / Shift Worker,Morning Lark,69,YouTube,86,1,0,57,39.7,6.72,23.4,15.1,2,2.0,Moderate Debt
USR-04607,48,Female,Remote Tech,Morning Lark,111,Instagram / Reddit,26,0,0,25,55.7,5.9,21.3,21.5,2,3.3,Moderate Debt
USR-04608,23,Male,Healthcare / Shift Worker,Intermediate,99,TikTok / Reels,37,0,33,86,62.6,4.48,25.1,18.0,4,6.5,Moderate Debt
USR-04609,58,Male,Corporate 9-to-5,Intermediate,30,TikTok / Reels,76,1,49,75,36.2,6.98,26.0,16.4,1,1.0,Mild Deficit
USR-04610,29,Female,Remote Tech,Morning Lark,80,YouTube,28,0,77,30,49.2,7.05,22.8,18.1,3,2.1,Mild Deficit
USR-04611,28,Female,Student,Morning Lark,68,TikTok / Reels,34,0,0,38,48.6,5.94,27.4,20.4,3,4.3,Moderate Debt
USR-04612,20,Male,Freelance / Creative,Morning Lark,37,Messaging / Chat,51,1,20,32,26.4,8.28,27.1,18.9,1,1.0,Optimal Recovery
USR-04613,32,Female,Corporate 9-to-5,Intermediate,59,Messaging / Chat,52,0,0,39,31.1,7.99,22.1,20.3,2,1.0,Optimal Recovery
USR-04614,21,Female,Healthcare / Shift Worker,Morning Lark,28,YouTube,77,1,0,21,20.6,7.02,27.6,21.2,0,1.0,Mild Deficit
USR-04615,25,Male,Healthcare / Shift Worker,Intermediate,106,TikTok / Reels,66,0,157,29,84.9,3.9,12.3,14.7,6,10.0,Severe Sleep Debt
USR-04616,27,Male,Corporate 9-to-5,Morning Lark,71,YouTube,59,0,0,0,45.9,7.53,23.2,19.7,1,1.3,Mild Deficit
USR-04617,45,Female,Remote Tech,Morning Lark,113,Streaming (Netflix/Hulu),52,1,0,27,48.8,6.72,22.6,18.6,3,2.8,Moderate Debt
USR-04618,50,Male,Corporate 9-to-5,Intermediate,17,Messaging / Chat,34,1,43,22,20.3,8.56,22.0,18.6,1,1.0,Optimal Recovery
USR-04619,27,Male,Corporate 9-to-5,Morning Lark,52,TikTok / Reels,79,0,0,24,39.8,8.83,20.5,16.2,0,1.0,Optimal Recovery
USR-04620,49,Female,Remote Tech,Morning Lark,28,Streaming (Netflix/Hulu),58,1,0,52,22.3,7.84,22.5,22.8,2,1.0,Optimal Recovery
USR-04621,49,Male,Corporate 9-to-5,Intermediate,11,Instagram / Reddit,68,0,0,31,37.2,8.92,22.7,14.9,2,1.0,Optimal Recovery
USR-04622,43,Female,Corporate 9-to-5,Intermediate,32,TikTok / Reels,59,0,179,65,43.0,6.97,18.4,12.7,3,4.5,Mild Deficit
USR-04623,22,Female,Healthcare / Shift Worker,Night Owl,32,TikTok / Reels,57,0,25,24,19.5,4.61,20.5,14.5,4,5.7,Moderate Debt
USR-04624,39,Male,Remote Tech,Morning Lark,80,Streaming (Netflix/Hulu),57,1,0,16,30.6,7.14,22.5,21.0,2,2.0,Mild Deficit
USR-04625,57,Female,Student,Night Owl,61,YouTube,55,1,0,46,31.8,5.06,25.8,22.9,4,3.7,Moderate Debt
USR-04626,39,Female,Corporate 9-to-5,Night Owl,90,News / Reading,52,1,0,12,31.3,3.31,21.2,24.1,5,6.7,Moderate Debt
USR-04627,28,Female,Healthcare / Shift Worker,Night Owl,36,Streaming (Netflix/Hulu),43,1,0,33,43.7,3.82,25.6,18.2,4,5.6,Moderate Debt
USR-04628,32,Male,Healthcare / Shift Worker,Intermediate,96,Instagram / Reddit,66,0,0,0,63.5,5.3,16.6,19.9,4,6.6,Moderate Debt
USR-04629,38,Male,Remote Tech,Night Owl,46,Streaming (Netflix/Hulu),77,1,33,20,23.8,5.99,24.3,19.8,1,2.2,Moderate Debt
USR-04630,33,Female,Freelance / Creative,Morning Lark,30,TikTok / Reels,60,1,0,66,26.5,9.8,27.5,19.5,0,1.0,Optimal Recovery
USR-04631,22,Male,Healthcare / Shift Worker,Morning Lark,12,Streaming (Netflix/Hulu),87,0,73,50,21.2,7.22,24.0,18.9,2,1.0,Mild Deficit
USR-04632,27,Female,Student,Morning Lark,20,YouTube,46,1,0,22,28.3,8.17,23.1,20.2,1,1.0,Optimal Recovery
USR-04633,45,Male,Student,Night Owl,33,Instagram / Reddit,98,0,20,43,34.5,7.35,16.4,18.4,4,3.1,Mild Deficit
USR-04634,49,Female,Corporate 9-to-5,Intermediate,58,Messaging / Chat,64,0,0,43,28.7,7.08,21.6,20.4,3,1.8,Mild Deficit
USR-04635,22,Male,Corporate 9-to-5,Night Owl,29,TikTok / Reels,10,0,65,55,26.2,5.11,23.6,16.8,4,4.5,Moderate Debt
USR-04636,58,Non-Binary,Corporate 9-to-5,Intermediate,167,Instagram / Reddit,93,1,0,1,83.9,3.75,16.8,16.7,6,10.0,Severe Sleep Debt
USR-04637,27,Male,Corporate 9-to-5,Night Owl,77,Instagram / Reddit,36,1,0,0,42.7,4.92,18.8,23.5,2,4.3,Moderate Debt
USR-04638,38,Female,Corporate 9-to-5,Night Owl,23,TikTok / Reels,59,1,82,33,36.5,5.28,19.2,14.0,3,5.9,Moderate Debt
USR-04639,42,Male,Healthcare / Shift Worker,Night Owl,37,TikTok / Reels,65,1,63,23,37.9,4.73,20.0,17.8,4,6.4,Moderate Debt
USR-04640,45,Female,Corporate 9-to-5,Intermediate,41,Instagram / Reddit,56,0,0,40,29.5,7.44,21.2,16.9,0,1.0,Mild Deficit
USR-04641,57,Male,Freelance / Creative,Night Owl,63,Instagram / Reddit,53,1,0,60,43.1,6.06,25.9,17.5,3,2.9,Moderate Debt
USR-04642,27,Female,Remote Tech,Night Owl,12,TikTok / Reels,42,1,0,44,17.6,6.52,27.6,17.1,2,1.0,Moderate Debt
USR-04643,49,Female,Corporate 9-to-5,Intermediate,134,Messaging / Chat,45,1,0,57,49.9,5.66,20.0,20.9,5,6.0,Moderate Debt
USR-04644,22,Female,Remote Tech,Intermediate,160,TikTok / Reels,79,0,25,36,107.4,3.2,16.5,21.8,7,10.0,Severe Sleep Debt
USR-04645,40,Female,Corporate 9-to-5,Night Owl,69,Instagram / Reddit,35,0,0,36,47.3,4.07,22.7,19.8,6,8.4,Moderate Debt
USR-04646,42,Male,Freelance / Creative,Intermediate,111,YouTube,56,1,0,56,56.4,5.26,23.6,24.8,6,5.5,Moderate Debt
USR-04647,39,Male,Healthcare / Shift Worker,Night Owl,60,TikTok / Reels,69,0,0,54,44.5,3.2,21.1,12.4,5,8.9,Severe Sleep Debt
USR-04648,25,Male,Corporate 9-to-5,Morning Lark,41,YouTube,34,0,20,60,18.0,6.69,21.2,20.4,1,1.8,Moderate Debt
USR-04649,50,Male,Freelance / Creative,Intermediate,24,Instagram / Reddit,64,1,0,40,17.5,7.32,24.6,21.1,1,1.0,Mild Deficit
USR-04650,23,Male,Student,Morning Lark,67,Instagram / Reddit,76,1,76,19,53.3,6.97,19.3,14.8,2,4.1,Mild Deficit
USR-04651,19,Female,Corporate 9-to-5,Intermediate,52,YouTube,62,1,0,34,36.6,7.48,25.8,22.2,1,1.0,Mild Deficit
USR-04652,41,Female,Student,Intermediate,137,YouTube,78,1,0,54,63.1,4.71,22.4,20.4,5,6.7,Moderate Debt
USR-04653,31,Female,Student,Night Owl,82,Streaming (Netflix/Hulu),54,1,0,54,49.4,3.73,23.1,21.3,4,6.7,Moderate Debt
USR-04654,48,Female,Corporate 9-to-5,Morning Lark,27,YouTube,38,0,66,26,30.3,7.87,16.0,17.3,1,1.0,Optimal Recovery
USR-04655,29,Female,Student,Night Owl,76,TikTok / Reels,52,1,0,22,47.4,5.22,19.3,21.1,5,5.8,Moderate Debt
USR-04656,23,Female,Corporate 9-to-5,Night Owl,35,Messaging / Chat,28,0,78,47,35.1,6.0,21.8,19.0,2,3.0,Moderate Debt
USR-04657,47,Female,Remote Tech,Intermediate,26,Instagram / Reddit,100,0,184,3,34.7,7.52,16.8,12.7,1,2.7,Mild Deficit
USR-04658,34,Female,Corporate 9-to-5,Morning Lark,33,YouTube,55,0,34,13,28.7,9.01,26.8,18.1,0,1.0,Optimal Recovery
USR-04659,24,Male,Freelance / Creative,Morning Lark,30,Instagram / Reddit,17,0,0,38,11.3,8.95,23.8,21.6,0,1.0,Optimal Recovery
USR-04660,41,Female,Student,Intermediate,64,Messaging / Chat,42,1,0,26,46.9,7.01,23.2,19.8,4,3.4,Mild Deficit
USR-04661,33,Male,Corporate 9-to-5,Morning Lark,81,Streaming (Netflix/Hulu),51,1,0,34,35.1,7.45,22.3,21.8,3,1.0,Mild Deficit
USR-04662,36,Male,Corporate 9-to-5,Intermediate,16,Streaming (Netflix/Hulu),29,1,0,19,10.8,7.88,22.9,22.7,0,1.0,Optimal Recovery
USR-04663,31,Male,Corporate 9-to-5,Night Owl,32,Instagram / Reddit,29,0,0,35,20.4,5.36,21.0,21.5,2,2.2,Moderate Debt
USR-04664,46,Female,Student,Morning Lark,75,Streaming (Netflix/Hulu),48,0,0,38,39.0,8.14,21.2,21.0,1,1.0,Optimal Recovery
USR-04665,46,Female,Corporate 9-to-5,Intermediate,83,Streaming (Netflix/Hulu),66,1,0,46,43.5,6.14,17.7,24.4,5,5.4,Moderate Debt
USR-04666,40,Female,Healthcare / Shift Worker,Night Owl,61,Instagram / Reddit,74,0,0,25,43.2,3.2,19.4,20.8,6,9.0,Severe Sleep Debt
USR-04667,21,Female,Freelance / Creative,Night Owl,49,Instagram / Reddit,77,0,126,66,55.7,5.38,20.5,18.8,3,5.5,Moderate Debt
USR-04668,47,Female,Student,Night Owl,27,TikTok / Reels,43,1,27,19,27.4,5.87,26.8,18.7,2,2.6,Moderate Debt
USR-04669,39,Male,Corporate 9-to-5,Night Owl,18,TikTok / Reels,10,0,69,27,32.6,5.78,22.6,17.6,2,3.6,Moderate Debt
USR-04670,40,Male,Remote Tech,Intermediate,41,News / Reading,91,0,42,84,43.0,7.12,24.2,21.1,2,2.3,Mild Deficit
USR-04671,28,Male,Remote Tech,Night Owl,42,Messaging / Chat,51,1,0,0,31.1,7.22,19.1,19.9,2,1.6,Mild Deficit
USR-04672,50,Female,Student,Night Owl,48,Messaging / Chat,46,0,0,50,29.5,6.33,22.6,19.8,2,2.6,Moderate Debt
USR-04673,41,Female,Student,Intermediate,65,YouTube,80,1,70,36,49.4,6.52,22.2,18.6,4,4.3,Moderate Debt
USR-04674,21,Male,Remote Tech,Intermediate,63,TikTok / Reels,49,1,96,28,53.9,5.9,18.2,17.3,5,6.3,Moderate Debt
USR-04675,29,Female,Remote Tech,Intermediate,73,TikTok / Reels,65,0,0,77,53.7,5.47,23.1,19.0,5,4.4,Moderate Debt
USR-04676,51,Male,Healthcare / Shift Worker,Intermediate,51,Streaming (Netflix/Hulu),60,0,0,14,34.8,5.19,24.9,17.2,3,3.4,Moderate Debt
USR-04677,19,Male,Corporate 9-to-5,Morning Lark,27,TikTok / Reels,30,1,0,64,25.3,7.9,24.3,18.1,3,1.0,Optimal Recovery
USR-04678,59,Female,Remote Tech,Intermediate,140,Messaging / Chat,33,1,64,41,65.9,4.67,22.5,20.2,5,8.2,Moderate Debt
USR-04679,39,Female,Student,Intermediate,21,Streaming (Netflix/Hulu),51,1,34,40,19.5,7.5,19.2,23.1,2,1.0,Mild Deficit
USR-04680,37,Female,Corporate 9-to-5,Intermediate,27,Streaming (Netflix/Hulu),55,1,0,17,44.8,5.39,21.6,22.3,3,3.8,Moderate Debt
USR-04681,26,Female,Student,Morning Lark,62,Messaging / Chat,43,1,0,24,26.0,8.54,20.4,19.2,0,1.0,Optimal Recovery
USR-04682,25,Female,Healthcare / Shift Worker,Night Owl,35,Streaming (Netflix/Hulu),42,0,20,9,31.9,4.47,23.6,22.3,4,4.0,Moderate Debt
USR-04683,57,Female,Student,Morning Lark,112,Streaming (Netflix/Hulu),54,0,109,53,75.1,6.43,21.3,19.4,3,7.3,Moderate Debt
USR-04684,27,Female,Corporate 9-to-5,Morning Lark,51,TikTok / Reels,41,0,117,67,44.5,6.89,23.1,14.1,2,2.0,Mild Deficit
USR-04685,43,Female,Corporate 9-to-5,Intermediate,72,News / Reading,73,1,0,31,27.0,6.67,22.9,22.8,2,1.7,Moderate Debt
USR-04686,29,Male,Corporate 9-to-5,Intermediate,45,TikTok / Reels,61,0,0,42,36.2,7.24,26.2,20.1,2,1.4,Mild Deficit
USR-04687,22,Female,Corporate 9-to-5,Morning Lark,15,TikTok / Reels,44,0,0,59,32.1,9.02,19.5,19.0,0,1.0,Optimal Recovery
USR-04688,18,Male,Freelance / Creative,Intermediate,180,Streaming (Netflix/Hulu),67,0,0,19,80.6,3.2,22.4,23.3,6,10.0,Severe Sleep Debt
USR-04689,34,Male,Student,Night Owl,60,YouTube,82,1,0,33,44.4,3.47,21.2,22.9,6,8.3,Moderate Debt
USR-04690,61,Male,Corporate 9-to-5,Intermediate,27,Streaming (Netflix/Hulu),59,0,87,55,37.9,6.59,28.0,19.9,3,1.9,Moderate Debt
USR-04691,28,Male,Freelance / Creative,Intermediate,49,YouTube,26,0,181,57,45.3,7.0,19.4,18.3,1,2.8,Mild Deficit
USR-04692,28,Female,Student,Morning Lark,82,Instagram / Reddit,86,1,69,52,59.9,7.46,22.9,16.8,3,4.0,Mild Deficit
USR-04693,28,Female,Corporate 9-to-5,Intermediate,12,Messaging / Chat,88,1,76,15,23.9,6.31,24.3,20.6,3,2.0,Moderate Debt
USR-04694,33,Male,Remote Tech,Night Owl,51,Messaging / Chat,80,0,0,51,33.0,5.5,22.6,22.5,3,4.2,Moderate Debt
USR-04695,30,Male,Corporate 9-to-5,Intermediate,41,YouTube,68,1,0,10,31.2,7.84,17.5,20.1,3,1.2,Optimal Recovery
USR-04696,50,Male,Freelance / Creative,Night Owl,22,TikTok / Reels,65,0,88,70,26.2,6.43,21.4,13.9,2,3.8,Moderate Debt
USR-04697,32,Non-Binary,Remote Tech,Intermediate,83,News / Reading,58,0,0,1,44.4,6.64,19.3,23.8,2,3.1,Moderate Debt
USR-04698,33,Female,Healthcare / Shift Worker,Night Owl,28,Streaming (Netflix/Hulu),57,0,90,45,31.5,4.02,17.9,20.7,5,6.4,Moderate Debt
USR-04699,22,Female,Corporate 9-to-5,Night Owl,106,TikTok / Reels,32,0,0,27,63.9,4.87,20.0,17.0,4,6.6,Moderate Debt
USR-04700,62,Female,Healthcare / Shift Worker,Night Owl,36,Streaming (Netflix/Hulu),32,1,136,39,34.6,3.2,19.4,17.5,5,8.8,Severe Sleep Debt
USR-04701,25,Female,Corporate 9-to-5,Night Owl,75,TikTok / Reels,37,0,107,4,64.5,5.09,16.3,20.9,4,8.2,Moderate Debt
USR-04702,20,Female,Freelance / Creative,Intermediate,61,TikTok / Reels,15,0,0,14,35.0,6.19,24.1,17.3,3,3.4,Moderate Debt
USR-04703,38,Male,Freelance / Creative,Night Owl,57,Streaming (Netflix/Hulu),30,0,0,47,33.3,6.26,24.2,18.4,2,2.5,Moderate Debt
USR-04704,36,Male,Remote Tech,Intermediate,49,Instagram / Reddit,55,1,20,41,28.1,7.31,23.3,18.4,2,1.3,Mild Deficit
USR-04705,30,Female,Student,Night Owl,55,YouTube,10,0,25,56,35.8,5.88,25.4,21.3,2,2.5,Moderate Debt
USR-04706,30,Male,Student,Morning Lark,75,Streaming (Netflix/Hulu),36,1,57,36,35.1,7.3,23.8,14.9,2,1.3,Mild Deficit
USR-04707,44,Male,Freelance / Creative,Intermediate,109,Messaging / Chat,50,0,0,0,52.2,5.62,19.0,20.5,3,5.4,Moderate Debt
USR-04708,24,Male,Corporate 9-to-5,Night Owl,35,Instagram / Reddit,40,1,143,53,39.0,5.07,17.7,15.3,3,4.9,Moderate Debt
USR-04709,46,Female,Remote Tech,Morning Lark,163,Instagram / Reddit,48,0,0,52,74.8,7.14,18.9,20.8,4,5.6,Mild Deficit
USR-04710,38,Male,Healthcare / Shift Worker,Intermediate,90,Streaming (Netflix/Hulu),61,1,0,75,32.8,5.02,21.3,20.1,3,4.3,Moderate Debt
USR-04711,30,Male,Student,Night Owl,68,Streaming (Netflix/Hulu),74,0,143,34,43.7,4.72,16.8,20.4,4,7.0,Moderate Debt
USR-04712,31,Female,Remote Tech,Intermediate,65,Streaming (Netflix/Hulu),40,1,25,0,37.0,5.62,19.6,21.7,4,4.9,Moderate Debt
USR-04713,26,Female,Healthcare / Shift Worker,Intermediate,8,TikTok / Reels,49,1,0,19,16.6,6.03,25.2,18.5,2,2.4,Moderate Debt
USR-04714,42,Male,Corporate 9-to-5,Intermediate,159,TikTok / Reels,11,0,0,56,94.2,4.16,25.4,20.4,6,9.3,Severe Sleep Debt
USR-04715,33,Female,Healthcare / Shift Worker,Intermediate,79,Streaming (Netflix/Hulu),67,0,0,39,51.6,5.28,22.8,18.9,4,5.0,Moderate Debt
USR-04716,27,Female,Corporate 9-to-5,Morning Lark,26,TikTok / Reels,38,0,103,65,18.2,7.87,13.9,14.8,0,1.0,Optimal Recovery
USR-04717,36,Female,Corporate 9-to-5,Morning Lark,16,Instagram / Reddit,62,0,0,63,21.2,9.09,24.5,21.5,0,1.0,Optimal Recovery
USR-04718,65,Male,Remote Tech,Morning Lark,80,YouTube,49,1,170,11,64.5,7.63,14.5,16.1,4,4.1,Mild Deficit
USR-04719,30,Male,Remote Tech,Intermediate,37,YouTube,100,0,56,18,34.8,8.62,21.7,20.8,1,1.0,Optimal Recovery
USR-04720,54,Female,Remote Tech,Morning Lark,48,Instagram / Reddit,92,1,0,13,49.8,7.12,22.4,16.2,3,2.9,Mild Deficit
USR-04721,28,Female,Remote Tech,Night Owl,47,Streaming (Netflix/Hulu),68,0,0,43,25.6,5.79,14.0,17.0,3,3.2,Moderate Debt
USR-04722,19,Non-Binary,Corporate 9-to-5,Intermediate,48,Instagram / Reddit,64,1,0,0,39.2,5.4,22.4,19.1,5,5.0,Moderate Debt
USR-04723,24,Male,Corporate 9-to-5,Night Owl,14,TikTok / Reels,60,0,0,27,26.3,5.89,22.0,17.5,3,4.1,Moderate Debt
USR-04724,30,Male,Student,Morning Lark,99,Messaging / Chat,46,0,0,42,44.7,6.51,26.3,19.7,2,3.8,Moderate Debt
USR-04725,25,Female,Remote Tech,Intermediate,35,YouTube,40,1,0,76,17.3,7.47,22.1,20.7,2,1.0,Mild Deficit
USR-04726,18,Female,Remote Tech,Intermediate,42,TikTok / Reels,36,1,85,38,41.3,6.29,23.6,19.2,4,3.0,Moderate Debt
USR-04727,54,Female,Student,Night Owl,30,Instagram / Reddit,42,0,20,15,25.9,5.45,24.0,17.5,3,3.7,Moderate Debt
USR-04728,48,Male,Freelance / Creative,Night Owl,85,YouTube,63,0,113,0,52.1,4.26,13.3,19.4,6,10.0,Severe Sleep Debt
USR-04729,42,Female,Student,Night Owl,30,YouTube,50,0,0,52,29.7,6.09,28.0,17.9,4,2.5,Moderate Debt
USR-04730,23,Female,Corporate 9-to-5,Morning Lark,23,Streaming (Netflix/Hulu),14,0,20,53,33.2,8.56,19.9,15.8,0,1.0,Optimal Recovery
USR-04731,22,Female,Healthcare / Shift Worker,Night Owl,76,Instagram / Reddit,100,0,38,27,53.9,3.2,16.7,18.1,5,9.0,Severe Sleep Debt
USR-04732,20,Female,Freelance / Creative,Intermediate,41,YouTube,52,0,0,20,28.9,7.27,23.4,23.0,2,1.2,Mild Deficit
USR-04733,41,Male,Remote Tech,Night Owl,64,YouTube,98,1,81,18,45.1,3.98,18.8,17.2,4,7.8,Moderate Debt
USR-04734,55,Female,Freelance / Creative,Intermediate,34,YouTube,47,0,0,47,31.0,7.53,24.6,20.6,0,1.0,Mild Deficit
USR-04735,30,Male,Remote Tech,Intermediate,24,News / Reading,50,0,22,32,29.2,7.8,22.0,20.0,0,1.0,Optimal Recovery
USR-04736,22,Male,Remote Tech,Morning Lark,38,TikTok / Reels,74,1,0,41,45.3,6.67,20.7,20.7,2,2.9,Moderate Debt
USR-04737,33,Female,Corporate 9-to-5,Intermediate,90,Streaming (Netflix/Hulu),49,0,0,45,52.4,6.14,24.8,18.8,3,2.5,Moderate Debt
USR-04738,28,Male,Student,Intermediate,38,YouTube,63,0,0,37,31.0,7.39,19.3,18.9,2,1.0,Mild Deficit
USR-04739,29,Non-Binary,Corporate 9-to-5,Morning Lark,95,TikTok / Reels,48,1,29,67,50.7,7.1,24.9,18.4,4,2.1,Mild Deficit
USR-04740,37,Male,Corporate 9-to-5,Morning Lark,36,News / Reading,45,0,0,64,23.5,8.97,25.7,20.3,0,1.0,Optimal Recovery
USR-04741,41,Female,Corporate 9-to-5,Night Owl,68,TikTok / Reels,86,1,177,39,61.3,4.02,18.2,11.2,6,10.0,Severe Sleep Debt
USR-04742,21,Female,Corporate 9-to-5,Intermediate,46,Instagram / Reddit,31,0,29,63,35.2,7.27,19.3,16.9,2,1.4,Mild Deficit
USR-04743,19,Female,Remote Tech,Night Owl,37,Streaming (Netflix/Hulu),45,1,0,41,38.7,5.34,21.8,19.9,4,4.5,Moderate Debt
USR-04744,64,Male,Remote Tech,Night Owl,26,Streaming (Netflix/Hulu),92,0,0,75,29.9,6.6,25.2,20.7,3,2.0,Moderate Debt
USR-04745,25,Male,Corporate 9-to-5,Night Owl,35,Streaming (Netflix/Hulu),48,0,65,47,27.9,6.66,26.2,21.8,2,2.4,Moderate Debt
USR-04746,19,Male,Freelance / Creative,Night Owl,54,Instagram / Reddit,26,0,52,0,36.4,5.27,24.3,17.9,4,5.7,Moderate Debt
USR-04747,24,Female,Corporate 9-to-5,Night Owl,14,YouTube,67,0,129,53,19.4,6.35,24.6,15.8,2,2.7,Moderate Debt
USR-04748,19,Female,Remote Tech,Intermediate,24,Streaming (Netflix/Hulu),54,1,39,42,33.2,7.58,22.9,22.5,1,1.0,Mild Deficit
USR-04749,29,Male,Corporate 9-to-5,Morning Lark,67,Messaging / Chat,64,0,24,39,45.5,7.64,23.4,18.3,1,1.7,Mild Deficit
USR-04750,45,Female,Corporate 9-to-5,Intermediate,19,Instagram / Reddit,56,0,0,8,33.1,8.26,23.3,21.1,0,1.0,Optimal Recovery
USR-04751,28,Male,Corporate 9-to-5,Intermediate,50,YouTube,33,0,29,41,30.5,6.37,22.4,17.6,2,2.3,Moderate Debt
USR-04752,30,Female,Remote Tech,Morning Lark,79,Instagram / Reddit,60,0,92,71,58.6,7.17,24.1,21.5,2,2.6,Mild Deficit
USR-04753,39,Female,Student,Intermediate,109,YouTube,80,1,44,38,58.7,5.66,19.9,19.3,3,7.1,Moderate Debt
USR-04754,33,Female,Corporate 9-to-5,Intermediate,11,TikTok / Reels,45,1,0,29,30.5,8.03,21.3,21.5,2,1.0,Optimal Recovery
USR-04755,49,Female,Remote Tech,Night Owl,52,YouTube,37,1,0,5,26.1,5.34,21.6,19.8,4,4.2,Moderate Debt
USR-04756,49,Female,Corporate 9-to-5,Intermediate,136,Messaging / Chat,52,1,43,22,66.6,4.57,18.8,18.5,7,9.6,Severe Sleep Debt
USR-04757,18,Female,Healthcare / Shift Worker,Intermediate,113,YouTube,51,0,0,40,70.1,5.33,19.0,19.2,5,6.7,Moderate Debt
USR-04758,43,Female,Student,Intermediate,15,Messaging / Chat,49,1,0,50,28.6,7.76,23.1,17.3,0,1.0,Optimal Recovery
USR-04759,31,Female,Corporate 9-to-5,Intermediate,59,Streaming (Netflix/Hulu),80,0,47,16,45.6,6.29,14.9,18.0,3,4.5,Moderate Debt
USR-04760,63,Female,Remote Tech,Night Owl,32,YouTube,60,1,0,22,17.4,5.9,23.2,20.3,2,2.0,Moderate Debt
USR-04761,32,Male,Freelance / Creative,Morning Lark,32,YouTube,88,1,82,29,29.7,9.05,23.0,16.3,1,1.0,Optimal Recovery
USR-04762,63,Female,Remote Tech,Intermediate,34,Instagram / Reddit,60,0,0,17,32.9,6.62,22.5,19.7,3,1.2,Moderate Debt
USR-04763,42,Male,Remote Tech,Intermediate,78,News / Reading,62,0,128,50,54.8,5.71,21.5,18.9,3,6.9,Moderate Debt
USR-04764,25,Male,Remote Tech,Intermediate,63,Streaming (Netflix/Hulu),99,1,215,41,60.5,5.65,15.7,15.9,5,8.0,Moderate Debt
USR-04765,34,Male,Remote Tech,Intermediate,63,Streaming (Netflix/Hulu),62,1,0,17,26.6,7.96,17.7,21.8,2,1.2,Optimal Recovery
USR-04766,64,Male,Freelance / Creative,Intermediate,61,Streaming (Netflix/Hulu),50,1,0,34,33.5,6.35,19.4,21.7,4,3.4,Moderate Debt
USR-04767,49,Female,Freelance / Creative,Morning Lark,27,Instagram / Reddit,36,1,20,54,33.1,7.67,23.2,21.0,2,1.0,Mild Deficit
USR-04768,21,Male,Student,Intermediate,24,TikTok / Reels,38,1,0,44,33.2,7.48,24.6,19.1,0,1.0,Mild Deficit
USR-04769,40,Male,Remote Tech,Night Owl,21,YouTube,47,1,102,4,41.0,5.77,19.5,19.5,4,5.0,Moderate Debt
USR-04770,28,Male,Remote Tech,Intermediate,47,YouTube,50,0,0,47,39.9,7.09,23.7,21.1,2,1.8,Mild Deficit
USR-04771,18,Female,Remote Tech,Morning Lark,11,TikTok / Reels,14,0,0,39,15.4,9.02,24.2,17.6,0,1.0,Optimal Recovery
USR-04772,29,Female,Freelance / Creative,Intermediate,62,Instagram / Reddit,55,1,0,33,35.9,6.99,22.2,18.9,3,1.3,Mild Deficit
USR-04773,25,Female,Student,Morning Lark,121,TikTok / Reels,10,1,184,40,79.9,5.4,17.7,12.1,4,7.6,Moderate Debt
USR-04774,46,Male,Remote Tech,Night Owl,65,TikTok / Reels,81,0,60,49,57.1,4.83,17.4,18.9,4,6.1,Moderate Debt
USR-04775,28,Male,Corporate 9-to-5,Intermediate,70,Instagram / Reddit,17,0,30,44,47.9,6.94,20.0,19.7,3,3.5,Mild Deficit
USR-04776,46,Female,Remote Tech,Night Owl,30,Streaming (Netflix/Hulu),59,1,35,57,39.5,6.71,27.5,18.1,2,1.2,Moderate Debt
USR-04777,18,Male,Freelance / Creative,Intermediate,37,TikTok / Reels,58,1,64,44,35.8,7.03,25.5,16.4,2,2.7,Mild Deficit
USR-04778,27,Male,Remote Tech,Night Owl,46,News / Reading,82,1,27,89,30.5,4.83,25.0,17.5,4,3.7,Moderate Debt
USR-04779,25,Female,Corporate 9-to-5,Intermediate,44,YouTube,58,1,167,47,33.6,8.37,24.2,20.0,1,1.0,Optimal Recovery
USR-04780,25,Male,Corporate 9-to-5,Morning Lark,62,Instagram / Reddit,53,0,32,30,41.9,8.24,21.5,21.0,0,1.0,Optimal Recovery
USR-04781,20,Male,Remote Tech,Morning Lark,114,Messaging / Chat,61,1,0,17,50.1,6.49,26.0,21.1,3,4.6,Moderate Debt
USR-04782,24,Female,Freelance / Creative,Intermediate,45,TikTok / Reels,44,0,0,54,42.3,6.1,25.5,16.9,3,3.1,Moderate Debt
USR-04783,34,Male,Freelance / Creative,Intermediate,99,Messaging / Chat,45,0,101,30,53.3,6.38,21.0,18.1,3,4.3,Moderate Debt
USR-04784,26,Female,Freelance / Creative,Intermediate,50,Instagram / Reddit,59,0,0,41,37.2,7.44,26.7,19.1,2,1.3,Mild Deficit
USR-04785,30,Male,Student,Night Owl,18,TikTok / Reels,49,0,0,33,17.8,5.72,25.0,19.5,4,3.0,Moderate Debt
USR-04786,29,Male,Remote Tech,Morning Lark,54,Instagram / Reddit,68,0,147,32,48.8,7.86,20.8,14.8,2,2.6,Optimal Recovery
USR-04787,50,Male,Remote Tech,Intermediate,56,Messaging / Chat,37,0,24,0,43.0,6.64,21.5,15.8,2,2.5,Moderate Debt
USR-04788,53,Female,Remote Tech,Night Owl,19,Messaging / Chat,74,0,0,47,27.5,5.55,26.2,18.1,3,4.2,Moderate Debt
USR-04789,32,Female,Student,Intermediate,107,Streaming (Netflix/Hulu),64,1,0,40,43.2,5.4,23.3,19.3,3,3.7,Moderate Debt
USR-04790,27,Female,Remote Tech,Night Owl,71,TikTok / Reels,56,1,0,11,54.7,5.6,23.6,19.6,4,4.3,Moderate Debt
USR-04791,21,Male,Student,Intermediate,88,TikTok / Reels,24,1,0,58,48.6,5.91,23.4,19.5,4,4.1,Moderate Debt
USR-04792,58,Female,Corporate 9-to-5,Intermediate,91,Instagram / Reddit,72,0,0,0,67.0,5.51,14.5,16.5,4,6.9,Moderate Debt
USR-04793,20,Male,Corporate 9-to-5,Morning Lark,26,YouTube,94,1,68,45,44.6,7.96,22.4,17.0,0,1.1,Optimal Recovery
USR-04794,27,Female,Healthcare / Shift Worker,Night Owl,91,Messaging / Chat,46,1,53,46,45.1,3.2,20.1,16.2,7,9.4,Severe Sleep Debt
USR-04795,27,Female,Freelance / Creative,Night Owl,14,YouTube,72,0,93,37,31.8,6.47,22.7,20.3,2,2.3,Moderate Debt
USR-04796,27,Female,Remote Tech,Night Owl,51,TikTok / Reels,53,0,93,98,45.2,5.71,22.5,21.8,4,5.4,Moderate Debt
USR-04797,23,Non-Binary,Corporate 9-to-5,Intermediate,36,TikTok / Reels,33,0,0,98,40.2,7.43,23.2,19.0,1,1.1,Mild Deficit
USR-04798,44,Male,Freelance / Creative,Night Owl,19,TikTok / Reels,40,0,250,14,35.8,6.22,14.8,17.0,4,5.6,Moderate Debt
USR-04799,22,Female,Student,Intermediate,70,TikTok / Reels,53,1,0,19,38.8,4.7,21.2,20.7,3,5.6,Moderate Debt
USR-04800,37,Female,Remote Tech,Intermediate,76,Instagram / Reddit,64,1,0,42,42.3,6.44,25.3,20.9,3,3.3,Moderate Debt
USR-04801,22,Male,Remote Tech,Night Owl,25,TikTok / Reels,26,1,0,18,25.1,4.7,24.7,13.9,5,5.0,Moderate Debt
USR-04802,20,Female,Remote Tech,Morning Lark,49,Streaming (Netflix/Hulu),41,1,0,49,21.5,8.55,24.3,19.7,1,1.0,Optimal Recovery
USR-04803,53,Male,Remote Tech,Morning Lark,68,Streaming (Netflix/Hulu),56,0,116,96,39.6,7.95,17.6,17.4,1,1.0,Optimal Recovery
USR-04804,24,Male,Healthcare / Shift Worker,Intermediate,7,Streaming (Netflix/Hulu),30,1,0,39,8.5,5.71,26.7,16.8,3,1.5,Moderate Debt
USR-04805,46,Male,Corporate 9-to-5,Night Owl,74,Instagram / Reddit,63,1,77,47,35.0,5.27,23.6,19.3,2,4.8,Moderate Debt
USR-04806,34,Male,Corporate 9-to-5,Intermediate,22,Streaming (Netflix/Hulu),89,1,0,6,22.1,6.44,21.9,20.9,2,3.0,Moderate Debt
USR-04807,20,Male,Corporate 9-to-5,Intermediate,23,YouTube,53,0,0,18,19.0,8.35,22.8,17.4,0,1.0,Optimal Recovery
USR-04808,58,Male,Corporate 9-to-5,Night Owl,73,News / Reading,70,0,0,0,36.3,5.54,21.3,18.4,3,4.5,Moderate Debt
USR-04809,25,Male,Corporate 9-to-5,Intermediate,22,Instagram / Reddit,29,0,0,29,13.8,6.93,28.0,19.0,2,1.0,Mild Deficit
USR-04810,49,Male,Corporate 9-to-5,Morning Lark,92,Streaming (Netflix/Hulu),42,1,0,63,34.4,6.96,25.9,24.7,2,1.7,Mild Deficit
USR-04811,23,Female,Corporate 9-to-5,Intermediate,42,Instagram / Reddit,75,0,0,11,25.7,6.18,17.8,19.8,3,2.2,Moderate Debt
USR-04812,48,Female,Corporate 9-to-5,Night Owl,34,YouTube,28,0,79,47,25.7,6.39,24.6,20.6,2,2.0,Moderate Debt
USR-04813,18,Female,Corporate 9-to-5,Morning Lark,82,Instagram / Reddit,41,1,0,31,55.5,7.22,26.4,17.5,3,2.0,Mild Deficit
USR-04814,33,Male,Corporate 9-to-5,Intermediate,50,News / Reading,78,0,88,40,32.8,6.58,20.6,19.7,1,1.4,Moderate Debt
USR-04815,43,Female,Student,Morning Lark,54,TikTok / Reels,43,0,0,82,35.0,7.99,28.0,21.2,1,1.0,Optimal Recovery
USR-04816,56,Female,Remote Tech,Intermediate,19,Streaming (Netflix/Hulu),15,1,0,61,21.2,7.8,23.9,24.6,2,1.0,Optimal Recovery
USR-04817,53,Female,Corporate 9-to-5,Intermediate,150,Instagram / Reddit,44,1,39,31,83.1,5.06,22.4,20.5,5,7.8,Moderate Debt
USR-04818,46,Female,Remote Tech,Intermediate,126,Messaging / Chat,90,1,0,27,66.4,5.94,23.1,17.4,5,6.7,Moderate Debt
USR-04819,51,Male,Freelance / Creative,Intermediate,52,TikTok / Reels,84,0,0,19,32.1,7.42,21.0,21.7,1,1.0,Mild Deficit
USR-04820,24,Male,Freelance / Creative,Night Owl,38,TikTok / Reels,53,0,0,76,29.4,5.51,20.6,19.5,5,4.2,Moderate Debt
USR-04821,26,Male,Corporate 9-to-5,Night Owl,65,TikTok / Reels,50,0,0,52,45.0,5.02,23.3,16.7,5,5.2,Moderate Debt
USR-04822,26,Female,Healthcare / Shift Worker,Night Owl,14,TikTok / Reels,100,1,0,57,21.7,5.05,21.7,18.7,3,4.5,Moderate Debt
USR-04823,29,Male,Remote Tech,Intermediate,60,Instagram / Reddit,36,1,0,22,42.5,6.79,24.4,21.9,3,3.3,Mild Deficit
USR-04824,29,Female,Corporate 9-to-5,Morning Lark,5,TikTok / Reels,42,1,0,39,24.2,8.73,24.9,21.9,1,1.0,Optimal Recovery
USR-04825,34,Male,Corporate 9-to-5,Intermediate,40,Streaming (Netflix/Hulu),76,0,48,35,33.2,6.87,23.5,19.8,1,2.6,Mild Deficit
USR-04826,23,Female,Corporate 9-to-5,Night Owl,20,Streaming (Netflix/Hulu),38,0,20,8,18.8,6.33,18.5,20.9,2,2.7,Moderate Debt
USR-04827,39,Female,Remote Tech,Intermediate,75,TikTok / Reels,62,1,0,10,50.6,6.5,19.5,22.2,3,4.8,Moderate Debt
USR-04828,23,Female,Student,Night Owl,32,TikTok / Reels,30,1,114,6,37.9,5.73,21.2,16.6,3,5.3,Moderate Debt
USR-04829,27,Female,Student,Morning Lark,18,News / Reading,85,0,0,34,19.7,7.94,23.0,20.0,1,1.0,Optimal Recovery
USR-04830,32,Male,Corporate 9-to-5,Intermediate,93,Streaming (Netflix/Hulu),46,1,0,4,51.4,6.15,21.2,17.9,4,4.9,Moderate Debt
USR-04831,44,Female,Corporate 9-to-5,Intermediate,180,TikTok / Reels,42,0,0,76,103.3,3.45,25.3,18.6,6,10.0,Severe Sleep Debt
USR-04832,42,Female,Corporate 9-to-5,Intermediate,46,YouTube,38,1,115,71,44.5,7.59,24.1,17.6,2,1.9,Mild Deficit
USR-04833,38,Female,Remote Tech,Intermediate,64,News / Reading,32,0,0,18,26.7,7.07,21.4,22.9,2,1.6,Mild Deficit
USR-04834,23,Male,Freelance / Creative,Intermediate,29,TikTok / Reels,48,0,0,6,21.9,6.89,19.5,17.7,2,1.9,Mild Deficit
USR-04835,34,Female,Student,Intermediate,34,Streaming (Netflix/Hulu),10,1,0,39,26.5,5.52,22.9,16.6,4,3.9,Moderate Debt
USR-04836,21,Male,Freelance / Creative,Intermediate,115,TikTok / Reels,33,0,0,39,70.2,5.01,24.3,16.1,4,6.2,Moderate Debt
USR-04837,29,Male,Student,Morning Lark,71,YouTube,55,1,0,29,33.5,6.36,25.7,24.0,3,3.6,Moderate Debt
USR-04838,30,Female,Remote Tech,Night Owl,72,Messaging / Chat,57,1,137,52,45.7,4.54,17.6,20.0,4,6.9,Moderate Debt
USR-04839,19,Female,Remote Tech,Intermediate,31,TikTok / Reels,54,0,44,16,47.8,6.86,19.1,20.9,2,3.3,Mild Deficit
USR-04840,26,Female,Remote Tech,Intermediate,24,TikTok / Reels,40,1,0,37,31.0,7.46,28.0,16.6,1,1.0,Mild Deficit
USR-04841,58,Male,Remote Tech,Intermediate,129,Instagram / Reddit,85,1,103,16,83.3,4.92,20.7,16.8,6,8.5,Moderate Debt
USR-04842,58,Female,Healthcare / Shift Worker,Night Owl,46,Streaming (Netflix/Hulu),72,0,177,14,44.0,3.2,15.2,18.8,6,9.8,Severe Sleep Debt
USR-04843,28,Female,Remote Tech,Intermediate,69,TikTok / Reels,53,0,0,48,54.4,5.61,26.1,15.3,4,4.1,Moderate Debt
USR-04844,19,Male,Corporate 9-to-5,Night Owl,26,YouTube,53,0,109,37,22.9,5.48,18.3,13.7,2,3.0,Moderate Debt
USR-04845,23,Male,Student,Intermediate,11,TikTok / Reels,46,0,0,69,18.2,8.0,23.4,15.9,0,1.0,Optimal Recovery
USR-04846,29,Female,Healthcare / Shift Worker,Intermediate,40,TikTok / Reels,42,0,53,3,33.6,5.69,16.2,16.1,4,5.4,Moderate Debt
USR-04847,57,Male,Remote Tech,Intermediate,131,YouTube,52,1,60,5,77.1,4.41,21.0,21.0,5,9.6,Severe Sleep Debt
USR-04848,22,Female,Student,Intermediate,65,Messaging / Chat,74,0,0,63,41.5,6.3,18.5,21.0,3,3.7,Moderate Debt
USR-04849,43,Female,Corporate 9-to-5,Intermediate,64,YouTube,46,0,89,21,36.3,7.31,19.5,19.7,2,3.4,Mild Deficit
USR-04850,21,Female,Remote Tech,Intermediate,38,YouTube,81,1,100,37,34.3,7.31,23.6,16.9,3,2.0,Mild Deficit
USR-04851,62,Male,Corporate 9-to-5,Morning Lark,47,YouTube,42,1,0,42,24.2,7.55,23.5,17.1,3,1.2,Mild Deficit
USR-04852,29,Female,Corporate 9-to-5,Intermediate,53,TikTok / Reels,85,0,0,26,50.9,6.76,21.3,18.7,2,3.3,Mild Deficit
USR-04853,43,Male,Student,Night Owl,59,YouTube,49,0,150,29,40.0,4.98,20.8,16.0,3,7.3,Moderate Debt
USR-04854,28,Male,Corporate 9-to-5,Intermediate,19,YouTube,69,0,93,38,33.8,7.39,22.1,17.3,2,1.6,Mild Deficit
USR-04855,37,Female,Student,Intermediate,103,YouTube,100,0,0,17,52.6,6.15,20.0,21.4,3,5.6,Moderate Debt
USR-04856,24,Male,Healthcare / Shift Worker,Night Owl,73,Instagram / Reddit,100,1,0,30,40.4,4.19,22.7,19.7,4,6.3,Moderate Debt
USR-04857,22,Female,Corporate 9-to-5,Intermediate,55,Messaging / Chat,28,1,250,55,37.4,6.46,18.4,13.9,1,2.9,Moderate Debt
USR-04858,56,Non-Binary,Student,Morning Lark,84,TikTok / Reels,76,0,0,31,62.3,6.2,20.2,18.7,3,5.3,Moderate Debt
USR-04859,54,Male,Remote Tech,Night Owl,95,Streaming (Netflix/Hulu),36,1,20,9,40.4,5.23,21.0,17.8,4,5.4,Moderate Debt
USR-04860,51,Female,Corporate 9-to-5,Morning Lark,84,TikTok / Reels,63,0,107,49,67.2,6.26,18.1,14.8,4,5.8,Moderate Debt
USR-04861,37,Female,Student,Night Owl,86,TikTok / Reels,65,1,180,50,73.1,3.2,17.9,14.4,6,10.0,Severe Sleep Debt
USR-04862,45,Female,Student,Morning Lark,34,TikTok / Reels,72,1,20,25,26.2,8.13,26.8,15.0,1,1.0,Optimal Recovery
USR-04863,20,Female,Remote Tech,Morning Lark,48,YouTube,29,1,45,0,37.3,8.09,16.8,20.1,1,1.0,Optimal Recovery
USR-04864,28,Female,Freelance / Creative,Morning Lark,92,TikTok / Reels,31,1,0,40,54.6,6.06,22.5,15.2,4,4.6,Moderate Debt
USR-04865,27,Female,Remote Tech,Intermediate,42,Instagram / Reddit,38,1,115,86,35.6,7.66,19.4,14.7,1,1.0,Mild Deficit
USR-04866,37,Male,Freelance / Creative,Morning Lark,80,TikTok / Reels,67,1,0,52,60.3,6.63,26.5,17.4,3,4.6,Moderate Debt
USR-04867,28,Female,Remote Tech,Morning Lark,32,YouTube,60,1,0,19,25.8,7.59,21.4,20.4,0,1.0,Mild Deficit
USR-04868,22,Male,Corporate 9-to-5,Night Owl,29,Instagram / Reddit,63,0,0,0,40.6,5.78,22.3,19.0,3,4.9,Moderate Debt
USR-04869,36,Male,Remote Tech,Night Owl,59,YouTube,31,0,60,18,49.0,3.95,19.5,12.9,5,9.4,Severe Sleep Debt
USR-04870,45,Female,Corporate 9-to-5,Night Owl,114,Instagram / Reddit,58,1,0,49,49.9,3.69,23.7,17.7,5,8.3,Moderate Debt
USR-04871,29,Male,Remote Tech,Night Owl,73,TikTok / Reels,42,0,47,27,51.1,4.73,22.7,20.9,4,6.1,Moderate Debt
USR-04872,22,Female,Student,Intermediate,56,TikTok / Reels,43,1,0,58,45.1,6.53,23.6,19.7,1,2.4,Moderate Debt
USR-04873,24,Female,Remote Tech,Night Owl,73,Streaming (Netflix/Hulu),52,1,0,12,27.3,4.81,24.5,17.8,3,3.7,Moderate Debt
USR-04874,25,Male,Corporate 9-to-5,Intermediate,63,TikTok / Reels,25,0,0,12,46.2,5.23,16.5,17.4,3,5.3,Moderate Debt
USR-04875,27,Female,Remote Tech,Intermediate,29,Streaming (Netflix/Hulu),66,1,0,17,18.9,7.85,22.6,22.2,1,1.0,Optimal Recovery
USR-04876,37,Male,Corporate 9-to-5,Night Owl,43,YouTube,26,1,250,49,52.5,5.2,17.4,13.8,5,6.6,Moderate Debt
USR-04877,36,Male,Student,Morning Lark,19,YouTube,47,0,0,32,29.2,9.0,20.5,17.8,1,1.0,Optimal Recovery
USR-04878,40,Male,Healthcare / Shift Worker,Night Owl,65,TikTok / Reels,70,0,0,23,36.9,3.2,20.6,16.9,6,8.3,Moderate Debt
USR-04879,28,Male,Freelance / Creative,Intermediate,96,YouTube,25,1,53,53,52.7,5.58,24.3,19.5,3,4.6,Moderate Debt
USR-04880,46,Male,Corporate 9-to-5,Morning Lark,105,YouTube,27,1,20,63,47.5,5.96,22.5,20.3,2,4.2,Moderate Debt
USR-04881,24,Female,Remote Tech,Morning Lark,41,TikTok / Reels,76,1,40,0,32.7,7.52,25.2,20.5,1,1.0,Mild Deficit
USR-04882,31,Female,Remote Tech,Morning Lark,28,Instagram / Reddit,34,0,0,58,22.5,8.13,24.0,19.9,0,1.0,Optimal Recovery
USR-04883,45,Male,Freelance / Creative,Night Owl,67,TikTok / Reels,74,0,50,31,54.2,3.99,15.3,19.0,5,9.1,Severe Sleep Debt
USR-04884,23,Female,Student,Night Owl,18,Streaming (Netflix/Hulu),64,0,0,59,17.0,6.44,25.5,19.5,2,1.0,Moderate Debt
USR-04885,21,Female,Corporate 9-to-5,Intermediate,14,YouTube,28,0,0,38,9.6,6.72,23.7,18.1,0,1.0,Moderate Debt
USR-04886,51,Female,Remote Tech,Intermediate,76,Streaming (Netflix/Hulu),58,0,0,54,38.1,6.43,21.1,18.3,3,3.6,Moderate Debt
USR-04887,28,Male,Student,Morning Lark,55,Streaming (Netflix/Hulu),64,0,98,10,38.4,8.54,18.4,17.9,2,1.0,Optimal Recovery
USR-04888,39,Female,Student,Night Owl,69,TikTok / Reels,27,1,81,15,46.0,6.32,17.1,16.0,2,3.0,Moderate Debt
USR-04889,18,Male,Healthcare / Shift Worker,Morning Lark,17,TikTok / Reels,56,0,20,31,22.2,7.7,24.9,15.6,1,1.0,Mild Deficit
USR-04890,39,Female,Corporate 9-to-5,Night Owl,140,TikTok / Reels,72,0,0,1,90.5,3.2,20.1,16.9,7,10.0,Severe Sleep Debt
USR-04891,27,Female,Freelance / Creative,Intermediate,16,TikTok / Reels,53,0,0,10,22.8,8.08,22.9,22.8,1,1.0,Optimal Recovery
USR-04892,19,Female,Corporate 9-to-5,Night Owl,112,TikTok / Reels,58,0,141,58,79.3,3.2,18.3,13.9,6,10.0,Severe Sleep Debt
USR-04893,36,Female,Freelance / Creative,Intermediate,114,Instagram / Reddit,52,1,0,2,57.9,5.45,19.1,19.0,5,6.1,Moderate Debt
USR-04894,25,Male,Healthcare / Shift Worker,Intermediate,91,YouTube,75,0,20,15,57.1,4.16,17.9,13.6,6,10.0,Severe Sleep Debt
USR-04895,29,Female,Student,Intermediate,73,TikTok / Reels,53,0,139,30,58.4,5.02,15.5,14.9,4,7.7,Moderate Debt
USR-04896,20,Female,Student,Night Owl,66,TikTok / Reels,41,1,0,36,37.5,4.33,25.0,20.8,5,5.0,Moderate Debt
USR-04897,22,Male,Corporate 9-to-5,Night Owl,22,TikTok / Reels,51,0,131,2,37.0,5.81,18.5,15.2,3,4.6,Moderate Debt
USR-04898,27,Female,Corporate 9-to-5,Intermediate,28,TikTok / Reels,24,0,47,23,34.1,7.29,19.9,15.6,0,1.6,Mild Deficit
USR-04899,21,Female,Corporate 9-to-5,Intermediate,39,Instagram / Reddit,10,1,0,35,33.4,7.5,22.6,17.2,1,1.0,Mild Deficit
USR-04900,53,Female,Corporate 9-to-5,Night Owl,54,Streaming (Netflix/Hulu),38,1,0,46,25.7,6.02,24.7,21.4,2,1.3,Moderate Debt
USR-04901,18,Non-Binary,Remote Tech,Night Owl,40,TikTok / Reels,85,1,40,12,48.3,3.81,19.4,20.0,5,8.3,Moderate Debt
USR-04902,32,Male,Corporate 9-to-5,Intermediate,45,Messaging / Chat,75,1,48,5,29.2,6.52,21.6,24.5,3,3.8,Moderate Debt
USR-04903,22,Female,Healthcare / Shift Worker,Morning Lark,22,YouTube,22,0,0,9,18.6,8.12,22.1,13.9,0,1.0,Optimal Recovery
USR-04904,27,Female,Remote Tech,Morning Lark,121,YouTube,34,0,0,32,67.9,5.69,22.6,18.3,6,6.7,Moderate Debt
USR-04905,55,Female,Student,Night Owl,61,TikTok / Reels,43,1,26,24,47.8,5.22,21.7,18.2,5,6.2,Moderate Debt
USR-04906,23,Female,Student,Morning Lark,139,TikTok / Reels,51,1,23,33,77.0,4.71,23.7,20.2,6,7.5,Moderate Debt
USR-04907,60,Male,Corporate 9-to-5,Morning Lark,17,Streaming (Netflix/Hulu),34,1,0,30,21.8,8.49,24.1,23.3,1,1.0,Optimal Recovery
USR-04908,24,Male,Corporate 9-to-5,Morning Lark,19,News / Reading,43,0,77,28,26.2,8.91,18.0,18.1,1,1.0,Optimal Recovery
USR-04909,42,Female,Corporate 9-to-5,Intermediate,94,Streaming (Netflix/Hulu),75,0,0,29,64.5,6.41,23.3,19.6,4,5.2,Moderate Debt
USR-04910,34,Male,Healthcare / Shift Worker,Intermediate,38,TikTok / Reels,35,1,0,43,28.5,6.23,23.3,17.4,4,3.1,Moderate Debt
USR-04911,51,Female,Remote Tech,Intermediate,103,TikTok / Reels,66,0,0,58,73.9,3.48,17.5,19.5,5,9.9,Severe Sleep Debt
USR-04912,34,Female,Corporate 9-to-5,Morning Lark,86,Instagram / Reddit,70,0,60,38,59.7,7.07,25.4,20.2,4,2.8,Mild Deficit
USR-04913,33,Female,Healthcare / Shift Worker,Night Owl,47,Streaming (Netflix/Hulu),100,0,32,46,31.4,4.11,21.0,22.1,3,5.7,Moderate Debt
USR-04914,24,Female,Corporate 9-to-5,Night Owl,24,TikTok / Reels,41,1,0,11,27.2,5.79,24.2,19.4,3,3.4,Moderate Debt
USR-04915,23,Male,Student,Morning Lark,25,Instagram / Reddit,33,1,130,66,40.8,8.03,19.5,14.6,2,1.2,Optimal Recovery
USR-04916,54,Female,Remote Tech,Morning Lark,32,Instagram / Reddit,21,1,78,46,37.6,7.02,22.5,19.3,1,1.0,Mild Deficit
USR-04917,27,Female,Student,Intermediate,52,Instagram / Reddit,68,1,0,69,36.0,7.26,27.0,24.6,2,1.0,Mild Deficit
USR-04918,29,Male,Freelance / Creative,Night Owl,73,YouTube,64,1,38,30,44.2,4.82,24.0,22.1,4,4.7,Moderate Debt
USR-04919,43,Male,Student,Night Owl,25,Streaming (Netflix/Hulu),53,0,0,30,14.6,6.22,25.9,18.5,2,1.0,Moderate Debt
USR-04920,28,Male,Remote Tech,Night Owl,27,TikTok / Reels,61,1,0,6,32.4,6.31,20.2,20.8,3,3.3,Moderate Debt
USR-04921,58,Male,Corporate 9-to-5,Night Owl,26,Streaming (Netflix/Hulu),57,0,0,53,26.0,5.74,25.1,26.2,3,3.2,Moderate Debt
USR-04922,42,Female,Healthcare / Shift Worker,Morning Lark,180,Messaging / Chat,47,1,0,5,76.8,4.09,16.7,23.6,7,10.0,Severe Sleep Debt
USR-04923,36,Male,Remote Tech,Morning Lark,35,Messaging / Chat,48,1,139,39,25.5,9.43,17.2,15.6,0,1.0,Optimal Recovery
USR-04924,51,Male,Corporate 9-to-5,Intermediate,64,TikTok / Reels,53,0,0,58,49.6,5.9,23.0,17.7,4,4.5,Moderate Debt
USR-04925,19,Male,Student,Night Owl,90,Instagram / Reddit,100,1,0,30,43.6,5.06,19.7,20.6,6,7.0,Moderate Debt
USR-04926,26,Male,Corporate 9-to-5,Intermediate,28,News / Reading,73,0,179,32,30.2,8.0,18.5,15.7,1,1.9,Optimal Recovery
USR-04927,31,Female,Corporate 9-to-5,Night Owl,70,Streaming (Netflix/Hulu),32,1,0,78,34.7,3.92,24.5,20.3,4,5.6,Moderate Debt
USR-04928,25,Male,Freelance / Creative,Night Owl,70,TikTok / Reels,63,1,0,0,51.1,3.88,19.2,18.7,5,7.1,Moderate Debt
USR-04929,42,Female,Remote Tech,Night Owl,25,Messaging / Chat,55,0,0,31,35.6,6.31,23.5,20.9,2,3.5,Moderate Debt
USR-04930,54,Female,Corporate 9-to-5,Morning Lark,36,YouTube,91,0,0,11,30.4,8.56,23.3,18.5,0,1.0,Optimal Recovery
USR-04931,30,Female,Student,Morning Lark,70,TikTok / Reels,80,0,0,47,62.8,7.23,23.4,23.7,2,2.7,Mild Deficit
USR-04932,28,Male,Healthcare / Shift Worker,Night Owl,45,YouTube,53,0,58,63,38.1,3.21,24.2,18.1,6,10.0,Severe Sleep Debt
USR-04933,59,Female,Corporate 9-to-5,Morning Lark,96,TikTok / Reels,54,0,68,10,75.8,6.21,14.8,20.6,3,6.1,Moderate Debt
USR-04934,30,Male,Student,Morning Lark,18,TikTok / Reels,32,0,0,48,30.4,8.33,24.0,21.4,3,1.0,Optimal Recovery
USR-04935,32,Female,Student,Night Owl,103,Instagram / Reddit,68,1,22,42,59.5,5.22,20.0,19.2,5,7.8,Moderate Debt
USR-04936,28,Male,Corporate 9-to-5,Night Owl,47,Instagram / Reddit,78,0,0,53,37.9,5.98,26.0,15.0,4,3.1,Moderate Debt
USR-04937,53,Female,Remote Tech,Morning Lark,41,News / Reading,57,1,0,25,36.9,8.73,22.0,20.2,2,1.0,Optimal Recovery
USR-04938,35,Male,Corporate 9-to-5,Night Owl,75,Streaming (Netflix/Hulu),60,0,0,60,46.1,5.23,28.0,20.6,5,4.5,Moderate Debt
USR-04939,43,Male,Student,Morning Lark,43,Messaging / Chat,48,1,89,51,34.4,7.88,22.7,20.5,2,1.0,Optimal Recovery
USR-04940,45,Female,Healthcare / Shift Worker,Intermediate,55,Instagram / Reddit,73,0,0,35,34.3,5.4,23.7,18.5,4,5.2,Moderate Debt
USR-04941,28,Female,Corporate 9-to-5,Intermediate,85,TikTok / Reels,28,0,99,31,64.9,6.89,18.6,15.6,4,4.4,Mild Deficit
USR-04942,30,Male,Healthcare / Shift Worker,Night Owl,63,Streaming (Netflix/Hulu),33,0,31,51,30.4,3.56,24.7,19.1,5,7.2,Moderate Debt
USR-04943,48,Male,Student,Morning Lark,92,Streaming (Netflix/Hulu),74,1,0,47,53.6,8.03,20.3,21.1,2,1.9,Optimal Recovery
USR-04944,28,Male,Corporate 9-to-5,Intermediate,40,YouTube,27,1,0,27,32.1,7.87,24.9,21.0,0,1.0,Optimal Recovery
USR-04945,44,Female,Student,Morning Lark,63,YouTube,42,1,66,0,34.8,7.3,20.0,17.6,2,2.2,Mild Deficit
USR-04946,56,Male,Corporate 9-to-5,Night Owl,125,YouTube,49,1,0,0,55.7,4.21,13.8,18.9,4,7.4,Moderate Debt
USR-04947,37,Female,Freelance / Creative,Intermediate,15,Instagram / Reddit,64,0,20,61,20.3,7.4,23.7,18.0,2,1.0,Mild Deficit
USR-04948,42,Male,Remote Tech,Intermediate,66,TikTok / Reels,58,1,0,18,48.0,7.02,22.0,19.2,2,2.0,Mild Deficit
USR-04949,45,Male,Student,Morning Lark,81,Messaging / Chat,10,1,0,11,42.5,8.89,20.8,23.0,1,1.0,Optimal Recovery
USR-04950,48,Female,Student,Intermediate,117,Instagram / Reddit,67,1,0,33,65.8,6.32,22.4,24.0,5,6.2,Moderate Debt
USR-04951,29,Male,Remote Tech,Intermediate,65,Instagram / Reddit,51,0,97,40,65.0,5.96,18.4,18.3,4,5.4,Moderate Debt
USR-04952,19,Male,Healthcare / Shift Worker,Night Owl,70,TikTok / Reels,76,1,20,19,48.0,3.22,23.6,18.7,6,8.8,Severe Sleep Debt
USR-04953,29,Male,Student,Intermediate,32,YouTube,36,1,63,0,28.9,7.52,21.3,19.9,2,1.0,Mild Deficit
USR-04954,39,Female,Freelance / Creative,Night Owl,106,News / Reading,87,0,46,27,53.0,4.02,18.8,23.6,5,8.8,Severe Sleep Debt
USR-04955,31,Female,Remote Tech,Intermediate,76,YouTube,31,0,0,11,53.3,5.45,19.4,14.0,4,4.1,Moderate Debt
USR-04956,42,Male,Corporate 9-to-5,Intermediate,31,YouTube,46,0,0,7,23.1,7.75,24.3,17.2,2,1.0,Optimal Recovery
USR-04957,28,Female,Freelance / Creative,Intermediate,29,YouTube,80,0,0,52,38.8,7.01,24.5,23.0,2,1.2,Mild Deficit
USR-04958,37,Female,Student,Intermediate,43,YouTube,100,0,93,5,58.3,6.39,21.3,16.1,3,4.5,Moderate Debt
USR-04959,24,Non-Binary,Student,Night Owl,53,Instagram / Reddit,32,1,0,49,50.7,4.41,22.4,19.2,4,5.9,Moderate Debt
USR-04960,42,Female,Freelance / Creative,Night Owl,49,YouTube,100,1,0,46,29.6,6.01,22.0,20.6,2,3.8,Moderate Debt
USR-04961,34,Non-Binary,Corporate 9-to-5,Intermediate,50,Streaming (Netflix/Hulu),10,0,0,34,23.9,7.79,24.8,20.4,2,1.0,Optimal Recovery
USR-04962,24,Female,Remote Tech,Morning Lark,42,YouTube,70,0,84,62,42.5,7.95,21.7,17.5,1,1.1,Optimal Recovery
USR-04963,26,Female,Corporate 9-to-5,Morning Lark,50,TikTok / Reels,90,1,27,56,39.7,8.18,22.0,14.6,0,1.0,Optimal Recovery
USR-04964,42,Male,Student,Intermediate,93,News / Reading,34,1,0,1,37.9,6.35,17.0,19.4,3,4.9,Moderate Debt
USR-04965,32,Male,Healthcare / Shift Worker,Night Owl,75,YouTube,80,1,75,36,41.0,3.41,21.9,20.2,5,9.7,Severe Sleep Debt
USR-04966,24,Male,Freelance / Creative,Night Owl,17,YouTube,45,0,113,32,24.9,5.84,20.2,17.8,3,3.6,Moderate Debt
USR-04967,60,Male,Remote Tech,Morning Lark,99,TikTok / Reels,40,0,0,62,62.0,5.78,22.4,21.7,5,4.6,Moderate Debt
USR-04968,40,Male,Healthcare / Shift Worker,Morning Lark,64,News / Reading,28,0,0,0,24.2,6.49,18.6,22.8,3,3.3,Moderate Debt
USR-04969,58,Female,Freelance / Creative,Intermediate,24,News / Reading,53,0,175,36,32.8,7.78,21.0,16.8,3,2.6,Optimal Recovery
USR-04970,30,Female,Student,Night Owl,55,YouTube,58,1,0,38,39.5,4.09,22.1,21.1,4,7.6,Moderate Debt
USR-04971,31,Female,Corporate 9-to-5,Intermediate,31,TikTok / Reels,31,0,0,60,20.2,7.24,28.0,19.1,0,1.0,Mild Deficit
USR-04972,52,Male,Student,Intermediate,31,Streaming (Netflix/Hulu),83,1,0,39,16.6,6.71,22.9,20.6,2,1.6,Moderate Debt
USR-04973,33,Female,Freelance / Creative,Intermediate,42,YouTube,43,0,146,43,46.2,6.75,21.6,14.5,2,3.4,Mild Deficit
USR-04974,40,Female,Freelance / Creative,Morning Lark,99,Streaming (Netflix/Hulu),54,1,0,71,42.6,6.22,26.0,16.3,3,2.3,Moderate Debt
USR-04975,25,Female,Student,Intermediate,7,Messaging / Chat,60,1,0,28,15.5,7.7,20.5,19.7,2,1.0,Mild Deficit
USR-04976,31,Female,Healthcare / Shift Worker,Night Owl,35,Streaming (Netflix/Hulu),100,0,170,36,38.7,3.59,19.9,15.1,4,7.7,Moderate Debt
USR-04977,22,Female,Corporate 9-to-5,Night Owl,78,Streaming (Netflix/Hulu),81,1,0,45,36.1,5.29,18.7,20.2,5,4.5,Moderate Debt
USR-04978,24,Male,Corporate 9-to-5,Intermediate,167,TikTok / Reels,71,0,28,13,99.1,4.5,16.5,17.9,7,10.0,Severe Sleep Debt
USR-04979,18,Female,Freelance / Creative,Morning Lark,180,Messaging / Chat,46,0,0,3,87.6,4.42,16.9,23.4,5,9.3,Severe Sleep Debt
USR-04980,19,Male,Corporate 9-to-5,Intermediate,44,TikTok / Reels,62,1,0,42,42.6,6.58,22.8,18.6,3,2.7,Moderate Debt
USR-04981,61,Male,Corporate 9-to-5,Night Owl,21,YouTube,65,1,0,37,12.5,6.15,22.2,19.5,2,2.1,Moderate Debt
USR-04982,25,Female,Remote Tech,Morning Lark,67,Streaming (Netflix/Hulu),54,0,0,76,23.7,7.18,23.8,22.2,1,1.0,Mild Deficit
USR-04983,38,Male,Remote Tech,Night Owl,75,Instagram / Reddit,74,1,0,30,30.2,4.79,22.3,23.5,4,5.6,Moderate Debt
USR-04984,47,Female,Student,Night Owl,95,Messaging / Chat,100,1,0,45,51.9,4.02,16.8,17.3,6,8.1,Moderate Debt
USR-04985,34,Male,Corporate 9-to-5,Intermediate,67,Messaging / Chat,33,0,128,10,49.4,6.78,21.5,19.0,2,2.6,Mild Deficit
USR-04986,23,Non-Binary,Freelance / Creative,Intermediate,20,Instagram / Reddit,63,1,0,23,11.5,7.12,22.9,21.4,2,1.0,Mild Deficit
USR-04987,41,Male,Freelance / Creative,Night Owl,8,YouTube,63,1,182,70,44.9,7.11,20.0,18.8,1,1.3,Mild Deficit
USR-04988,36,Male,Remote Tech,Intermediate,104,Streaming (Netflix/Hulu),50,1,0,7,50.3,6.01,21.3,21.8,2,3.3,Moderate Debt
USR-04989,41,Female,Remote Tech,Morning Lark,88,TikTok / Reels,42,1,0,49,52.3,6.76,23.7,18.8,4,3.4,Mild Deficit
USR-04990,43,Female,Student,Morning Lark,25,YouTube,41,1,20,63,22.4,7.65,28.0,17.1,1,1.0,Mild Deficit
USR-04991,61,Male,Student,Morning Lark,24,Streaming (Netflix/Hulu),100,1,0,31,31.8,7.06,23.8,24.1,0,1.0,Mild Deficit
USR-04992,35,Female,Remote Tech,Night Owl,145,News / Reading,58,1,20,11,48.1,5.25,19.0,23.2,5,5.6,Moderate Debt
USR-04993,28,Female,Remote Tech,Intermediate,96,Instagram / Reddit,75,1,79,60,66.8,5.62,20.5,13.1,4,6.0,Moderate Debt
USR-04994,38,Female,Corporate 9-to-5,Intermediate,43,YouTube,49,0,0,57,25.0,7.0,22.0,21.6,1,1.3,Mild Deficit
USR-04995,20,Male,Corporate 9-to-5,Night Owl,29,Streaming (Netflix/Hulu),64,0,51,34,22.0,6.26,23.5,20.3,2,1.0,Moderate Debt
USR-04996,52,Female,Remote Tech,Intermediate,42,News / Reading,65,1,0,46,20.0,7.74,27.3,17.4,0,1.0,Mild Deficit
USR-04997,22,Male,Student,Night Owl,35,TikTok / Reels,50,1,102,21,36.6,4.82,22.3,17.6,3,4.9,Moderate Debt
USR-04998,27,Female,Student,Intermediate,75,TikTok / Reels,60,0,42,21,53.0,7.07,20.2,15.2,2,3.8,Mild Deficit
USR-04999,45,Female,Student,Intermediate,60,YouTube,81,1,0,35,28.6,6.89,22.3,20.3,2,1.9,Mild Deficit
USR-05000,36,Male,Remote Tech,Intermediate,33,Instagram / Reddit,33,0,102,35,34.3,8.15,23.5,18.3,1,1.0,Optimal Recovery
USR-05001,29,Female,Student,Night Owl,80,TikTok / Reels,60,0,0,6,67.5,4.78,21.3,17.0,4,8.0,Moderate Debt
USR-05002,31,Male,Corporate 9-to-5,Night Owl,30,Instagram / Reddit,66,1,0,21,29.7,5.71,22.6,19.9,4,4.1,Moderate Debt
USR-05003,48,Female,Remote Tech,Morning Lark,33,Streaming (Netflix/Hulu),71,0,0,8,26.0,8.27,18.9,19.9,1,1.0,Optimal Recovery
USR-05004,28,Female,Healthcare / Shift Worker,Night Owl,45,YouTube,74,0,0,53,38.4,3.67,23.5,22.2,6,7.8,Moderate Debt
USR-05005,50,Female,Student,Night Owl,97,News / Reading,69,0,92,45,46.8,4.91,20.0,19.1,4,7.5,Moderate Debt
USR-05006,21,Male,Remote Tech,Morning Lark,31,YouTube,79,1,0,45,27.7,8.51,20.8,18.1,1,1.0,Optimal Recovery
USR-05007,43,Male,Student,Morning Lark,86,TikTok / Reels,47,1,0,0,62.8,6.83,14.4,16.1,3,4.5,Mild Deficit
USR-05008,48,Male,Freelance / Creative,Intermediate,144,Instagram / Reddit,84,1,0,9,86.1,4.52,17.4,24.0,5,8.3,Moderate Debt
USR-05009,23,Female,Remote Tech,Intermediate,37,Messaging / Chat,57,1,88,42,26.9,6.75,21.2,14.9,2,1.0,Mild Deficit
USR-05010,30,Male,Healthcare / Shift Worker,Intermediate,91,TikTok / Reels,72,0,0,63,59.9,4.21,24.8,18.4,5,8.7,Severe Sleep Debt
USR-05011,23,Female,Freelance / Creative,Intermediate,103,TikTok / Reels,29,1,181,44,66.6,6.13,18.4,20.2,4,6.4,Moderate Debt
USR-05012,40,Male,Student,Intermediate,180,Streaming (Netflix/Hulu),68,0,40,50,80.6,3.51,20.3,18.0,7,10.0,Severe Sleep Debt
USR-05013,33,Male,Remote Tech,Morning Lark,69,YouTube,58,1,0,47,51.1,8.3,22.2,24.6,3,1.7,Optimal Recovery
USR-05014,37,Male,Corporate 9-to-5,Morning Lark,47,Streaming (Netflix/Hulu),49,0,0,45,29.4,8.8,18.5,25.4,0,1.0,Optimal Recovery
USR-05015,24,Female,Remote Tech,Intermediate,125,YouTube,81,0,84,34,74.6,4.94,12.9,16.5,6,9.7,Severe Sleep Debt
USR-05016,24,Male,Remote Tech,Intermediate,81,Instagram / Reddit,59,1,91,14,47.0,5.79,20.4,19.3,3,4.4,Moderate Debt
USR-05017,19,Female,Healthcare / Shift Worker,Intermediate,76,YouTube,59,1,106,54,54.5,4.81,22.0,16.1,4,7.8,Moderate Debt
USR-05018,27,Male,Remote Tech,Night Owl,71,TikTok / Reels,26,0,86,48,56.6,5.89,22.0,15.2,4,6.0,Moderate Debt
USR-05019,34,Female,Freelance / Creative,Morning Lark,148,YouTube,41,0,37,44,76.0,6.11,19.5,21.2,3,6.8,Moderate Debt
USR-05020,49,Female,Corporate 9-to-5,Morning Lark,35,YouTube,59,1,0,40,28.6,8.67,22.8,19.9,0,1.0,Optimal Recovery
USR-05021,38,Female,Student,Morning Lark,92,Messaging / Chat,42,1,0,20,44.0,7.8,26.4,19.1,0,1.0,Optimal Recovery
USR-05022,30,Female,Remote Tech,Intermediate,71,Streaming (Netflix/Hulu),84,1,49,61,46.3,5.6,22.1,21.7,3,3.4,Moderate Debt
USR-05023,58,Female,Remote Tech,Night Owl,108,Streaming (Netflix/Hulu),49,1,39,0,52.3,3.46,17.3,19.9,5,8.6,Severe Sleep Debt
USR-05024,41,Male,Healthcare / Shift Worker,Intermediate,34,YouTube,36,1,0,30,26.1,5.16,26.1,17.1,3,2.4,Moderate Debt
USR-05025,55,Male,Corporate 9-to-5,Intermediate,21,Streaming (Netflix/Hulu),33,0,0,60,13.4,6.42,26.0,20.0,2,1.5,Moderate Debt
USR-05026,33,Male,Corporate 9-to-5,Intermediate,148,TikTok / Reels,52,1,0,32,97.0,4.57,22.8,19.7,7,8.8,Severe Sleep Debt
USR-05027,26,Male,Remote Tech,Intermediate,14,TikTok / Reels,72,0,103,33,24.4,7.38,22.1,16.6,1,1.0,Mild Deficit
USR-05028,19,Female,Remote Tech,Intermediate,32,TikTok / Reels,36,0,0,19,26.0,7.92,24.3,20.2,0,1.0,Optimal Recovery
USR-05029,41,Male,Healthcare / Shift Worker,Intermediate,17,Streaming (Netflix/Hulu),34,0,0,74,22.3,7.39,22.0,21.9,2,1.0,Mild Deficit
USR-05030,22,Female,Freelance / Creative,Morning Lark,98,YouTube,43,1,0,59,61.7,6.49,21.2,19.8,3,3.7,Moderate Debt
USR-05031,27,Male,Corporate 9-to-5,Night Owl,26,YouTube,54,0,0,79,21.6,6.13,22.4,20.7,2,2.0,Moderate Debt
USR-05032,33,Female,Remote Tech,Intermediate,66,Messaging / Chat,34,0,25,30,40.8,6.1,18.0,22.0,2,3.0,Moderate Debt
USR-05033,35,Female,Student,Intermediate,26,Instagram / Reddit,57,0,0,9,24.3,7.27,21.9,17.9,1,1.0,Mild Deficit
USR-05034,36,Female,Freelance / Creative,Intermediate,20,Streaming (Netflix/Hulu),86,0,0,0,8.7,7.81,16.3,21.5,1,1.0,Optimal Recovery
USR-05035,23,Female,Freelance / Creative,Night Owl,141,News / Reading,55,0,169,62,66.7,3.2,15.8,14.7,5,10.0,Severe Sleep Debt
USR-05036,29,Female,Student,Morning Lark,80,YouTube,47,0,0,41,43.9,7.06,21.3,23.7,2,1.3,Mild Deficit
USR-05037,36,Female,Remote Tech,Morning Lark,41,Messaging / Chat,77,1,0,35,23.6,9.34,21.6,20.9,0,1.0,Optimal Recovery
USR-05038,60,Male,Corporate 9-to-5,Intermediate,56,Instagram / Reddit,32,1,0,15,43.4,7.1,19.6,20.3,3,3.1,Mild Deficit
USR-05039,41,Male,Remote Tech,Intermediate,21,TikTok / Reels,66,1,0,52,19.6,7.49,25.6,17.1,1,1.0,Mild Deficit
USR-05040,54,Female,Remote Tech,Morning Lark,166,Messaging / Chat,56,0,70,35,85.2,4.6,21.5,16.0,6,9.3,Severe Sleep Debt
USR-05041,43,Female,Student,Night Owl,31,News / Reading,89,0,90,37,35.0,6.12,18.6,23.6,3,3.8,Moderate Debt
USR-05042,35,Male,Student,Intermediate,86,Instagram / Reddit,80,0,31,0,66.0,6.04,14.9,15.8,4,6.9,Moderate Debt
USR-05043,24,Female,Student,Night Owl,17,YouTube,16,0,131,63,25.6,5.8,21.0,17.3,3,3.8,Moderate Debt
USR-05044,38,Male,Remote Tech,Intermediate,61,Instagram / Reddit,59,0,21,30,43.8,7.66,25.9,17.5,2,1.0,Mild Deficit
USR-05045,37,Female,Student,Night Owl,72,News / Reading,26,1,161,30,41.1,5.51,21.0,14.0,2,3.6,Moderate Debt
USR-05046,36,Male,Corporate 9-to-5,Intermediate,51,News / Reading,78,1,28,37,32.3,6.48,22.3,19.8,1,1.9,Moderate Debt
USR-05047,32,Male,Corporate 9-to-5,Intermediate,85,TikTok / Reels,36,0,45,50,69.8,6.27,22.1,18.7,4,5.8,Moderate Debt
USR-05048,33,Male,Corporate 9-to-5,Night Owl,42,Streaming (Netflix/Hulu),71,1,55,33,31.9,5.41,24.2,22.0,3,3.2,Moderate Debt
USR-05049,28,Male,Healthcare / Shift Worker,Morning Lark,32,Instagram / Reddit,78,1,24,43,39.4,6.36,21.8,17.0,2,3.2,Moderate Debt
USR-05050,33,Female,Corporate 9-to-5,Night Owl,53,TikTok / Reels,19,0,48,2,39.9,5.15,20.6,20.4,4,6.8,Moderate Debt
USR-05051,24,Female,Healthcare / Shift Worker,Intermediate,22,YouTube,84,1,0,32,21.4,5.46,24.9,20.3,3,3.2,Moderate Debt
USR-05052,45,Male,Corporate 9-to-5,Night Owl,22,TikTok / Reels,77,1,0,39,23.1,5.86,25.5,18.7,3,3.3,Moderate Debt
USR-05053,24,Male,Remote Tech,Intermediate,31,Streaming (Netflix/Hulu),34,0,34,29,30.5,7.03,24.5,17.2,0,1.0,Mild Deficit
USR-05054,20,Female,Freelance / Creative,Night Owl,128,TikTok / Reels,78,1,0,64,84.0,4.03,23.6,18.6,6,10.0,Severe Sleep Debt
USR-05055,30,Male,Remote Tech,Morning Lark,48,Messaging / Chat,31,1,0,24,28.3,8.13,21.6,21.0,0,1.0,Optimal Recovery
USR-05056,38,Female,Corporate 9-to-5,Intermediate,177,News / Reading,73,1,0,52,55.3,4.81,19.6,20.2,6,8.3,Moderate Debt
USR-05057,30,Female,Corporate 9-to-5,Night Owl,46,TikTok / Reels,53,0,0,33,47.3,6.37,19.3,17.9,3,3.5,Moderate Debt
USR-05058,26,Male,Freelance / Creative,Night Owl,32,Instagram / Reddit,27,1,0,48,28.0,6.89,23.4,18.8,1,1.1,Mild Deficit
USR-05059,34,Female,Remote Tech,Morning Lark,138,Instagram / Reddit,85,0,20,60,85.4,5.21,21.4,17.3,5,9.4,Severe Sleep Debt
USR-05060,28,Male,Remote Tech,Intermediate,31,Messaging / Chat,84,0,93,50,41.1,6.84,24.5,18.1,2,3.0,Mild Deficit
USR-05061,56,Female,Remote Tech,Intermediate,45,Messaging / Chat,59,0,0,13,40.3,6.72,20.8,21.5,2,2.6,Moderate Debt
USR-05062,54,Female,Remote Tech,Morning Lark,20,Streaming (Netflix/Hulu),55,0,0,46,27.0,8.63,21.2,18.7,0,1.0,Optimal Recovery
USR-05063,32,Male,Corporate 9-to-5,Intermediate,113,News / Reading,47,0,63,50,43.5,6.03,19.3,23.8,1,4.1,Moderate Debt
USR-05064,27,Male,Student,Night Owl,50,TikTok / Reels,66,1,0,36,34.3,4.3,20.5,20.1,3,5.6,Moderate Debt
USR-05065,41,Female,Student,Intermediate,110,YouTube,63,0,0,32,67.8,5.43,16.9,22.6,4,6.5,Moderate Debt
USR-05066,19,Female,Corporate 9-to-5,Intermediate,73,Streaming (Netflix/Hulu),86,0,55,56,54.5,6.38,16.2,23.0,4,5.7,Moderate Debt
USR-05067,31,Female,Healthcare / Shift Worker,Night Owl,49,TikTok / Reels,59,1,0,19,43.1,3.45,20.3,17.2,4,7.4,Moderate Debt
USR-05068,28,Female,Healthcare / Shift Worker,Morning Lark,65,Messaging / Chat,83,0,0,24,36.8,5.38,16.9,17.7,3,4.3,Moderate Debt
USR-05069,54,Male,Freelance / Creative,Intermediate,121,Streaming (Netflix/Hulu),18,1,22,42,57.8,5.98,19.8,20.3,3,4.5,Moderate Debt
USR-05070,18,Male,Corporate 9-to-5,Night Owl,56,YouTube,71,1,66,50,39.3,4.56,22.1,24.0,3,5.6,Moderate Debt
USR-05071,34,Female,Corporate 9-to-5,Night Owl,45,YouTube,59,0,0,29,40.4,4.56,21.9,16.5,5,7.1,Moderate Debt
USR-05072,42,Female,Healthcare / Shift Worker,Night Owl,10,TikTok / Reels,62,1,23,65,16.7,5.55,28.0,18.3,3,3.3,Moderate Debt
USR-05073,32,Male,Corporate 9-to-5,Night Owl,71,TikTok / Reels,91,1,0,0,55.3,4.24,23.5,21.4,5,7.5,Moderate Debt
USR-05074,20,Male,Corporate 9-to-5,Morning Lark,50,YouTube,77,0,46,23,36.6,8.0,22.3,17.5,0,1.0,Optimal Recovery
USR-05075,61,Male,Healthcare / Shift Worker,Intermediate,133,Messaging / Chat,48,1,0,24,64.0,3.67,23.5,26.6,6,9.0,Severe Sleep Debt
USR-05076,33,Male,Corporate 9-to-5,Night Owl,20,Instagram / Reddit,38,0,20,35,23.8,5.07,22.9,23.0,3,4.2,Moderate Debt
USR-05077,36,Female,Remote Tech,Morning Lark,72,Instagram / Reddit,17,1,82,37,41.2,7.0,23.1,19.6,2,2.0,Mild Deficit
USR-05078,25,Female,Remote Tech,Morning Lark,15,TikTok / Reels,64,0,0,70,20.9,8.61,25.6,19.6,1,1.0,Optimal Recovery
USR-05079,32,Male,Healthcare / Shift Worker,Night Owl,43,TikTok / Reels,80,0,107,0,45.5,5.2,19.5,15.5,4,6.5,Moderate Debt
USR-05080,30,Male,Corporate 9-to-5,Night Owl,126,News / Reading,80,0,56,44,53.2,3.25,16.1,17.5,5,9.3,Severe Sleep Debt
USR-05081,20,Female,Healthcare / Shift Worker,Intermediate,125,TikTok / Reels,47,0,79,55,78.6,4.15,20.5,16.3,6,9.7,Severe Sleep Debt
USR-05082,21,Female,Student,Night Owl,70,TikTok / Reels,80,0,0,50,46.0,4.77,23.3,20.8,3,5.9,Moderate Debt
USR-05083,47,Female,Remote Tech,Night Owl,70,Streaming (Netflix/Hulu),80,1,55,17,47.5,4.87,17.6,21.4,6,7.0,Moderate Debt
USR-05084,25,Male,Corporate 9-to-5,Night Owl,93,YouTube,74,0,42,39,65.5,3.2,20.1,14.9,6,9.9,Severe Sleep Debt
USR-05085,24,Female,Corporate 9-to-5,Night Owl,50,TikTok / Reels,56,1,0,37,41.7,4.52,26.7,19.0,6,6.7,Moderate Debt
USR-05086,32,Female,Student,Intermediate,46,News / Reading,54,0,60,30,32.8,6.38,22.7,22.5,1,2.6,Moderate Debt
USR-05087,43,Male,Remote Tech,Night Owl,20,Streaming (Netflix/Hulu),66,1,0,57,23.7,5.68,23.9,24.3,2,3.9,Moderate Debt
USR-05088,20,Female,Freelance / Creative,Intermediate,56,TikTok / Reels,69,1,0,75,41.6,6.8,26.7,21.6,2,1.0,Mild Deficit
USR-05089,35,Female,Remote Tech,Night Owl,22,Messaging / Chat,46,0,0,24,24.2,6.34,24.3,21.7,2,2.3,Moderate Debt
USR-05090,22,Female,Remote Tech,Night Owl,40,TikTok / Reels,48,0,124,38,39.4,5.57,19.9,13.5,4,4.9,Moderate Debt
USR-05091,19,Female,Remote Tech,Morning Lark,97,YouTube,60,0,0,7,66.4,6.57,15.3,20.9,3,4.8,Moderate Debt
USR-05092,19,Female,Healthcare / Shift Worker,Morning Lark,67,Streaming (Netflix/Hulu),43,1,0,32,35.7,6.02,23.7,22.2,4,5.3,Moderate Debt
USR-05093,47,Male,Remote Tech,Intermediate,30,News / Reading,45,0,20,22,20.2,7.37,22.7,21.9,0,1.0,Mild Deficit
USR-05094,22,Male,Corporate 9-to-5,Night Owl,39,YouTube,20,1,0,66,26.3,5.6,24.5,21.7,3,3.7,Moderate Debt
USR-05095,19,Female,Healthcare / Shift Worker,Night Owl,58,TikTok / Reels,35,0,64,66,48.3,3.2,17.9,18.1,6,9.0,Severe Sleep Debt
USR-05096,30,Female,Remote Tech,Intermediate,77,Instagram / Reddit,70,1,20,19,37.9,5.77,22.8,19.4,4,4.2,Moderate Debt
USR-05097,48,Male,Remote Tech,Intermediate,27,News / Reading,75,1,0,30,19.5,7.55,20.8,20.4,2,1.0,Mild Deficit
USR-05098,26,Female,Student,Night Owl,116,Instagram / Reddit,54,0,0,20,57.8,3.2,21.1,17.6,6,8.2,Moderate Debt
USR-05099,30,Female,Student,Intermediate,54,Streaming (Netflix/Hulu),71,1,0,40,22.5,6.52,25.2,20.2,2,1.8,Moderate Debt
USR-05100,19,Male,Corporate 9-to-5,Morning Lark,27,TikTok / Reels,10,0,36,50,24.6,7.98,22.4,19.4,0,1.0,Optimal Recovery
USR-05101,31,Female,Corporate 9-to-5,Intermediate,32,Streaming (Netflix/Hulu),64,0,0,22,21.0,7.19,20.8,22.5,0,1.0,Mild Deficit
USR-05102,35,Female,Healthcare / Shift Worker,Night Owl,112,Messaging / Chat,26,0,87,24,72.9,3.54,23.1,19.3,6,9.9,Severe Sleep Debt
USR-05103,35,Female,Corporate 9-to-5,Night Owl,79,YouTube,38,1,0,66,42.9,4.41,17.5,19.0,3,7.5,Moderate Debt
USR-05104,28,Female,Student,Intermediate,99,TikTok / Reels,68,0,20,31,69.3,5.96,18.1,15.4,4,6.0,Moderate Debt
USR-05105,27,Female,Corporate 9-to-5,Morning Lark,68,YouTube,71,1,0,14,34.9,8.65,17.0,20.7,0,1.0,Optimal Recovery
USR-05106,21,Female,Remote Tech,Intermediate,6,TikTok / Reels,17,0,0,44,14.2,8.07,19.3,17.2,0,1.0,Optimal Recovery
USR-05107,28,Female,Corporate 9-to-5,Night Owl,28,YouTube,22,1,98,18,32.8,5.72,23.3,17.7,2,2.8,Moderate Debt
USR-05108,21,Male,Remote Tech,Intermediate,114,TikTok / Reels,42,1,145,26,80.3,5.44,21.9,19.1,4,6.2,Moderate Debt
USR-05109,43,Female,Student,Intermediate,25,YouTube,19,1,0,33,34.8,8.13,21.8,23.3,1,1.0,Optimal Recovery
USR-05110,60,Female,Corporate 9-to-5,Morning Lark,57,Messaging / Chat,47,0,0,25,45.2,7.5,23.8,17.9,2,1.7,Mild Deficit
USR-05111,60,Male,Remote Tech,Night Owl,19,Instagram / Reddit,72,0,220,58,42.1,5.04,17.4,15.4,2,4.8,Moderate Debt
USR-05112,49,Male,Freelance / Creative,Intermediate,40,News / Reading,24,0,0,54,24.8,6.55,22.0,21.3,2,2.3,Moderate Debt
USR-05113,36,Female,Remote Tech,Morning Lark,42,Streaming (Netflix/Hulu),95,1,0,44,28.1,8.4,24.8,15.5,1,1.0,Optimal Recovery
USR-05114,40,Female,Healthcare / Shift Worker,Night Owl,24,YouTube,50,1,0,26,17.7,4.99,21.2,14.3,1,4.1,Moderate Debt
USR-05115,26,Female,Freelance / Creative,Night Owl,31,TikTok / Reels,62,0,0,23,23.7,5.68,23.2,17.9,2,2.4,Moderate Debt
USR-05116,37,Male,Freelance / Creative,Intermediate,63,Streaming (Netflix/Hulu),34,1,0,47,33.0,6.33,20.8,20.9,1,2.7,Moderate Debt
USR-05117,31,Female,Healthcare / Shift Worker,Intermediate,37,YouTube,76,0,0,36,21.1,5.34,21.4,22.9,2,3.9,Moderate Debt
USR-05118,32,Female,Corporate 9-to-5,Intermediate,180,News / Reading,60,1,104,60,66.7,4.4,19.3,20.9,4,6.6,Moderate Debt
USR-05119,42,Female,Freelance / Creative,Morning Lark,81,TikTok / Reels,60,1,0,38,47.5,8.35,19.2,17.9,1,1.0,Optimal Recovery
USR-05120,26,Female,Healthcare / Shift Worker,Morning Lark,86,TikTok / Reels,63,0,36,39,51.3,5.78,20.7,19.2,3,4.3,Moderate Debt
USR-05121,27,Female,Healthcare / Shift Worker,Intermediate,100,TikTok / Reels,29,0,76,32,62.0,5.28,22.3,17.8,4,6.1,Moderate Debt
USR-05122,55,Female,Corporate 9-to-5,Morning Lark,70,Streaming (Netflix/Hulu),63,0,0,37,36.9,7.86,23.1,20.6,1,1.0,Optimal Recovery
USR-05123,19,Male,Freelance / Creative,Night Owl,33,Streaming (Netflix/Hulu),69,1,102,36,38.2,5.45,20.1,19.0,3,5.4,Moderate Debt
USR-05124,32,Male,Student,Morning Lark,85,TikTok / Reels,24,1,0,40,72.3,5.78,22.2,17.5,3,5.4,Moderate Debt
USR-05125,53,Female,Student,Intermediate,44,Streaming (Netflix/Hulu),50,1,118,23,46.9,7.36,19.6,14.9,3,3.1,Mild Deficit
USR-05126,36,Female,Corporate 9-to-5,Intermediate,21,TikTok / Reels,49,0,20,11,20.1,7.43,19.8,17.0,2,1.0,Mild Deficit
USR-05127,34,Female,Corporate 9-to-5,Intermediate,74,Instagram / Reddit,56,1,0,16,35.4,6.56,22.9,19.9,3,1.7,Moderate Debt
USR-05128,25,Female,Freelance / Creative,Intermediate,69,TikTok / Reels,69,1,0,59,51.1,5.72,25.4,22.8,4,4.8,Moderate Debt
USR-05129,28,Male,Remote Tech,Night Owl,86,YouTube,71,1,0,32,42.2,4.84,23.6,19.0,3,5.4,Moderate Debt
USR-05130,48,Non-Binary,Remote Tech,Intermediate,50,Instagram / Reddit,53,0,0,25,31.3,7.91,27.8,20.8,0,1.0,Optimal Recovery
USR-05131,34,Female,Healthcare / Shift Worker,Night Owl,93,TikTok / Reels,74,1,0,51,57.1,3.2,26.0,21.6,4,8.9,Severe Sleep Debt
USR-05132,33,Female,Corporate 9-to-5,Intermediate,25,Streaming (Netflix/Hulu),27,1,0,26,20.5,8.0,22.1,22.6,0,1.0,Optimal Recovery
USR-05133,21,Female,Remote Tech,Morning Lark,15,YouTube,60,1,20,32,18.7,8.89,22.5,22.1,2,1.0,Optimal Recovery
USR-05134,18,Male,Remote Tech,Intermediate,57,Instagram / Reddit,15,1,68,18,38.3,6.03,20.7,17.0,3,4.1,Moderate Debt
USR-05135,59,Male,Corporate 9-to-5,Intermediate,37,Instagram / Reddit,45,1,0,47,26.3,6.61,23.0,19.6,3,1.1,Moderate Debt
USR-05136,29,Male,Corporate 9-to-5,Night Owl,29,Instagram / Reddit,65,1,0,18,28.2,5.44,23.3,15.4,3,3.5,Moderate Debt
USR-05137,36,Male,Corporate 9-to-5,Night Owl,46,Instagram / Reddit,69,0,94,0,40.4,5.28,18.1,16.0,5,7.8,Moderate Debt
USR-05138,20,Female,Corporate 9-to-5,Morning Lark,78,Messaging / Chat,61,0,160,64,72.2,7.96,23.2,16.8,1,3.2,Optimal Recovery
USR-05139,39,Male,Student,Morning Lark,5,News / Reading,86,0,0,26,10.6,9.58,25.1,23.3,0,1.0,Optimal Recovery
USR-05140,56,Male,Freelance / Creative,Intermediate,41,Streaming (Netflix/Hulu),57,0,0,20,36.0,6.01,20.5,18.7,3,3.8,Moderate Debt
USR-05141,35,Male,Remote Tech,Night Owl,135,News / Reading,21,0,0,35,51.9,3.2,21.3,23.3,5,9.2,Severe Sleep Debt
USR-05142,22,Female,Corporate 9-to-5,Morning Lark,19,Messaging / Chat,10,1,0,0,12.1,8.73,22.1,18.1,0,1.0,Optimal Recovery
USR-05143,35,Male,Corporate 9-to-5,Intermediate,35,YouTube,35,0,0,54,31.0,8.24,23.7,22.3,1,1.0,Optimal Recovery
USR-05144,43,Male,Healthcare / Shift Worker,Intermediate,111,News / Reading,35,0,0,10,37.2,4.52,23.9,21.6,4,6.2,Moderate Debt
USR-05145,29,Male,Freelance / Creative,Intermediate,48,TikTok / Reels,56,1,0,22,38.4,6.23,21.8,18.4,4,4.9,Moderate Debt
USR-05146,50,Male,Corporate 9-to-5,Morning Lark,62,TikTok / Reels,44,1,0,28,32.0,7.66,25.3,16.7,1,1.0,Mild Deficit
USR-05147,38,Male,Corporate 9-to-5,Morning Lark,42,News / Reading,36,0,93,24,33.1,7.13,23.1,24.6,3,3.2,Mild Deficit
USR-05148,52,Male,Student,Intermediate,116,YouTube,43,0,0,29,53.2,5.26,25.2,18.8,5,7.2,Moderate Debt
USR-05149,37,Male,Student,Morning Lark,34,Streaming (Netflix/Hulu),48,1,148,52,25.8,8.38,21.3,17.7,1,1.0,Optimal Recovery
USR-05150,22,Male,Remote Tech,Morning Lark,56,News / Reading,38,1,65,62,28.4,7.88,19.6,21.6,1,1.0,Optimal Recovery
USR-05151,27,Female,Student,Morning Lark,88,TikTok / Reels,56,0,0,69,64.0,5.79,25.5,11.7,4,6.3,Moderate Debt
USR-05152,24,Female,Student,Intermediate,30,TikTok / Reels,74,0,0,27,39.0,7.48,22.5,19.1,2,1.0,Mild Deficit
USR-05153,53,Female,Freelance / Creative,Intermediate,18,Streaming (Netflix/Hulu),42,0,146,26,36.6,6.51,20.8,17.2,2,2.5,Moderate Debt
USR-05154,43,Male,Corporate 9-to-5,Intermediate,8,Streaming (Netflix/Hulu),57,0,0,20,20.3,7.18,24.6,18.3,0,1.0,Mild Deficit
USR-05155,39,Male,Freelance / Creative,Intermediate,78,Messaging / Chat,96,0,0,16,38.1,6.04,18.3,18.8,3,4.5,Moderate Debt
USR-05156,27,Non-Binary,Remote Tech,Morning Lark,23,Streaming (Netflix/Hulu),60,0,0,19,15.6,8.7,24.6,19.7,0,1.0,Optimal Recovery
USR-05157,24,Female,Student,Intermediate,69,TikTok / Reels,77,0,0,0,49.9,7.33,19.1,18.2,2,3.1,Mild Deficit
USR-05158,42,Female,Remote Tech,Morning Lark,67,YouTube,46,1,0,60,32.0,6.79,20.7,22.6,3,3.4,Mild Deficit
USR-05159,31,Female,Remote Tech,Intermediate,22,Streaming (Netflix/Hulu),78,0,0,0,27.4,8.63,23.3,21.2,1,1.0,Optimal Recovery
USR-05160,25,Female,Student,Morning Lark,59,Instagram / Reddit,39,0,0,64,45.5,6.68,24.5,16.9,2,3.2,Moderate Debt
USR-05161,36,Male,Remote Tech,Night Owl,165,YouTube,67,1,0,31,87.2,3.24,20.9,22.3,7,10.0,Severe Sleep Debt
USR-05162,19,Female,Corporate 9-to-5,Morning Lark,80,TikTok / Reels,77,1,91,14,57.4,8.21,16.4,12.7,3,1.8,Optimal Recovery
USR-05163,27,Male,Remote Tech,Night Owl,180,TikTok / Reels,86,0,0,0,106.6,3.2,12.0,17.1,7,10.0,Severe Sleep Debt
USR-05164,31,Male,Remote Tech,Night Owl,37,Messaging / Chat,58,1,71,46,48.7,4.82,22.6,18.1,3,5.3,Moderate Debt
USR-05165,22,Female,Corporate 9-to-5,Intermediate,61,Messaging / Chat,50,1,0,0,33.9,6.93,24.0,21.7,1,1.4,Mild Deficit
USR-05166,62,Male,Freelance / Creative,Night Owl,28,TikTok / Reels,27,0,20,21,22.8,5.68,19.0,15.9,3,3.2,Moderate Debt
USR-05167,24,Female,Corporate 9-to-5,Morning Lark,136,TikTok / Reels,54,0,0,54,78.6,5.98,18.0,17.9,6,7.0,Moderate Debt
USR-05168,22,Female,Remote Tech,Morning Lark,44,YouTube,71,1,0,30,25.5,8.75,24.7,18.5,1,1.0,Optimal Recovery
USR-05169,24,Male,Corporate 9-to-5,Intermediate,22,News / Reading,69,0,0,23,25.6,7.31,23.9,25.8,1,1.0,Mild Deficit
USR-05170,43,Male,Remote Tech,Morning Lark,61,News / Reading,55,1,0,33,33.0,7.57,18.7,24.7,2,1.0,Mild Deficit
USR-05171,30,Female,Corporate 9-to-5,Intermediate,35,Streaming (Netflix/Hulu),62,1,0,58,37.2,6.86,26.9,22.2,2,1.0,Mild Deficit
USR-05172,35,Female,Remote Tech,Intermediate,68,TikTok / Reels,88,1,32,24,55.2,7.13,15.7,18.5,3,2.8,Mild Deficit
USR-05173,18,Female,Corporate 9-to-5,Morning Lark,49,TikTok / Reels,69,0,74,37,43.7,7.99,18.4,18.6,2,2.7,Optimal Recovery
USR-05174,19,Female,Corporate 9-to-5,Intermediate,81,YouTube,50,0,0,52,45.7,6.24,24.1,20.6,3,3.7,Moderate Debt
USR-05175,31,Non-Binary,Student,Morning Lark,10,News / Reading,55,1,0,20,26.7,8.4,23.2,21.1,1,1.0,Optimal Recovery
USR-05176,46,Male,Student,Intermediate,54,TikTok / Reels,69,1,85,22,49.3,5.99,21.9,18.0,4,4.7,Moderate Debt
USR-05177,51,Female,Corporate 9-to-5,Night Owl,28,Messaging / Chat,67,0,0,42,32.3,5.57,23.7,23.5,3,3.8,Moderate Debt
USR-05178,21,Male,Corporate 9-to-5,Intermediate,101,TikTok / Reels,100,0,99,38,107.9,4.31,16.9,15.7,6,9.7,Severe Sleep Debt
USR-05179,34,Female,Healthcare / Shift Worker,Intermediate,128,Instagram / Reddit,88,0,0,64,83.1,3.91,20.0,19.4,6,10.0,Severe Sleep Debt
USR-05180,54,Female,Corporate 9-to-5,Intermediate,34,Streaming (Netflix/Hulu),34,1,0,21,25.3,6.71,24.1,21.8,3,1.8,Moderate Debt
USR-05181,29,Male,Freelance / Creative,Night Owl,2,Instagram / Reddit,42,0,0,25,23.8,5.7,23.2,21.9,4,3.3,Moderate Debt
USR-05182,46,Male,Remote Tech,Morning Lark,69,Streaming (Netflix/Hulu),81,1,164,28,49.4,7.57,21.2,14.9,2,1.7,Mild Deficit
USR-05183,22,Male,Corporate 9-to-5,Night Owl,26,Streaming (Netflix/Hulu),39,1,0,8,32.3,6.25,23.0,19.8,2,2.5,Moderate Debt
USR-05184,56,Male,Student,Intermediate,65,YouTube,58,1,0,28,36.1,5.8,21.0,17.1,3,3.8,Moderate Debt
USR-05185,42,Male,Healthcare / Shift Worker,Intermediate,27,YouTube,87,0,0,55,22.0,5.84,21.7,17.9,2,3.0,Moderate Debt
USR-05186,57,Female,Remote Tech,Night Owl,67,Messaging / Chat,61,1,0,15,45.4,4.81,20.9,18.1,4,6.0,Moderate Debt
USR-05187,39,Male,Remote Tech,Night Owl,18,TikTok / Reels,75,0,91,44,25.4,5.8,22.8,17.1,2,2.2,Moderate Debt
USR-05188,28,Non-Binary,Remote Tech,Intermediate,74,YouTube,59,1,83,32,49.8,6.04,24.0,17.9,3,4.1,Moderate Debt
USR-05189,56,Female,Freelance / Creative,Morning Lark,143,News / Reading,54,0,125,20,62.7,5.35,14.1,20.9,4,8.7,Severe Sleep Debt
USR-05190,26,Male,Student,Night Owl,17,Streaming (Netflix/Hulu),18,0,20,26,6.4,5.72,24.8,18.4,2,2.5,Moderate Debt
USR-05191,28,Female,Corporate 9-to-5,Intermediate,71,Streaming (Netflix/Hulu),60,1,94,25,48.1,6.73,19.6,19.0,3,5.1,Moderate Debt
USR-05192,40,Female,Corporate 9-to-5,Intermediate,12,TikTok / Reels,44,0,0,31,19.4,7.54,24.3,22.1,1,1.0,Mild Deficit
USR-05193,43,Male,Corporate 9-to-5,Morning Lark,50,Messaging / Chat,82,0,47,33,37.3,7.79,17.2,19.2,1,1.1,Optimal Recovery
USR-05194,55,Female,Corporate 9-to-5,Intermediate,48,News / Reading,10,0,0,39,14.6,7.65,23.4,18.3,1,1.0,Mild Deficit
USR-05195,24,Male,Corporate 9-to-5,Night Owl,48,Instagram / Reddit,45,0,0,66,43.7,5.91,17.7,20.0,3,4.3,Moderate Debt
USR-05196,44,Female,Student,Intermediate,16,YouTube,83,0,87,0,30.2,7.33,19.4,22.6,2,1.3,Mild Deficit
USR-05197,42,Male,Corporate 9-to-5,Night Owl,51,Instagram / Reddit,94,0,0,14,37.6,5.46,24.9,16.3,5,5.6,Moderate Debt
USR-05198,20,Female,Remote Tech,Morning Lark,50,Instagram / Reddit,78,1,22,52,42.2,7.34,21.9,19.3,2,1.7,Mild Deficit
USR-05199,29,Female,Student,Morning Lark,8,Streaming (Netflix/Hulu),68,0,62,55,22.8,8.48,24.0,18.7,1,1.0,Optimal Recovery
USR-05200,26,Female,Corporate 9-to-5,Intermediate,11,TikTok / Reels,21,0,0,36,13.4,8.17,25.4,20.3,0,1.0,Optimal Recovery
USR-05201,27,Male,Corporate 9-to-5,Night Owl,59,TikTok / Reels,34,0,89,19,40.8,4.97,19.1,14.4,5,6.8,Moderate Debt
USR-05202,62,Male,Corporate 9-to-5,Night Owl,97,Streaming (Netflix/Hulu),74,0,0,0,48.5,4.35,13.4,21.4,3,7.5,Moderate Debt
USR-05203,37,Male,Corporate 9-to-5,Night Owl,57,Streaming (Netflix/Hulu),29,0,59,41,36.6,5.7,20.5,16.5,2,3.3,Moderate Debt
USR-05204,41,Female,Healthcare / Shift Worker,Morning Lark,62,Instagram / Reddit,50,0,0,59,42.2,5.45,19.8,22.5,4,5.1,Moderate Debt
USR-05205,61,Female,Student,Night Owl,31,Instagram / Reddit,49,1,82,65,20.9,4.92,19.8,17.6,4,5.6,Moderate Debt
USR-05206,29,Female,Corporate 9-to-5,Night Owl,47,Instagram / Reddit,63,0,83,23,30.8,5.83,21.9,19.6,3,5.2,Moderate Debt
USR-05207,45,Male,Remote Tech,Morning Lark,17,TikTok / Reels,68,0,0,40,22.3,8.49,21.6,19.7,1,1.0,Optimal Recovery
USR-05208,30,Female,Corporate 9-to-5,Intermediate,72,TikTok / Reels,10,0,20,36,54.5,6.15,23.0,16.5,2,2.9,Moderate Debt
USR-05209,50,Non-Binary,Remote Tech,Intermediate,26,Instagram / Reddit,61,1,54,4,29.1,7.82,19.0,17.6,0,1.0,Optimal Recovery
USR-05210,23,Male,Remote Tech,Intermediate,18,TikTok / Reels,41,0,34,40,34.3,8.67,21.3,14.8,1,1.0,Optimal Recovery
USR-05211,57,Female,Remote Tech,Night Owl,51,Streaming (Netflix/Hulu),66,0,0,0,37.1,4.92,20.4,20.3,4,4.3,Moderate Debt
USR-05212,24,Female,Corporate 9-to-5,Morning Lark,101,Instagram / Reddit,19,0,0,29,44.0,6.51,22.5,17.0,3,3.1,Moderate Debt
USR-05213,27,Male,Corporate 9-to-5,Intermediate,57,Instagram / Reddit,75,0,94,53,40.3,6.18,20.0,18.4,3,4.5,Moderate Debt
USR-05214,42,Female,Student,Morning Lark,101,News / Reading,41,1,0,59,40.5,5.43,22.5,22.2,3,3.4,Moderate Debt
USR-05215,29,Female,Healthcare / Shift Worker,Intermediate,37,TikTok / Reels,47,1,0,32,34.0,5.57,24.3,15.2,2,2.0,Moderate Debt
USR-05216,36,Female,Freelance / Creative,Night Owl,61,YouTube,88,0,104,77,47.9,3.78,20.8,21.0,6,9.8,Severe Sleep Debt
USR-05217,30,Male,Corporate 9-to-5,Morning Lark,43,YouTube,52,0,0,25,39.0,7.19,21.5,21.0,2,2.1,Mild Deficit
USR-05218,42,Male,Student,Intermediate,77,Messaging / Chat,75,1,30,5,40.0,6.34,15.8,20.6,3,3.9,Moderate Debt
USR-05219,25,Female,Student,Night Owl,67,YouTube,55,1,0,54,37.9,4.26,20.2,19.3,6,7.2,Moderate Debt
USR-05220,20,Female,Freelance / Creative,Night Owl,29,TikTok / Reels,88,1,0,38,27.4,4.98,19.2,17.0,4,5.8,Moderate Debt
USR-05221,27,Female,Corporate 9-to-5,Intermediate,148,TikTok / Reels,62,0,20,9,83.3,5.22,16.0,14.5,5,8.0,Moderate Debt
USR-05222,31,Male,Student,Morning Lark,19,Messaging / Chat,65,1,35,33,23.7,8.88,17.4,20.0,0,1.0,Optimal Recovery
USR-05223,23,Female,Corporate 9-to-5,Intermediate,55,Instagram / Reddit,59,1,0,27,37.9,6.47,21.2,21.7,3,3.7,Moderate Debt
USR-05224,28,Female,Student,Night Owl,26,YouTube,49,1,0,67,19.6,5.15,24.2,23.1,3,3.2,Moderate Debt
USR-05225,29,Male,Remote Tech,Night Owl,50,Messaging / Chat,73,0,0,52,37.1,6.85,20.7,17.7,3,3.3,Mild Deficit
USR-05226,20,Male,Student,Morning Lark,25,Streaming (Netflix/Hulu),40,1,20,19,19.0,8.45,22.0,19.5,2,1.0,Optimal Recovery
USR-05227,35,Non-Binary,Healthcare / Shift Worker,Intermediate,50,TikTok / Reels,70,0,0,36,41.0,5.14,25.4,20.3,4,5.7,Moderate Debt
USR-05228,51,Male,Remote Tech,Morning Lark,59,Instagram / Reddit,74,1,0,22,37.7,6.94,21.0,19.8,1,1.3,Mild Deficit
USR-05229,23,Female,Remote Tech,Morning Lark,77,YouTube,66,1,0,65,43.1,6.64,26.7,21.9,2,1.2,Moderate Debt
USR-05230,36,Female,Corporate 9-to-5,Intermediate,12,Messaging / Chat,36,0,0,22,10.8,7.95,24.1,22.6,0,1.0,Optimal Recovery
USR-05231,38,Female,Remote Tech,Morning Lark,36,TikTok / Reels,64,1,0,18,19.5,7.63,20.6,19.2,2,1.0,Mild Deficit
USR-05232,30,Female,Remote Tech,Morning Lark,84,Instagram / Reddit,76,1,0,12,53.1,6.77,22.2,20.8,1,3.1,Mild Deficit
USR-05233,40,Male,Corporate 9-to-5,Night Owl,64,Streaming (Netflix/Hulu),30,0,0,48,39.4,4.86,25.9,16.4,5,4.9,Moderate Debt
USR-05234,29,Male,Healthcare / Shift Worker,Intermediate,180,Messaging / Chat,24,0,124,40,84.3,3.2,23.0,15.4,7,10.0,Severe Sleep Debt
USR-05235,32,Male,Corporate 9-to-5,Night Owl,35,Messaging / Chat,72,1,0,19,36.9,6.27,20.7,19.5,3,4.1,Moderate Debt
USR-05236,18,Female,Student,Intermediate,5,YouTube,42,0,37,18,17.8,7.32,25.1,23.4,1,1.0,Mild Deficit
USR-05237,39,Male,Healthcare / Shift Worker,Night Owl,150,Streaming (Netflix/Hulu),70,0,0,79,80.6,3.2,21.8,22.3,6,10.0,Severe Sleep Debt
USR-05238,38,Male,Freelance / Creative,Intermediate,82,Messaging / Chat,89,1,0,63,47.8,5.19,25.5,20.8,2,4.8,Moderate Debt
USR-05239,19,Female,Healthcare / Shift Worker,Intermediate,111,Instagram / Reddit,26,0,0,35,58.2,3.8,22.8,21.2,5,7.8,Moderate Debt
USR-05240,28,Male,Corporate 9-to-5,Intermediate,28,Streaming (Netflix/Hulu),24,0,60,54,24.0,6.82,26.2,18.8,2,1.8,Mild Deficit
USR-05241,62,Female,Healthcare / Shift Worker,Morning Lark,65,Messaging / Chat,71,1,80,26,37.7,6.17,18.0,19.8,3,3.5,Moderate Debt
USR-05242,30,Female,Corporate 9-to-5,Night Owl,58,Messaging / Chat,81,0,20,36,38.1,6.42,23.3,16.8,1,2.3,Moderate Debt
USR-05243,32,Male,Freelance / Creative,Intermediate,37,TikTok / Reels,89,0,0,59,41.1,6.42,17.7,19.5,3,3.4,Moderate Debt
USR-05244,53,Male,Student,Morning Lark,101,YouTube,71,1,25,37,56.7,7.12,23.5,20.0,3,2.7,Mild Deficit
USR-05245,41,Female,Healthcare / Shift Worker,Intermediate,49,Instagram / Reddit,52,0,0,10,25.3,6.4,20.9,16.6,2,2.0,Moderate Debt
USR-05246,35,Female,Corporate 9-to-5,Night Owl,81,Streaming (Netflix/Hulu),57,1,0,21,36.7,4.15,21.4,19.7,4,6.0,Moderate Debt
USR-05247,44,Non-Binary,Remote Tech,Morning Lark,18,YouTube,62,1,0,41,29.8,7.92,25.9,20.7,0,1.0,Optimal Recovery
USR-05248,49,Male,Healthcare / Shift Worker,Morning Lark,60,YouTube,89,1,0,49,33.4,6.39,27.5,20.4,3,2.8,Moderate Debt
USR-05249,31,Male,Healthcare / Shift Worker,Night Owl,87,Instagram / Reddit,61,0,0,66,43.4,3.2,17.3,18.3,4,7.1,Moderate Debt
USR-05250,31,Female,Corporate 9-to-5,Morning Lark,33,News / Reading,41,1,49,15,22.2,8.56,20.2,24.6,1,1.0,Optimal Recovery
USR-05251,29,Female,Freelance / Creative,Morning Lark,47,YouTube,59,1,0,45,34.0,8.36,27.6,20.3,1,1.0,Optimal Recovery
USR-05252,60,Female,Corporate 9-to-5,Intermediate,50,TikTok / Reels,24,0,57,15,62.8,6.32,20.6,20.8,3,4.9,Moderate Debt
USR-05253,40,Female,Student,Intermediate,50,TikTok / Reels,44,1,0,11,38.6,6.49,20.3,19.7,2,3.3,Moderate Debt
USR-05254,20,Female,Student,Intermediate,24,TikTok / Reels,49,1,0,40,23.5,7.45,22.7,18.4,1,1.0,Mild Deficit
USR-05255,49,Female,Corporate 9-to-5,Intermediate,88,News / Reading,47,1,0,10,27.5,6.76,23.3,23.9,2,1.4,Mild Deficit
USR-05256,32,Male,Corporate 9-to-5,Night Owl,40,News / Reading,23,0,0,32,16.3,5.11,27.9,24.4,4,4.5,Moderate Debt
USR-05257,20,Female,Healthcare / Shift Worker,Night Owl,76,YouTube,31,0,97,29,49.7,3.42,21.4,20.1,5,8.3,Moderate Debt
USR-05258,34,Male,Remote Tech,Night Owl,55,Streaming (Netflix/Hulu),55,0,132,18,45.9,4.97,18.4,19.5,6,7.6,Moderate Debt
USR-05259,30,Female,Corporate 9-to-5,Intermediate,26,Messaging / Chat,72,1,0,52,32.3,7.23,24.2,19.1,2,1.0,Mild Deficit
USR-05260,50,Female,Student,Morning Lark,64,TikTok / Reels,47,1,0,27,54.2,8.47,18.8,19.8,2,1.0,Optimal Recovery
USR-05261,24,Female,Healthcare / Shift Worker,Night Owl,32,TikTok / Reels,57,1,46,28,31.2,5.16,25.6,16.6,3,5.0,Moderate Debt
USR-05262,46,Female,Remote Tech,Morning Lark,40,Streaming (Netflix/Hulu),73,0,51,16,43.5,7.69,19.6,21.1,1,1.9,Mild Deficit
USR-05263,34,Female,Corporate 9-to-5,Night Owl,13,Messaging / Chat,100,0,0,83,35.5,5.72,24.1,22.9,2,3.1,Moderate Debt
USR-05264,19,Non-Binary,Corporate 9-to-5,Morning Lark,87,Instagram / Reddit,49,1,0,21,46.4,7.19,19.5,20.8,3,2.9,Mild Deficit
USR-05265,60,Male,Student,Night Owl,17,YouTube,38,1,0,21,31.6,5.77,26.2,18.8,2,2.1,Moderate Debt
USR-05266,33,Female,Remote Tech,Night Owl,88,News / Reading,71,1,69,42,42.5,3.37,23.0,19.2,5,8.4,Moderate Debt
USR-05267,26,Female,Student,Intermediate,48,Instagram / Reddit,72,0,40,39,40.5,7.02,18.2,18.8,2,2.5,Mild Deficit
USR-05268,31,Male,Healthcare / Shift Worker,Morning Lark,56,Messaging / Chat,29,0,0,14,46.4,5.79,21.4,21.5,3,4.2,Moderate Debt
USR-05269,49,Male,Remote Tech,Morning Lark,37,YouTube,33,1,0,0,27.4,8.21,22.3,18.9,0,1.0,Optimal Recovery
USR-05270,27,Female,Corporate 9-to-5,Intermediate,18,TikTok / Reels,28,0,127,48,34.4,6.83,26.2,14.2,3,1.6,Mild Deficit
USR-05271,24,Male,Freelance / Creative,Morning Lark,106,TikTok / Reels,41,1,205,16,77.3,5.33,17.1,14.5,4,7.8,Moderate Debt
USR-05272,22,Male,Remote Tech,Intermediate,28,Messaging / Chat,72,1,0,46,37.6,7.37,19.3,21.1,2,1.1,Mild Deficit
USR-05273,27,Male,Student,Intermediate,123,TikTok / Reels,62,1,117,35,83.9,4.48,16.4,15.3,6,9.6,Severe Sleep Debt
USR-05274,44,Male,Freelance / Creative,Intermediate,144,Streaming (Netflix/Hulu),58,1,0,42,56.4,4.76,21.2,18.7,3,4.9,Moderate Debt
USR-05275,31,Male,Freelance / Creative,Intermediate,73,Instagram / Reddit,35,1,0,30,41.6,6.02,25.1,22.8,2,2.7,Moderate Debt
USR-05276,25,Male,Remote Tech,Intermediate,45,YouTube,34,1,0,51,27.4,6.61,26.0,20.3,1,1.0,Moderate Debt
USR-05277,23,Female,Corporate 9-to-5,Morning Lark,19,YouTube,56,0,0,5,20.9,9.01,23.5,21.9,0,1.0,Optimal Recovery
USR-05278,28,Male,Freelance / Creative,Night Owl,81,TikTok / Reels,54,1,60,22,68.1,3.84,20.5,17.2,6,8.8,Severe Sleep Debt
USR-05279,56,Male,Student,Night Owl,107,TikTok / Reels,65,1,220,4,85.9,3.2,16.5,13.9,6,10.0,Severe Sleep Debt
USR-05280,28,Male,Remote Tech,Intermediate,52,TikTok / Reels,83,1,65,16,40.4,5.88,21.1,15.2,2,4.5,Moderate Debt
USR-05281,63,Non-Binary,Remote Tech,Morning Lark,51,TikTok / Reels,32,0,56,12,46.9,7.37,17.8,20.5,2,1.6,Mild Deficit
USR-05282,32,Female,Remote Tech,Night Owl,68,TikTok / Reels,52,1,24,42,57.6,5.41,22.5,18.7,3,5.4,Moderate Debt
USR-05283,23,Female,Healthcare / Shift Worker,Morning Lark,31,Instagram / Reddit,57,1,48,0,32.2,6.92,19.0,20.3,1,2.2,Mild Deficit
USR-05284,51,Female,Remote Tech,Morning Lark,13,TikTok / Reels,59,0,0,41,18.0,7.92,24.6,19.4,0,1.0,Optimal Recovery
USR-05285,31,Female,Healthcare / Shift Worker,Intermediate,61,YouTube,56,0,0,68,40.8,4.69,24.9,22.1,4,4.7,Moderate Debt
USR-05286,40,Female,Healthcare / Shift Worker,Morning Lark,15,Streaming (Netflix/Hulu),54,1,204,52,34.7,7.9,20.1,12.9,1,2.3,Optimal Recovery
USR-05287,62,Male,Healthcare / Shift Worker,Morning Lark,47,TikTok / Reels,59,1,53,8,36.6,6.61,18.6,19.1,2,4.4,Moderate Debt
USR-05288,19,Female,Student,Night Owl,33,Messaging / Chat,65,1,0,45,22.8,6.55,23.3,21.8,3,1.7,Moderate Debt
USR-05289,21,Male,Healthcare / Shift Worker,Intermediate,39,YouTube,41,0,20,58,21.5,5.3,24.2,17.8,3,4.3,Moderate Debt
USR-05290,41,Male,Remote Tech,Night Owl,42,News / Reading,64,0,20,30,28.5,5.03,20.5,20.4,3,5.6,Moderate Debt
USR-05291,26,Female,Corporate 9-to-5,Morning Lark,70,TikTok / Reels,65,0,43,66,50.2,7.36,26.3,17.0,3,1.8,Mild Deficit
USR-05292,24,Female,Healthcare / Shift Worker,Night Owl,35,TikTok / Reels,60,0,0,39,48.0,4.67,20.9,20.3,4,6.4,Moderate Debt
USR-05293,19,Male,Remote Tech,Intermediate,54,YouTube,87,1,0,50,39.6,6.51,19.0,18.3,2,3.4,Moderate Debt
USR-05294,18,Male,Corporate 9-to-5,Morning Lark,22,TikTok / Reels,59,1,0,22,25.7,8.76,20.9,22.0,0,1.0,Optimal Recovery
USR-05295,43,Male,Corporate 9-to-5,Night Owl,27,Instagram / Reddit,62,1,86,42,25.1,6.11,19.3,17.6,1,3.3,Moderate Debt
USR-05296,22,Male,Corporate 9-to-5,Night Owl,73,YouTube,35,1,0,29,45.6,5.39,20.8,22.0,3,5.2,Moderate Debt
USR-05297,31,Male,Student,Morning Lark,35,Instagram / Reddit,76,1,120,37,32.5,7.6,17.0,14.7,0,1.3,Mild Deficit
USR-05298,36,Male,Student,Night Owl,24,Messaging / Chat,93,0,0,46,12.2,6.77,22.3,22.7,2,2.1,Mild Deficit
USR-05299,30,Male,Corporate 9-to-5,Intermediate,54,YouTube,58,1,0,16,32.6,5.34,25.1,20.0,3,4.4,Moderate Debt
USR-05300,18,Male,Healthcare / Shift Worker,Night Owl,48,YouTube,14,0,0,34,37.6,5.09,25.7,21.8,5,6.1,Moderate Debt
USR-05301,44,Male,Corporate 9-to-5,Night Owl,115,Instagram / Reddit,77,1,57,80,81.2,3.2,20.5,16.6,5,9.8,Severe Sleep Debt
USR-05302,18,Female,Healthcare / Shift Worker,Morning Lark,66,Instagram / Reddit,82,1,28,58,43.5,5.98,22.1,18.5,2,2.4,Moderate Debt
USR-05303,43,Male,Remote Tech,Morning Lark,24,TikTok / Reels,59,0,22,46,31.6,8.99,24.7,16.6,0,1.0,Optimal Recovery
USR-05304,52,Female,Student,Intermediate,14,Instagram / Reddit,45,1,0,39,9.9,8.27,21.9,19.2,1,1.0,Optimal Recovery
USR-05305,30,Male,Remote Tech,Night Owl,48,Instagram / Reddit,80,1,0,56,55.7,4.99,22.9,19.5,5,5.9,Moderate Debt
USR-05306,33,Female,Corporate 9-to-5,Intermediate,86,News / Reading,79,0,58,24,43.3,6.01,15.9,20.0,3,5.0,Moderate Debt
USR-05307,32,Female,Healthcare / Shift Worker,Intermediate,47,Streaming (Netflix/Hulu),60,0,0,50,31.3,5.44,22.5,19.6,2,3.3,Moderate Debt
USR-05308,29,Female,Corporate 9-to-5,Morning Lark,49,TikTok / Reels,78,1,0,12,44.9,6.69,22.9,18.0,2,1.6,Moderate Debt
USR-05309,51,Female,Freelance / Creative,Night Owl,18,Instagram / Reddit,40,0,28,21,28.1,5.68,19.2,19.4,2,3.8,Moderate Debt
USR-05310,52,Female,Student,Intermediate,32,Messaging / Chat,81,1,25,27,29.2,6.76,26.6,20.2,3,2.6,Mild Deficit
USR-05311,28,Male,Remote Tech,Night Owl,11,YouTube,60,1,0,67,19.5,6.48,25.1,17.8,1,1.0,Moderate Debt
USR-05312,36,Female,Student,Night Owl,68,YouTube,49,1,0,67,41.1,4.52,20.1,21.7,3,5.5,Moderate Debt
USR-05313,55,Female,Corporate 9-to-5,Morning Lark,59,YouTube,57,0,80,42,56.8,8.04,22.8,18.2,2,1.6,Optimal Recovery
USR-05314,59,Female,Remote Tech,Intermediate,51,YouTube,71,1,0,25,34.7,7.61,20.4,21.5,1,1.0,Mild Deficit
USR-05315,33,Male,Freelance / Creative,Night Owl,27,TikTok / Reels,61,0,0,25,22.5,5.58,20.0,18.7,2,3.7,Moderate Debt
USR-05316,31,Female,Corporate 9-to-5,Morning Lark,22,Streaming (Netflix/Hulu),92,0,33,61,19.8,8.58,23.3,21.9,0,1.0,Optimal Recovery
USR-05317,26,Female,Student,Night Owl,59,Instagram / Reddit,79,0,0,35,40.7,5.18,17.4,20.9,4,5.0,Moderate Debt
USR-05318,59,Female,Remote Tech,Night Owl,58,YouTube,32,0,128,48,42.0,4.95,20.0,20.6,6,7.0,Moderate Debt
USR-05319,22,Male,Student,Intermediate,78,Instagram / Reddit,73,0,29,45,54.9,7.62,23.7,17.2,3,2.5,Mild Deficit
USR-05320,35,Female,Corporate 9-to-5,Morning Lark,58,YouTube,75,1,0,81,36.3,7.22,24.5,19.9,2,1.6,Mild Deficit
USR-05321,26,Female,Remote Tech,Morning Lark,74,TikTok / Reels,67,0,0,22,48.5,7.31,15.6,19.2,3,2.6,Mild Deficit
USR-05322,26,Female,Freelance / Creative,Intermediate,59,Instagram / Reddit,36,0,0,41,24.6,6.73,21.9,21.7,3,2.0,Moderate Debt
USR-05323,29,Non-Binary,Corporate 9-to-5,Morning Lark,96,Streaming (Netflix/Hulu),77,0,0,13,42.7,5.71,18.7,25.2,2,3.9,Moderate Debt
USR-05324,65,Female,Student,Intermediate,38,Streaming (Netflix/Hulu),60,0,47,30,32.1,7.99,18.2,16.8,0,1.0,Optimal Recovery
USR-05325,19,Male,Remote Tech,Intermediate,58,Instagram / Reddit,35,1,0,41,34.9,7.17,20.5,21.9,1,1.0,Mild Deficit
USR-05326,35,Female,Remote Tech,Intermediate,71,YouTube,62,0,0,50,50.7,5.83,20.2,16.9,2,3.5,Moderate Debt
USR-05327,20,Female,Student,Intermediate,50,TikTok / Reels,78,0,20,11,52.2,6.5,21.6,15.7,1,2.9,Moderate Debt
USR-05328,23,Female,Remote Tech,Night Owl,8,Instagram / Reddit,38,0,20,48,7.2,5.71,19.9,19.9,1,1.0,Moderate Debt
USR-05329,30,Female,Corporate 9-to-5,Intermediate,68,YouTube,38,0,183,13,66.8,5.5,20.3,17.0,4,6.9,Moderate Debt
USR-05330,33,Female,Freelance / Creative,Intermediate,32,Streaming (Netflix/Hulu),70,0,130,26,40.3,7.23,23.2,16.8,2,2.3,Mild Deficit
USR-05331,26,Female,Healthcare / Shift Worker,Night Owl,25,TikTok / Reels,62,1,0,44,18.6,4.45,25.5,22.5,3,4.2,Moderate Debt
USR-05332,27,Female,Corporate 9-to-5,Intermediate,19,Instagram / Reddit,71,0,0,0,37.5,7.41,21.8,20.5,2,1.3,Mild Deficit
USR-05333,21,Male,Remote Tech,Night Owl,79,YouTube,56,0,163,26,66.9,3.73,16.5,17.4,6,10.0,Severe Sleep Debt
USR-05334,27,Non-Binary,Student,Morning Lark,52,Streaming (Netflix/Hulu),100,0,72,43,47.0,7.55,16.1,21.7,1,2.3,Mild Deficit
USR-05335,60,Female,Freelance / Creative,Night Owl,21,Messaging / Chat,48,0,58,31,22.5,5.6,21.0,18.1,3,2.2,Moderate Debt
USR-05336,57,Male,Freelance / Creative,Intermediate,23,TikTok / Reels,68,0,0,31,24.7,7.19,26.0,20.7,2,1.0,Mild Deficit
USR-05337,28,Male,Healthcare / Shift Worker,Night Owl,48,TikTok / Reels,46,1,96,56,42.0,3.47,21.0,18.9,5,8.1,Moderate Debt
USR-05338,35,Male,Corporate 9-to-5,Night Owl,21,Messaging / Chat,27,1,68,13,22.0,6.93,25.0,17.2,2,1.0,Mild Deficit
USR-05339,53,Female,Freelance / Creative,Intermediate,53,Instagram / Reddit,53,0,31,11,33.5,7.31,21.3,20.9,2,1.1,Mild Deficit
USR-05340,18,Male,Healthcare / Shift Worker,Intermediate,88,YouTube,49,0,0,12,42.0,4.37,21.2,20.0,4,6.7,Moderate Debt
USR-05341,45,Female,Remote Tech,Night Owl,99,YouTube,91,1,0,55,57.2,4.84,23.9,20.1,4,6.8,Moderate Debt
USR-05342,57,Male,Remote Tech,Morning Lark,79,Instagram / Reddit,64,1,0,25,47.3,7.53,20.5,21.3,2,1.3,Mild Deficit
USR-05343,21,Female,Remote Tech,Night Owl,120,TikTok / Reels,40,0,0,59,69.7,4.71,21.3,23.0,5,7.5,Moderate Debt
USR-05344,23,Female,Student,Morning Lark,55,Streaming (Netflix/Hulu),56,0,0,51,30.2,8.22,22.1,20.5,2,1.1,Optimal Recovery
USR-05345,59,Female,Corporate 9-to-5,Night Owl,156,YouTube,37,1,0,51,56.0,4.02,22.3,22.2,6,8.0,Moderate Debt
USR-05346,34,Female,Corporate 9-to-5,Intermediate,138,YouTube,50,0,0,21,62.2,3.29,19.2,18.2,6,10.0,Severe Sleep Debt
USR-05347,18,Male,Corporate 9-to-5,Intermediate,57,TikTok / Reels,76,0,0,22,52.9,6.02,23.5,19.4,2,2.9,Moderate Debt
USR-05348,26,Female,Remote Tech,Morning Lark,37,YouTube,65,0,20,92,48.2,7.66,24.8,19.0,2,1.7,Mild Deficit
USR-05349,31,Male,Corporate 9-to-5,Intermediate,40,News / Reading,22,0,0,63,26.2,7.37,24.2,21.5,2,1.0,Mild Deficit
USR-05350,40,Female,Student,Intermediate,12,TikTok / Reels,39,0,135,72,33.9,7.83,22.4,19.0,0,1.0,Optimal Recovery
USR-05351,41,Female,Corporate 9-to-5,Intermediate,37,TikTok / Reels,38,0,0,0,35.2,7.1,14.4,18.5,2,2.1,Mild Deficit
USR-05352,65,Male,Freelance / Creative,Morning Lark,16,Instagram / Reddit,41,0,0,33,19.7,8.1,21.7,18.6,1,1.0,Optimal Recovery
USR-05353,26,Non-Binary,Healthcare / Shift Worker,Night Owl,85,Instagram / Reddit,61,1,51,56,49.1,3.2,21.1,23.2,6,10.0,Severe Sleep Debt
USR-05354,34,Female,Freelance / Creative,Morning Lark,14,News / Reading,76,1,0,58,19.1,9.71,25.8,23.0,0,1.0,Optimal Recovery
USR-05355,33,Female,Student,Night Owl,67,TikTok / Reels,48,1,0,58,48.3,5.38,24.5,19.5,5,4.8,Moderate Debt
USR-05356,29,Male,Corporate 9-to-5,Intermediate,37,Instagram / Reddit,42,1,0,50,20.1,6.85,25.4,19.7,2,1.0,Mild Deficit
USR-05357,23,Female,Remote Tech,Intermediate,84,TikTok / Reels,72,1,45,44,60.1,5.23,23.3,16.6,4,5.7,Moderate Debt
USR-05358,61,Male,Corporate 9-to-5,Morning Lark,40,TikTok / Reels,61,0,0,47,41.9,8.52,24.8,18.7,0,1.0,Optimal Recovery
USR-05359,48,Male,Freelance / Creative,Intermediate,69,YouTube,45,1,36,53,26.2,6.72,22.5,22.0,3,2.5,Moderate Debt
USR-05360,32,Female,Corporate 9-to-5,Intermediate,66,News / Reading,47,1,0,29,30.8,7.22,23.1,20.9,2,1.0,Mild Deficit
USR-05361,36,Female,Remote Tech,Morning Lark,36,Messaging / Chat,49,0,250,63,36.0,8.77,20.4,16.9,1,1.0,Optimal Recovery
USR-05362,25,Female,Student,Morning Lark,58,TikTok / Reels,77,1,0,56,38.6,7.88,27.4,15.6,0,1.0,Optimal Recovery
USR-05363,34,Female,Freelance / Creative,Morning Lark,71,News / Reading,64,0,0,35,53.1,6.28,19.7,24.0,3,5.1,Moderate Debt
USR-05364,40,Male,Student,Morning Lark,84,TikTok / Reels,92,1,138,38,59.6,7.03,13.7,15.2,4,5.6,Mild Deficit
USR-05365,33,Male,Student,Morning Lark,9,YouTube,66,0,0,31,9.0,8.82,25.2,21.6,0,1.0,Optimal Recovery
USR-05366,63,Male,Remote Tech,Morning Lark,16,Streaming (Netflix/Hulu),37,0,44,15,17.3,8.94,18.0,20.6,0,1.0,Optimal Recovery
USR-05367,36,Male,Student,Intermediate,74,News / Reading,22,0,164,45,56.5,6.94,20.5,17.4,2,3.3,Mild Deficit
USR-05368,28,Female,Corporate 9-to-5,Intermediate,35,YouTube,43,1,0,70,20.0,7.78,26.7,25.0,1,1.0,Optimal Recovery
USR-05369,43,Male,Healthcare / Shift Worker,Intermediate,52,Messaging / Chat,22,0,175,22,39.9,5.01,19.5,17.7,3,6.2,Moderate Debt
USR-05370,23,Female,Remote Tech,Morning Lark,11,Messaging / Chat,39,1,20,56,28.3,8.11,19.3,24.3,0,1.0,Optimal Recovery
USR-05371,29,Male,Corporate 9-to-5,Intermediate,157,TikTok / Reels,55,0,93,59,98.0,4.46,19.5,19.4,6,10.0,Severe Sleep Debt
USR-05372,28,Female,Freelance / Creative,Intermediate,23,TikTok / Reels,29,0,60,45,20.0,6.61,22.9,18.0,1,2.5,Moderate Debt
USR-05373,30,Male,Remote Tech,Intermediate,60,TikTok / Reels,71,0,0,23,47.4,5.78,21.9,14.8,3,4.9,Moderate Debt
USR-05374,44,Male,Healthcare / Shift Worker,Night Owl,27,Streaming (Netflix/Hulu),45,0,36,42,23.1,4.46,16.5,22.5,3,5.9,Moderate Debt
USR-05375,32,Female,Healthcare / Shift Worker,Intermediate,100,Instagram / Reddit,71,1,39,10,56.6,4.55,20.9,15.8,5,7.7,Moderate Debt
USR-05376,44,Female,Healthcare / Shift Worker,Intermediate,85,TikTok / Reels,36,0,0,15,56.0,3.67,20.6,16.2,5,8.0,Moderate Debt
USR-05377,35,Male,Corporate 9-to-5,Intermediate,91,Instagram / Reddit,69,0,0,51,56.1,5.41,28.0,23.0,3,5.0,Moderate Debt
USR-05378,28,Female,Corporate 9-to-5,Intermediate,67,YouTube,45,0,201,45,61.6,7.61,16.8,11.6,2,2.5,Mild Deficit
USR-05379,45,Male,Healthcare / Shift Worker,Night Owl,79,Streaming (Netflix/Hulu),50,1,0,8,41.5,3.2,23.9,18.6,6,9.2,Severe Sleep Debt
USR-05380,25,Male,Healthcare / Shift Worker,Night Owl,34,Instagram / Reddit,42,0,0,0,23.7,4.31,23.0,22.0,4,7.3,Moderate Debt
USR-05381,25,Female,Remote Tech,Intermediate,106,TikTok / Reels,52,1,65,68,68.2,5.88,22.8,16.2,3,6.3,Moderate Debt
USR-05382,32,Female,Remote Tech,Night Owl,45,Instagram / Reddit,67,0,0,40,32.3,5.13,25.1,18.0,4,3.3,Moderate Debt
USR-05383,26,Male,Corporate 9-to-5,Intermediate,24,TikTok / Reels,27,1,0,26,33.3,7.58,19.7,15.8,1,1.0,Mild Deficit
USR-05384,18,Female,Freelance / Creative,Intermediate,45,Instagram / Reddit,99,0,0,24,34.7,7.41,17.5,19.4,3,1.9,Mild Deficit
USR-05385,38,Female,Corporate 9-to-5,Morning Lark,39,Streaming (Netflix/Hulu),100,0,0,48,23.1,7.45,28.0,19.3,4,2.2,Mild Deficit
USR-05386,33,Male,Corporate 9-to-5,Intermediate,48,Streaming (Netflix/Hulu),45,0,0,38,17.7,6.82,23.7,20.2,1,1.0,Mild Deficit
USR-05387,31,Male,Student,Night Owl,24,TikTok / Reels,75,0,30,37,17.3,5.99,18.6,19.6,2,2.7,Moderate Debt
USR-05388,60,Female,Corporate 9-to-5,Night Owl,82,Instagram / Reddit,31,0,0,0,49.6,3.71,21.3,19.7,5,7.8,Moderate Debt
USR-05389,35,Female,Freelance / Creative,Intermediate,28,Messaging / Chat,22,0,0,70,15.5,6.66,24.2,22.2,2,1.1,Moderate Debt
USR-05390,49,Male,Corporate 9-to-5,Intermediate,58,Streaming (Netflix/Hulu),94,0,42,65,44.6,6.35,20.7,18.0,2,4.0,Moderate Debt
USR-05391,22,Male,Corporate 9-to-5,Intermediate,66,Streaming (Netflix/Hulu),71,0,0,40,42.1,6.25,21.1,20.7,3,3.9,Moderate Debt
USR-05392,35,Male,Remote Tech,Night Owl,64,YouTube,58,1,135,59,57.4,4.51,20.7,21.0,6,8.3,Moderate Debt
USR-05393,49,Female,Remote Tech,Intermediate,67,YouTube,70,1,0,79,61.6,6.02,20.1,23.3,3,4.3,Moderate Debt
USR-05394,35,Male,Corporate 9-to-5,Intermediate,24,Instagram / Reddit,42,0,0,27,27.2,6.86,20.9,20.5,2,1.0,Mild Deficit
USR-05395,41,Male,Remote Tech,Intermediate,74,Instagram / Reddit,57,0,160,33,58.9,6.78,17.8,13.8,2,3.8,Mild Deficit
USR-05396,29,Male,Remote Tech,Night Owl,20,TikTok / Reels,60,0,37,36,23.9,6.5,25.3,18.1,3,1.9,Moderate Debt
USR-05397,21,Male,Healthcare / Shift Worker,Night Owl,15,YouTube,26,1,46,9,21.7,3.94,18.5,18.9,5,6.4,Moderate Debt
USR-05398,31,Female,Corporate 9-to-5,Morning Lark,50,Streaming (Netflix/Hulu),78,0,0,11,34.3,7.45,16.3,22.0,2,2.0,Mild Deficit
USR-05399,29,Male,Freelance / Creative,Morning Lark,37,Instagram / Reddit,46,0,0,46,35.2,8.01,22.0,25.7,1,1.0,Optimal Recovery
USR-05400,49,Female,Student,Night Owl,71,TikTok / Reels,32,0,0,41,38.5,4.88,22.1,18.0,4,5.6,Moderate Debt
USR-05401,25,Female,Corporate 9-to-5,Night Owl,105,News / Reading,89,1,0,79,42.5,4.05,20.8,21.8,4,7.0,Moderate Debt
USR-05402,60,Male,Corporate 9-to-5,Intermediate,74,Instagram / Reddit,80,1,76,42,57.5,6.02,19.6,14.0,3,4.5,Moderate Debt
USR-05403,59,Male,Remote Tech,Intermediate,25,Instagram / Reddit,51,1,0,80,22.9,7.26,28.0,17.6,0,1.0,Mild Deficit
USR-05404,25,Male,Corporate 9-to-5,Night Owl,27,Messaging / Chat,30,0,126,0,37.1,5.53,23.1,19.5,4,4.5,Moderate Debt
USR-05405,28,Male,Corporate 9-to-5,Night Owl,26,TikTok / Reels,66,0,212,20,49.0,5.19,17.5,12.3,5,6.5,Moderate Debt
USR-05406,52,Female,Corporate 9-to-5,Night Owl,76,Instagram / Reddit,57,1,73,38,46.3,5.71,20.5,14.0,3,4.5,Moderate Debt
USR-05407,60,Male,Student,Morning Lark,47,Messaging / Chat,99,1,81,60,33.2,8.07,24.4,23.1,1,1.0,Optimal Recovery
USR-05408,30,Female,Remote Tech,Night Owl,61,YouTube,82,1,0,28,31.1,5.79,21.8,20.6,3,3.9,Moderate Debt
USR-05409,27,Male,Corporate 9-to-5,Morning Lark,21,Instagram / Reddit,46,0,0,53,20.5,8.0,28.0,19.4,0,1.0,Optimal Recovery
USR-05410,33,Female,Remote Tech,Night Owl,61,Messaging / Chat,84,1,0,64,30.1,5.22,24.8,19.0,2,4.5,Moderate Debt
USR-05411,39,Male,Healthcare / Shift Worker,Morning Lark,37,YouTube,82,0,0,65,21.4,7.07,22.1,20.1,3,1.0,Mild Deficit
USR-05412,26,Female,Corporate 9-to-5,Intermediate,126,TikTok / Reels,20,0,0,80,68.6,4.11,27.3,19.3,6,6.9,Moderate Debt
USR-05413,41,Male,Healthcare / Shift Worker,Intermediate,20,YouTube,67,1,0,2,18.5,5.42,22.4,21.8,2,3.2,Moderate Debt
USR-05414,19,Male,Remote Tech,Night Owl,17,YouTube,79,0,80,26,19.8,6.29,23.2,17.3,2,3.4,Moderate Debt
USR-05415,19,Female,Freelance / Creative,Intermediate,42,TikTok / Reels,47,0,53,82,31.1,5.84,26.7,16.3,3,4.0,Moderate Debt
USR-05416,29,Male,Corporate 9-to-5,Morning Lark,40,TikTok / Reels,30,0,0,18,34.1,7.02,19.7,16.9,2,2.1,Mild Deficit
USR-05417,28,Male,Freelance / Creative,Night Owl,102,Streaming (Netflix/Hulu),100,0,0,22,56.0,4.42,19.0,21.2,5,7.7,Moderate Debt
USR-05418,27,Male,Student,Intermediate,34,YouTube,87,1,0,35,33.6,7.93,24.9,22.0,1,1.0,Optimal Recovery
USR-05419,32,Male,Remote Tech,Intermediate,152,YouTube,61,0,89,71,82.1,4.11,22.6,20.6,4,7.8,Moderate Debt
USR-05420,27,Female,Remote Tech,Night Owl,46,Messaging / Chat,13,1,240,14,33.2,5.79,21.4,16.4,2,3.9,Moderate Debt
USR-05421,24,Female,Corporate 9-to-5,Intermediate,26,Instagram / Reddit,48,0,0,7,21.2,6.94,22.7,19.0,1,1.0,Mild Deficit
USR-05422,27,Female,Freelance / Creative,Night Owl,36,TikTok / Reels,95,0,39,21,42.4,3.75,21.4,18.8,5,6.4,Moderate Debt
USR-05423,61,Female,Student,Intermediate,72,Streaming (Netflix/Hulu),83,1,99,64,40.8,6.58,19.9,18.8,2,3.5,Moderate Debt
USR-05424,29,Female,Corporate 9-to-5,Night Owl,65,YouTube,51,1,20,43,34.9,5.54,22.3,21.8,4,3.9,Moderate Debt
USR-05425,30,Male,Corporate 9-to-5,Night Owl,118,Streaming (Netflix/Hulu),46,0,85,0,61.3,3.88,18.0,19.2,5,7.5,Moderate Debt
USR-05426,35,Female,Corporate 9-to-5,Intermediate,16,YouTube,85,1,23,37,19.7,6.82,24.6,22.6,0,1.0,Mild Deficit
USR-05427,62,Female,Student,Night Owl,37,YouTube,51,1,0,30,37.9,5.54,23.8,24.1,4,5.0,Moderate Debt
USR-05428,25,Female,Student,Intermediate,180,TikTok / Reels,54,1,0,50,94.9,3.65,22.6,20.2,7,10.0,Severe Sleep Debt
USR-05429,39,Male,Remote Tech,Night Owl,30,TikTok / Reels,65,0,0,36,29.3,6.54,21.2,15.3,2,1.2,Moderate Debt
USR-05430,41,Male,Corporate 9-to-5,Night Owl,94,Instagram / Reddit,68,0,38,40,63.3,3.5,17.1,17.7,5,10.0,Severe Sleep Debt
USR-05431,36,Female,Remote Tech,Intermediate,7,Instagram / Reddit,34,0,20,34,19.4,8.18,24.8,18.5,1,1.0,Optimal Recovery
USR-05432,21,Male,Remote Tech,Intermediate,29,TikTok / Reels,68,1,86,14,33.9,6.81,21.3,17.9,1,1.5,Mild Deficit
USR-05433,39,Female,Corporate 9-to-5,Night Owl,65,Messaging / Chat,36,1,0,41,27.2,5.14,23.1,19.6,3,4.7,Moderate Debt
USR-05434,20,Non-Binary,Corporate 9-to-5,Morning Lark,66,Instagram / Reddit,82,1,35,21,39.0,7.83,19.2,17.4,1,1.6,Optimal Recovery
USR-05435,36,Male,Corporate 9-to-5,Intermediate,59,Instagram / Reddit,49,0,80,37,47.5,6.24,20.1,17.8,4,4.8,Moderate Debt
USR-05436,42,Female,Freelance / Creative,Intermediate,64,News / Reading,62,0,0,77,23.8,7.74,24.5,19.9,1,1.0,Mild Deficit
USR-05437,24,Male,Student,Morning Lark,93,Messaging / Chat,10,1,49,21,38.4,7.81,22.2,15.2,1,1.0,Optimal Recovery
USR-05438,47,Male,Freelance / Creative,Night Owl,47,TikTok / Reels,73,0,0,32,35.8,5.27,21.0,21.5,3,3.9,Moderate Debt
USR-05439,19,Female,Corporate 9-to-5,Intermediate,116,Instagram / Reddit,76,1,0,32,59.8,4.12,17.5,20.3,6,8.7,Severe Sleep Debt
USR-05440,48,Male,Healthcare / Shift Worker,Intermediate,51,Messaging / Chat,46,1,0,18,27.2,5.89,23.9,22.5,3,3.0,Moderate Debt
USR-05441,31,Female,Student,Night Owl,47,TikTok / Reels,29,0,0,55,32.1,5.67,23.4,15.2,3,4.3,Moderate Debt
USR-05442,24,Female,Remote Tech,Intermediate,12,TikTok / Reels,28,0,74,42,25.0,7.48,24.9,15.2,2,1.0,Mild Deficit
USR-05443,22,Female,Corporate 9-to-5,Intermediate,103,TikTok / Reels,56,1,67,58,72.8,4.95,19.0,15.4,4,8.2,Moderate Debt
USR-05444,58,Female,Student,Night Owl,15,YouTube,34,0,108,0,17.9,4.71,16.2,10.4,4,7.2,Moderate Debt
USR-05445,20,Female,Freelance / Creative,Night Owl,87,Messaging / Chat,55,1,0,57,40.2,3.83,26.2,21.6,5,5.7,Moderate Debt
USR-05446,24,Male,Corporate 9-to-5,Night Owl,73,Instagram / Reddit,58,0,0,38,52.8,4.89,17.9,16.9,4,5.4,Moderate Debt
USR-05447,28,Female,Corporate 9-to-5,Morning Lark,113,TikTok / Reels,61,0,0,45,70.5,5.94,17.8,16.4,4,5.4,Moderate Debt
USR-05448,37,Female,Student,Morning Lark,11,Messaging / Chat,85,1,0,31,13.6,9.35,20.2,21.7,0,1.0,Optimal Recovery
USR-05449,34,Male,Freelance / Creative,Intermediate,130,TikTok / Reels,82,0,25,19,86.6,4.34,13.6,17.7,5,10.0,Severe Sleep Debt
USR-05450,22,Male,Student,Morning Lark,36,TikTok / Reels,59,0,45,43,31.4,9.22,24.8,16.4,0,1.0,Optimal Recovery
USR-05451,26,Non-Binary,Corporate 9-to-5,Intermediate,31,TikTok / Reels,70,1,250,22,59.9,6.46,14.6,16.9,4,5.3,Moderate Debt
USR-05452,25,Male,Remote Tech,Intermediate,21,TikTok / Reels,64,0,77,35,32.9,6.6,18.9,17.0,2,1.6,Moderate Debt
USR-05453,24,Non-Binary,Remote Tech,Intermediate,43,TikTok / Reels,86,1,0,39,41.5,7.2,22.6,18.3,3,1.8,Mild Deficit
USR-05454,29,Male,Healthcare / Shift Worker,Intermediate,58,Instagram / Reddit,59,0,93,34,59.9,5.02,20.1,17.3,5,6.6,Moderate Debt
USR-05455,40,Male,Student,Intermediate,67,YouTube,75,1,0,24,40.0,6.63,24.5,19.0,3,3.0,Moderate Debt
USR-05456,24,Male,Remote Tech,Intermediate,33,Streaming (Netflix/Hulu),100,0,0,56,30.9,7.15,22.5,19.7,2,2.2,Mild Deficit
USR-05457,28,Female,Corporate 9-to-5,Morning Lark,30,TikTok / Reels,65,0,0,14,20.9,7.82,20.7,18.4,2,1.0,Optimal Recovery
USR-05458,29,Female,Freelance / Creative,Intermediate,136,YouTube,47,0,0,9,61.4,4.73,17.1,17.4,6,8.4,Moderate Debt
USR-05459,61,Male,Student,Intermediate,59,Messaging / Chat,48,1,0,0,40.4,6.8,16.5,16.6,2,1.1,Mild Deficit
USR-05460,58,Female,Freelance / Creative,Night Owl,68,TikTok / Reels,42,0,0,0,57.5,3.87,21.5,24.7,4,7.5,Moderate Debt
USR-05461,45,Female,Remote Tech,Night Owl,87,Streaming (Netflix/Hulu),72,1,181,31,51.1,4.1,18.3,18.3,4,9.3,Severe Sleep Debt
USR-05462,25,Male,Healthcare / Shift Worker,Night Owl,64,YouTube,64,0,0,27,41.5,3.76,17.5,21.8,4,7.9,Moderate Debt
USR-05463,20,Male,Healthcare / Shift Worker,Intermediate,32,TikTok / Reels,49,1,20,0,31.2,5.21,19.9,22.2,3,4.8,Moderate Debt
USR-05464,27,Female,Corporate 9-to-5,Morning Lark,21,TikTok / Reels,87,0,0,36,26.1,9.8,18.1,16.5,0,1.0,Optimal Recovery
USR-05465,26,Male,Freelance / Creative,Morning Lark,75,Instagram / Reddit,49,0,0,52,44.6,6.83,20.3,17.7,3,3.4,Mild Deficit
USR-05466,32,Male,Corporate 9-to-5,Night Owl,70,YouTube,58,1,23,22,30.8,6.21,19.6,18.6,4,5.1,Moderate Debt
USR-05467,43,Male,Student,Morning Lark,66,YouTube,41,1,80,33,42.8,7.99,22.5,20.1,1,1.3,Optimal Recovery
USR-05468,49,Male,Freelance / Creative,Intermediate,51,Streaming (Netflix/Hulu),54,0,37,45,37.7,6.59,25.6,20.3,1,1.3,Moderate Debt
USR-05469,48,Male,Corporate 9-to-5,Morning Lark,49,News / Reading,40,0,95,22,39.9,7.0,19.3,21.7,4,3.0,Mild Deficit
USR-05470,28,Male,Student,Morning Lark,22,TikTok / Reels,54,1,0,32,19.4,8.94,22.5,21.0,0,1.0,Optimal Recovery
USR-05471,39,Female,Remote Tech,Night Owl,10,Streaming (Netflix/Hulu),35,1,134,45,32.0,6.09,22.3,19.6,3,3.9,Moderate Debt
USR-05472,27,Male,Student,Intermediate,90,Messaging / Chat,46,1,74,33,51.1,5.94,21.7,17.5,4,3.4,Moderate Debt
USR-05473,20,Male,Healthcare / Shift Worker,Intermediate,123,TikTok / Reels,42,1,0,40,71.8,4.18,16.9,20.1,5,7.2,Moderate Debt
USR-05474,40,Male,Student,Morning Lark,72,Instagram / Reddit,43,0,69,38,53.8,7.9,21.6,20.3,2,1.5,Optimal Recovery
USR-05475,18,Male,Healthcare / Shift Worker,Intermediate,19,TikTok / Reels,38,0,90,46,34.8,5.57,21.9,14.6,3,4.8,Moderate Debt
USR-05476,29,Female,Corporate 9-to-5,Night Owl,50,Streaming (Netflix/Hulu),50,0,93,1,39.6,4.82,18.3,19.6,3,6.2,Moderate Debt
USR-05477,27,Male,Corporate 9-to-5,Intermediate,27,TikTok / Reels,10,1,93,39,28.2,8.13,21.7,11.0,1,1.0,Optimal Recovery
USR-05478,40,Female,Remote Tech,Night Owl,40,YouTube,70,0,153,45,43.0,5.84,18.5,16.5,4,6.8,Moderate Debt
USR-05479,43,Female,Student,Morning Lark,23,Streaming (Netflix/Hulu),62,1,0,42,25.9,9.12,20.0,20.2,1,1.0,Optimal Recovery
USR-05480,27,Female,Corporate 9-to-5,Intermediate,54,Instagram / Reddit,62,0,129,66,50.3,6.3,22.6,18.2,3,3.4,Moderate Debt
USR-05481,45,Female,Student,Night Owl,84,YouTube,53,0,20,13,47.0,5.45,25.3,18.9,3,4.2,Moderate Debt
USR-05482,27,Male,Remote Tech,Night Owl,65,Instagram / Reddit,81,1,0,30,41.8,5.52,17.9,19.1,3,5.3,Moderate Debt
USR-05483,31,Female,Healthcare / Shift Worker,Morning Lark,37,News / Reading,42,0,42,74,29.6,6.37,19.0,25.4,2,3.4,Moderate Debt
USR-05484,41,Female,Corporate 9-to-5,Morning Lark,58,Messaging / Chat,22,0,38,54,27.9,7.96,22.8,18.4,1,1.0,Optimal Recovery
USR-05485,40,Male,Student,Intermediate,14,Streaming (Netflix/Hulu),61,0,27,17,25.5,7.15,21.2,19.0,2,1.5,Mild Deficit
USR-05486,63,Female,Student,Morning Lark,82,News / Reading,94,1,20,27,31.0,7.76,22.1,21.4,1,1.4,Optimal Recovery
USR-05487,25,Female,Freelance / Creative,Morning Lark,73,Streaming (Netflix/Hulu),85,0,108,19,66.1,7.01,17.4,19.8,3,5.0,Mild Deficit
USR-05488,38,Female,Student,Intermediate,64,Streaming (Netflix/Hulu),74,1,0,12,56.1,5.47,21.5,20.6,5,6.3,Moderate Debt
USR-05489,36,Female,Healthcare / Shift Worker,Intermediate,104,News / Reading,100,1,0,10,47.7,3.81,22.2,20.2,3,6.2,Moderate Debt
USR-05490,54,Female,Freelance / Creative,Night Owl,63,Messaging / Chat,47,1,0,31,33.4,4.69,24.7,19.7,3,5.5,Moderate Debt
USR-05491,23,Female,Student,Morning Lark,39,YouTube,47,1,0,16,36.5,8.84,23.9,19.9,0,1.0,Optimal Recovery
USR-05492,42,Male,Corporate 9-to-5,Night Owl,38,Instagram / Reddit,50,1,0,58,33.1,5.35,22.8,16.1,3,4.1,Moderate Debt
USR-05493,35,Female,Healthcare / Shift Worker,Night Owl,40,TikTok / Reels,10,0,0,34,30.8,3.73,25.8,18.9,4,6.3,Moderate Debt
USR-05494,26,Female,Student,Night Owl,64,TikTok / Reels,85,1,53,30,51.6,4.05,22.0,16.6,4,6.7,Moderate Debt
USR-05495,31,Male,Remote Tech,Night Owl,26,Streaming (Netflix/Hulu),56,0,0,47,16.4,4.58,23.2,17.2,4,4.2,Moderate Debt
USR-05496,28,Female,Student,Night Owl,30,YouTube,43,1,61,34,24.9,5.81,20.0,18.2,2,3.4,Moderate Debt
USR-05497,35,Male,Healthcare / Shift Worker,Night Owl,21,Streaming (Netflix/Hulu),51,1,43,47,20.3,5.2,24.7,23.1,4,3.7,Moderate Debt
USR-05498,51,Female,Freelance / Creative,Intermediate,25,News / Reading,36,1,20,32,16.8,7.54,23.5,22.4,1,1.0,Mild Deficit
USR-05499,35,Female,Freelance / Creative,Intermediate,46,Instagram / Reddit,56,0,0,17,42.7,7.6,24.9,20.1,1,1.0,Mild Deficit
USR-05500,37,Male,Corporate 9-to-5,Night Owl,134,TikTok / Reels,45,0,0,17,84.8,3.46,22.3,21.7,6,9.7,Severe Sleep Debt
USR-05501,33,Female,Remote Tech,Intermediate,20,Streaming (Netflix/Hulu),46,0,0,0,21.0,8.23,23.6,19.5,1,1.0,Optimal Recovery
USR-05502,19,Female,Corporate 9-to-5,Morning Lark,100,TikTok / Reels,38,0,35,46,69.7,6.41,20.6,17.0,5,4.9,Moderate Debt
USR-05503,25,Male,Corporate 9-to-5,Night Owl,31,Instagram / Reddit,56,1,102,0,36.0,6.29,19.0,22.6,3,3.4,Moderate Debt
USR-05504,32,Female,Healthcare / Shift Worker,Intermediate,94,Instagram / Reddit,45,0,126,21,69.4,4.48,15.3,18.4,5,9.2,Severe Sleep Debt
USR-05505,27,Male,Remote Tech,Night Owl,40,Instagram / Reddit,82,1,25,44,39.1,5.74,21.7,18.5,3,3.9,Moderate Debt
USR-05506,23,Male,Student,Morning Lark,61,TikTok / Reels,66,0,26,1,41.1,6.97,24.7,18.9,3,1.5,Mild Deficit
USR-05507,32,Female,Student,Intermediate,62,TikTok / Reels,29,1,0,41,45.5,6.1,27.4,17.5,3,3.0,Moderate Debt
USR-05508,27,Male,Healthcare / Shift Worker,Morning Lark,44,TikTok / Reels,67,0,91,17,58.3,5.66,15.4,13.3,3,6.1,Moderate Debt
USR-05509,26,Female,Corporate 9-to-5,Night Owl,43,Instagram / Reddit,62,0,0,46,32.5,5.57,19.1,19.1,3,4.1,Moderate Debt
USR-05510,31,Non-Binary,Corporate 9-to-5,Morning Lark,120,Instagram / Reddit,56,0,0,39,70.4,6.75,19.0,22.4,5,5.5,Mild Deficit
USR-05511,22,Male,Remote Tech,Night Owl,54,YouTube,52,0,0,15,47.6,5.34,17.8,20.8,4,5.6,Moderate Debt
USR-05512,55,Male,Remote Tech,Morning Lark,40,YouTube,79,0,0,65,34.8,8.86,21.8,18.3,0,1.0,Optimal Recovery
USR-05513,49,Female,Freelance / Creative,Morning Lark,166,Messaging / Chat,33,0,100,73,89.4,4.57,23.1,18.7,5,9.4,Severe Sleep Debt
USR-05514,40,Male,Healthcare / Shift Worker,Morning Lark,175,News / Reading,54,0,0,18,70.1,3.2,21.1,20.0,7,10.0,Severe Sleep Debt
USR-05515,21,Female,Remote Tech,Intermediate,180,TikTok / Reels,21,1,27,36,93.4,3.5,20.8,17.8,7,10.0,Severe Sleep Debt
USR-05516,43,Female,Healthcare / Shift Worker,Intermediate,17,Streaming (Netflix/Hulu),66,0,179,43,28.5,6.27,17.6,19.3,2,3.5,Moderate Debt
USR-05517,45,Male,Corporate 9-to-5,Morning Lark,7,TikTok / Reels,54,0,0,68,22.6,8.77,24.4,19.9,2,1.0,Optimal Recovery
USR-05518,43,Female,Healthcare / Shift Worker,Intermediate,61,Streaming (Netflix/Hulu),35,0,0,0,36.1,4.57,23.8,20.0,4,6.9,Moderate Debt
USR-05519,21,Male,Corporate 9-to-5,Morning Lark,125,YouTube,59,1,0,51,60.8,7.23,27.3,22.3,2,2.9,Mild Deficit
USR-05520,37,Female,Student,Night Owl,50,Streaming (Netflix/Hulu),82,0,0,17,43.8,5.24,20.9,20.6,4,5.1,Moderate Debt
USR-05521,47,Male,Remote Tech,Morning Lark,112,YouTube,57,0,0,27,63.2,6.03,26.7,21.9,5,5.0,Moderate Debt
USR-05522,35,Female,Corporate 9-to-5,Intermediate,118,Messaging / Chat,24,0,0,40,68.0,4.99,23.3,21.2,6,7.3,Moderate Debt
USR-05523,38,Female,Corporate 9-to-5,Intermediate,31,TikTok / Reels,55,1,0,48,20.0,8.74,18.6,18.3,1,1.0,Optimal Recovery
USR-05524,31,Female,Remote Tech,Night Owl,45,News / Reading,61,1,42,55,28.7,5.7,27.3,19.1,2,3.5,Moderate Debt
USR-05525,33,Male,Student,Night Owl,12,TikTok / Reels,41,1,55,13,22.2,7.01,21.8,14.4,2,1.0,Mild Deficit
USR-05526,19,Female,Corporate 9-to-5,Night Owl,21,TikTok / Reels,99,0,46,45,29.2,5.34,25.5,16.2,2,3.6,Moderate Debt
USR-05527,37,Male,Student,Morning Lark,26,Instagram / Reddit,26,0,196,52,35.0,8.28,18.0,20.0,0,1.0,Optimal Recovery
USR-05528,20,Female,Student,Night Owl,16,Streaming (Netflix/Hulu),10,1,0,15,23.1,6.12,24.6,16.8,3,3.0,Moderate Debt
USR-05529,30,Female,Student,Night Owl,59,Instagram / Reddit,36,1,23,19,29.8,5.43,21.2,20.2,3,4.6,Moderate Debt
USR-05530,26,Female,Student,Night Owl,16,TikTok / Reels,16,1,20,30,25.5,6.84,20.8,18.5,1,1.5,Mild Deficit
USR-05531,34,Female,Corporate 9-to-5,Intermediate,98,Messaging / Chat,74,0,0,15,53.4,5.67,16.4,17.4,4,6.5,Moderate Debt
USR-05532,22,Male,Remote Tech,Night Owl,125,YouTube,76,1,0,29,63.4,3.2,16.5,22.9,6,9.8,Severe Sleep Debt
USR-05533,39,Male,Freelance / Creative,Intermediate,113,YouTube,23,1,0,35,47.6,5.22,20.3,19.2,3,4.3,Moderate Debt
USR-05534,44,Female,Student,Intermediate,76,Instagram / Reddit,33,1,20,43,58.9,6.32,23.2,15.5,3,4.0,Moderate Debt
USR-05535,23,Male,Student,Intermediate,3,Instagram / Reddit,31,1,0,58,14.0,7.05,26.2,24.5,1,1.0,Mild Deficit
USR-05536,21,Male,Student,Intermediate,89,Instagram / Reddit,55,0,75,18,57.4,5.6,16.9,21.4,6,7.6,Moderate Debt
USR-05537,22,Female,Corporate 9-to-5,Intermediate,95,Instagram / Reddit,64,0,0,27,64.7,4.85,16.9,16.9,4,7.4,Moderate Debt
USR-05538,50,Female,Student,Intermediate,25,Messaging / Chat,85,0,103,49,29.2,7.04,26.0,16.8,2,1.8,Mild Deficit
USR-05539,33,Male,Freelance / Creative,Night Owl,80,Messaging / Chat,63,0,0,83,43.0,4.23,22.3,19.5,2,4.9,Moderate Debt
USR-05540,31,Female,Corporate 9-to-5,Intermediate,65,Streaming (Netflix/Hulu),48,0,20,35,40.6,5.55,25.8,17.6,3,4.1,Moderate Debt
USR-05541,21,Female,Healthcare / Shift Worker,Intermediate,40,TikTok / Reels,47,0,0,43,35.2,5.11,21.8,20.3,4,4.3,Moderate Debt
USR-05542,38,Female,Corporate 9-to-5,Morning Lark,65,Streaming (Netflix/Hulu),57,1,0,40,42.1,7.74,21.7,16.7,2,1.0,Mild Deficit
USR-05543,49,Male,Remote Tech,Night Owl,112,News / Reading,58,1,0,30,46.6,4.36,23.2,19.2,4,7.2,Moderate Debt
USR-05544,46,Female,Healthcare / Shift Worker,Intermediate,32,YouTube,53,0,68,23,31.7,6.43,20.0,14.7,3,4.4,Moderate Debt
USR-05545,37,Female,Healthcare / Shift Worker,Morning Lark,31,Streaming (Netflix/Hulu),57,0,0,51,16.4,6.35,27.4,19.2,3,2.4,Moderate Debt
USR-05546,20,Female,Healthcare / Shift Worker,Night Owl,64,Instagram / Reddit,55,0,0,87,31.2,3.48,26.4,20.3,6,7.7,Moderate Debt
USR-05547,21,Female,Freelance / Creative,Morning Lark,39,Instagram / Reddit,26,1,128,56,44.1,8.49,18.0,14.1,0,1.0,Optimal Recovery
USR-05548,19,Female,Remote Tech,Morning Lark,21,Messaging / Chat,58,1,69,36,25.6,9.01,20.8,18.9,0,1.0,Optimal Recovery
USR-05549,26,Male,Student,Intermediate,96,YouTube,38,0,114,29,50.7,5.19,17.6,14.4,5,7.7,Moderate Debt
USR-05550,22,Female,Remote Tech,Intermediate,66,YouTube,59,1,37,43,31.7,6.22,23.6,21.0,3,1.6,Moderate Debt
USR-05551,26,Male,Remote Tech,Morning Lark,9,TikTok / Reels,65,1,43,37,23.7,8.71,24.5,18.2,0,1.0,Optimal Recovery
USR-05552,29,Female,Remote Tech,Intermediate,84,Messaging / Chat,79,1,0,31,44.8,6.02,17.3,19.8,3,4.2,Moderate Debt
USR-05553,57,Male,Student,Night Owl,79,YouTube,54,1,159,16,64.6,3.52,21.1,18.6,5,9.8,Severe Sleep Debt
USR-05554,36,Male,Remote Tech,Intermediate,60,News / Reading,42,0,0,45,36.4,6.26,20.7,22.4,3,5.1,Moderate Debt
USR-05555,47,Female,Healthcare / Shift Worker,Morning Lark,43,YouTube,72,0,0,74,23.5,7.66,27.4,19.5,0,1.0,Mild Deficit
USR-05556,40,Male,Student,Night Owl,41,YouTube,56,0,0,42,31.4,5.32,24.3,21.6,4,4.2,Moderate Debt
USR-05557,21,Female,Corporate 9-to-5,Intermediate,77,YouTube,94,1,0,12,43.4,6.14,21.8,22.8,5,4.8,Moderate Debt
USR-05558,41,Male,Student,Intermediate,18,Streaming (Netflix/Hulu),27,0,0,22,37.0,6.28,20.3,20.7,3,3.5,Moderate Debt
USR-05559,26,Female,Remote Tech,Morning Lark,68,YouTube,43,1,0,84,39.9,5.27,28.0,21.9,1,2.6,Moderate Debt
USR-05560,37,Non-Binary,Remote Tech,Intermediate,78,YouTube,41,0,0,17,35.8,7.11,17.9,16.4,1,2.3,Mild Deficit
USR-05561,28,Male,Healthcare / Shift Worker,Intermediate,93,YouTube,92,1,109,62,51.9,3.27,19.5,15.8,5,9.7,Severe Sleep Debt
USR-05562,65,Male,Remote Tech,Night Owl,31,News / Reading,64,1,0,17,13.5,6.52,22.0,17.2,2,2.4,Moderate Debt
USR-05563,26,Male,Healthcare / Shift Worker,Intermediate,35,Messaging / Chat,18,0,66,22,30.5,5.2,17.5,19.7,4,6.1,Moderate Debt
USR-05564,26,Female,Student,Intermediate,75,TikTok / Reels,19,0,0,62,44.7,6.09,27.1,18.5,4,3.7,Moderate Debt
USR-05565,55,Male,Remote Tech,Night Owl,30,Streaming (Netflix/Hulu),72,0,127,45,37.8,6.08,23.6,18.4,1,3.9,Moderate Debt
USR-05566,18,Male,Student,Night Owl,18,Instagram / Reddit,34,1,136,35,50.0,5.28,21.2,18.1,3,6.2,Moderate Debt
USR-05567,40,Male,Corporate 9-to-5,Morning Lark,46,Streaming (Netflix/Hulu),55,1,20,22,22.7,8.81,20.5,15.6,0,1.0,Optimal Recovery
USR-05568,41,Female,Corporate 9-to-5,Night Owl,145,TikTok / Reels,51,1,0,63,87.3,3.28,25.5,19.9,7,10.0,Severe Sleep Debt
USR-05569,47,Male,Corporate 9-to-5,Intermediate,54,Instagram / Reddit,95,0,43,21,47.3,7.0,19.3,19.4,1,2.2,Mild Deficit
USR-05570,61,Female,Remote Tech,Intermediate,11,Streaming (Netflix/Hulu),50,1,0,11,30.5,6.44,20.8,22.5,2,3.4,Moderate Debt
USR-05571,61,Male,Corporate 9-to-5,Intermediate,59,YouTube,47,1,0,47,41.6,7.4,20.1,19.6,3,2.9,Mild Deficit
USR-05572,20,Female,Freelance / Creative,Intermediate,43,TikTok / Reels,66,0,73,21,48.1,6.4,15.1,18.1,2,5.0,Moderate Debt
USR-05573,46,Female,Remote Tech,Morning Lark,23,YouTube,77,1,0,29,14.1,9.16,20.0,20.1,0,1.0,Optimal Recovery
USR-05574,38,Male,Student,Intermediate,36,Messaging / Chat,57,1,0,68,29.7,6.91,28.0,18.3,3,2.1,Mild Deficit
USR-05575,38,Female,Corporate 9-to-5,Intermediate,124,Messaging / Chat,10,0,0,0,55.5,6.6,18.8,12.5,4,2.9,Moderate Debt
USR-05576,22,Male,Corporate 9-to-5,Morning Lark,24,TikTok / Reels,71,0,103,32,31.0,8.48,24.0,15.8,0,1.0,Optimal Recovery
USR-05577,38,Male,Corporate 9-to-5,Intermediate,134,Streaming (Netflix/Hulu),28,0,0,46,52.4,5.5,18.7,20.9,4,6.6,Moderate Debt
USR-05578,62,Female,Student,Night Owl,52,YouTube,24,1,0,34,27.5,6.41,24.0,20.4,2,1.0,Moderate Debt
USR-05579,53,Female,Remote Tech,Night Owl,40,Streaming (Netflix/Hulu),45,0,33,5,25.2,4.78,20.0,17.9,5,4.7,Moderate Debt
USR-05580,30,Male,Remote Tech,Intermediate,42,Instagram / Reddit,58,1,77,18,42.9,6.24,19.8,20.3,3,4.4,Moderate Debt
USR-05581,19,Female,Remote Tech,Night Owl,44,YouTube,84,1,0,54,33.9,3.91,21.3,22.9,4,6.2,Moderate Debt
USR-05582,28,Male,Student,Intermediate,130,Streaming (Netflix/Hulu),14,1,0,47,46.6,6.53,23.5,19.3,3,3.3,Moderate Debt
USR-05583,46,Non-Binary,Corporate 9-to-5,Morning Lark,8,Streaming (Netflix/Hulu),58,0,0,17,10.2,8.68,25.4,24.0,0,1.0,Optimal Recovery
USR-05584,40,Female,Student,Intermediate,40,YouTube,85,0,0,79,28.3,7.75,26.1,19.6,0,1.0,Optimal Recovery
USR-05585,31,Female,Remote Tech,Morning Lark,44,TikTok / Reels,53,0,0,40,38.4,7.96,24.7,15.3,2,1.3,Optimal Recovery
USR-05586,19,Female,Student,Night Owl,78,Messaging / Chat,70,1,0,60,52.6,5.66,23.8,20.5,5,6.2,Moderate Debt
USR-05587,30,Male,Corporate 9-to-5,Night Owl,50,TikTok / Reels,69,0,130,24,58.5,4.89,20.9,14.3,5,8.0,Moderate Debt
USR-05588,31,Female,Remote Tech,Intermediate,53,Streaming (Netflix/Hulu),44,0,0,76,29.0,6.75,26.1,18.1,2,2.3,Mild Deficit
USR-05589,55,Female,Corporate 9-to-5,Intermediate,138,Instagram / Reddit,67,0,0,16,77.8,4.89,17.7,19.1,5,8.2,Moderate Debt
USR-05590,37,Male,Freelance / Creative,Intermediate,54,TikTok / Reels,57,0,65,60,53.2,7.92,25.3,17.1,1,1.0,Optimal Recovery
USR-05591,27,Male,Remote Tech,Intermediate,38,Instagram / Reddit,49,1,59,0,36.2,6.4,21.8,19.8,4,3.2,Moderate Debt
USR-05592,33,Female,Freelance / Creative,Night Owl,53,News / Reading,87,0,79,65,42.8,5.13,20.1,22.5,4,6.0,Moderate Debt
USR-05593,20,Female,Remote Tech,Intermediate,55,TikTok / Reels,52,0,127,42,59.2,7.01,19.6,16.6,3,4.1,Mild Deficit
USR-05594,61,Male,Corporate 9-to-5,Morning Lark,18,TikTok / Reels,85,1,0,31,22.9,8.52,18.0,12.4,0,1.0,Optimal Recovery
USR-05595,28,Male,Remote Tech,Night Owl,101,Streaming (Netflix/Hulu),48,1,0,29,45.8,4.95,18.8,21.4,5,7.7,Moderate Debt
USR-05596,32,Male,Corporate 9-to-5,Morning Lark,67,Instagram / Reddit,52,0,47,36,39.7,8.37,18.7,16.1,0,1.0,Optimal Recovery
USR-05597,28,Male,Freelance / Creative,Night Owl,26,Instagram / Reddit,50,0,0,0,28.1,5.3,23.0,20.5,3,2.8,Moderate Debt
USR-05598,39,Non-Binary,Healthcare / Shift Worker,Intermediate,66,Instagram / Reddit,76,1,0,25,59.6,4.67,16.8,19.3,3,6.3,Moderate Debt
USR-05599,38,Male,Student,Intermediate,15,Instagram / Reddit,38,0,192,57,37.1,6.95,20.2,15.6,3,3.0,Mild Deficit
USR-05600,40,Male,Student,Morning Lark,71,YouTube,64,1,56,62,39.4,7.29,19.7,17.5,2,2.5,Mild Deficit
USR-05601,26,Male,Remote Tech,Intermediate,81,YouTube,63,0,0,12,42.9,6.02,14.0,20.3,3,5.3,Moderate Debt
USR-05602,27,Male,Freelance / Creative,Night Owl,160,TikTok / Reels,63,1,0,65,93.3,3.2,21.1,21.4,7,10.0,Severe Sleep Debt
USR-05603,22,Female,Corporate 9-to-5,Intermediate,26,Instagram / Reddit,96,1,37,3,32.2,6.7,19.8,22.7,2,1.6,Moderate Debt
USR-05604,38,Female,Student,Night Owl,54,Instagram / Reddit,51,1,36,48,42.0,4.99,21.9,18.1,4,5.9,Moderate Debt
USR-05605,19,Male,Remote Tech,Intermediate,48,Streaming (Netflix/Hulu),100,1,32,41,29.5,6.15,23.7,19.5,2,2.9,Moderate Debt
USR-05606,36,Female,Freelance / Creative,Night Owl,33,News / Reading,77,1,0,24,22.8,5.16,22.3,19.8,2,4.8,Moderate Debt
USR-05607,50,Male,Healthcare / Shift Worker,Night Owl,27,News / Reading,26,0,88,70,18.6,5.1,22.0,19.1,4,4.6,Moderate Debt
USR-05608,51,Female,Freelance / Creative,Intermediate,46,Streaming (Netflix/Hulu),32,1,118,29,28.4,7.51,20.5,18.5,0,1.4,Mild Deficit
USR-05609,31,Male,Remote Tech,Intermediate,56,YouTube,76,0,0,69,43.0,6.61,23.5,19.9,3,2.1,Moderate Debt
USR-05610,31,Female,Corporate 9-to-5,Night Owl,36,YouTube,40,0,183,39,49.7,4.78,17.3,14.6,5,7.6,Moderate Debt
USR-05611,20,Male,Remote Tech,Morning Lark,65,Instagram / Reddit,60,1,0,26,44.4,7.25,21.5,16.2,2,1.0,Mild Deficit
USR-05612,39,Male,Student,Night Owl,51,Streaming (Netflix/Hulu),41,0,0,58,28.8,4.93,26.3,18.7,4,5.2,Moderate Debt
USR-05613,46,Female,Student,Intermediate,25,TikTok / Reels,46,0,110,12,44.2,7.3,22.0,16.3,3,2.8,Mild Deficit
USR-05614,25,Male,Corporate 9-to-5,Night Owl,87,News / Reading,50,1,57,49,55.6,5.83,22.5,23.4,3,5.1,Moderate Debt
USR-05615,30,Female,Remote Tech,Morning Lark,83,TikTok / Reels,75,1,0,57,57.3,6.81,22.3,17.4,2,3.2,Mild Deficit
USR-05616,47,Female,Corporate 9-to-5,Night Owl,46,Streaming (Netflix/Hulu),50,0,0,14,41.3,6.2,22.0,20.6,3,5.5,Moderate Debt
USR-05617,50,Female,Healthcare / Shift Worker,Intermediate,6,Instagram / Reddit,84,0,0,43,14.7,7.33,26.9,15.1,2,1.0,Mild Deficit
USR-05618,25,Female,Corporate 9-to-5,Night Owl,15,YouTube,35,1,0,52,25.9,6.07,27.2,15.0,1,1.3,Moderate Debt
USR-05619,34,Non-Binary,Student,Intermediate,104,Instagram / Reddit,71,1,0,56,59.6,5.62,23.4,13.9,4,4.1,Moderate Debt
USR-05620,24,Female,Corporate 9-to-5,Intermediate,141,TikTok / Reels,59,0,0,43,90.5,4.3,21.0,23.1,6,9.3,Severe Sleep Debt
USR-05621,21,Male,Remote Tech,Night Owl,98,News / Reading,30,1,0,55,36.8,4.76,21.6,21.8,3,6.3,Moderate Debt
USR-05622,53,Female,Freelance / Creative,Night Owl,30,News / Reading,43,0,0,54,23.0,6.4,21.7,18.9,2,3.1,Moderate Debt
USR-05623,46,Male,Corporate 9-to-5,Night Owl,84,Instagram / Reddit,53,1,0,30,45.2,4.84,23.5,18.2,4,5.8,Moderate Debt
USR-05624,43,Female,Corporate 9-to-5,Intermediate,78,YouTube,80,0,21,24,39.4,6.66,22.0,18.6,3,1.5,Moderate Debt
USR-05625,19,Male,Corporate 9-to-5,Intermediate,79,TikTok / Reels,52,1,20,38,52.7,6.04,22.9,21.5,3,4.7,Moderate Debt
USR-05626,48,Male,Remote Tech,Intermediate,49,TikTok / Reels,96,0,91,36,43.3,6.38,16.3,17.3,2,3.9,Moderate Debt
USR-05627,30,Male,Student,Intermediate,55,Streaming (Netflix/Hulu),49,0,0,36,31.8,4.89,28.0,21.0,4,5.0,Moderate Debt
USR-05628,28,Female,Corporate 9-to-5,Morning Lark,16,YouTube,57,0,140,59,25.2,8.06,18.5,20.2,2,2.2,Optimal Recovery
USR-05629,34,Male,Student,Intermediate,180,Instagram / Reddit,81,1,230,28,110.0,3.2,14.6,16.5,6,10.0,Severe Sleep Debt
USR-05630,21,Female,Corporate 9-to-5,Night Owl,15,YouTube,30,1,0,17,14.5,7.74,17.7,22.0,0,1.0,Mild Deficit
USR-05631,42,Female,Healthcare / Shift Worker,Intermediate,36,Messaging / Chat,79,1,0,64,31.2,5.62,23.5,14.6,3,3.5,Moderate Debt
USR-05632,35,Female,Healthcare / Shift Worker,Night Owl,172,TikTok / Reels,42,0,0,51,91.0,3.2,24.0,16.1,6,10.0,Severe Sleep Debt
USR-05633,24,Female,Freelance / Creative,Morning Lark,42,YouTube,50,0,99,29,48.8,9.09,17.5,23.6,0,1.0,Optimal Recovery
USR-05634,24,Female,Freelance / Creative,Night Owl,46,Instagram / Reddit,60,1,0,4,32.4,4.7,23.3,17.5,3,3.8,Moderate Debt
USR-05635,24,Male,Remote Tech,Intermediate,51,News / Reading,39,1,0,61,19.3,7.1,24.2,22.3,1,1.0,Mild Deficit
USR-05636,20,Female,Remote Tech,Night Owl,56,Instagram / Reddit,100,1,0,20,36.3,4.9,17.9,17.9,4,6.7,Moderate Debt
USR-05637,35,Female,Student,Intermediate,23,Instagram / Reddit,59,1,0,12,17.9,7.12,21.9,20.5,1,1.0,Mild Deficit
USR-05638,47,Female,Corporate 9-to-5,Night Owl,76,Streaming (Netflix/Hulu),58,0,0,72,43.9,5.0,19.6,25.1,3,5.2,Moderate Debt
USR-05639,18,Male,Corporate 9-to-5,Intermediate,74,News / Reading,43,0,0,57,28.9,7.47,20.4,21.9,2,1.4,Mild Deficit
USR-05640,19,Male,Corporate 9-to-5,Intermediate,47,Streaming (Netflix/Hulu),28,0,0,35,25.6,7.65,19.8,26.9,1,1.0,Mild Deficit
USR-05641,35,Female,Remote Tech,Morning Lark,69,TikTok / Reels,78,1,0,40,46.2,8.48,23.6,21.0,2,1.4,Optimal Recovery
USR-05642,46,Male,Remote Tech,Intermediate,28,Instagram / Reddit,50,1,73,43,54.6,6.03,25.7,14.9,3,4.6,Moderate Debt
USR-05643,27,Male,Corporate 9-to-5,Night Owl,125,Instagram / Reddit,62,1,234,29,81.0,3.2,13.2,10.4,7,10.0,Severe Sleep Debt
USR-05644,28,Female,Corporate 9-to-5,Morning Lark,180,Instagram / Reddit,35,0,0,54,81.9,5.54,23.2,13.6,4,6.1,Moderate Debt
USR-05645,36,Male,Student,Night Owl,37,Instagram / Reddit,71,0,127,68,51.6,5.0,20.8,16.1,3,6.9,Moderate Debt
USR-05646,26,Male,Corporate 9-to-5,Morning Lark,53,TikTok / Reels,49,1,0,57,43.9,6.92,25.3,17.4,2,1.5,Mild Deficit
USR-05647,18,Male,Freelance / Creative,Night Owl,23,Instagram / Reddit,22,1,20,32,24.4,5.15,21.1,18.7,3,4.6,Moderate Debt
USR-05648,41,Female,Corporate 9-to-5,Night Owl,79,Instagram / Reddit,49,1,0,38,45.3,4.57,24.7,18.9,5,7.3,Moderate Debt
USR-05649,37,Female,Student,Intermediate,38,YouTube,71,1,0,17,33.3,6.99,20.6,23.1,3,3.0,Mild Deficit
USR-05650,35,Female,Remote Tech,Morning Lark,38,Messaging / Chat,67,1,0,49,26.0,7.49,23.0,16.4,1,1.2,Mild Deficit
USR-05651,42,Male,Corporate 9-to-5,Intermediate,77,YouTube,63,0,220,0,57.2,7.31,16.6,17.2,3,4.9,Mild Deficit
USR-05652,39,Male,Remote Tech,Morning Lark,60,Streaming (Netflix/Hulu),54,0,80,37,43.7,7.84,21.4,19.7,2,1.4,Optimal Recovery
USR-05653,24,Female,Remote Tech,Intermediate,29,Streaming (Netflix/Hulu),56,0,20,15,41.2,7.54,21.5,22.7,3,2.7,Mild Deficit
USR-05654,28,Female,Healthcare / Shift Worker,Intermediate,8,Instagram / Reddit,44,0,0,19,19.8,5.87,21.1,20.8,3,2.1,Moderate Debt
USR-05655,22,Male,Student,Intermediate,39,YouTube,78,1,0,35,28.1,6.14,26.8,23.8,3,1.8,Moderate Debt
USR-05656,22,Male,Corporate 9-to-5,Morning Lark,15,TikTok / Reels,54,0,0,24,33.6,7.76,27.1,16.5,3,1.0,Optimal Recovery
USR-05657,39,Male,Corporate 9-to-5,Morning Lark,88,Streaming (Netflix/Hulu),44,0,0,27,48.8,7.59,27.5,22.0,0,1.0,Mild Deficit
USR-05658,49,Male,Corporate 9-to-5,Morning Lark,45,News / Reading,91,0,0,0,22.7,9.79,23.4,22.7,0,1.0,Optimal Recovery
USR-05659,59,Male,Corporate 9-to-5,Intermediate,36,Messaging / Chat,80,0,58,30,49.0,7.46,20.0,17.7,2,2.4,Mild Deficit
USR-05660,37,Female,Remote Tech,Intermediate,29,Streaming (Netflix/Hulu),57,1,0,95,24.9,7.55,25.5,20.1,1,1.0,Mild Deficit
USR-05661,24,Female,Freelance / Creative,Morning Lark,61,YouTube,48,0,31,52,40.3,7.59,24.0,19.2,4,1.7,Mild Deficit
USR-05662,21,Female,Remote Tech,Intermediate,43,TikTok / Reels,49,1,75,39,33.4,7.29,20.1,19.3,1,1.8,Mild Deficit
USR-05663,45,Male,Student,Night Owl,87,Streaming (Netflix/Hulu),36,0,20,31,46.0,4.38,18.8,19.9,4,7.0,Moderate Debt
USR-05664,35,Female,Student,Intermediate,45,TikTok / Reels,74,1,202,1,52.4,5.88,18.4,15.3,2,5.5,Moderate Debt
USR-05665,36,Female,Healthcare / Shift Worker,Night Owl,85,Messaging / Chat,92,0,0,40,49.4,3.2,21.7,16.3,4,9.5,Severe Sleep Debt
USR-05666,44,Female,Corporate 9-to-5,Intermediate,36,YouTube,66,0,52,49,32.4,6.18,25.2,24.3,1,1.8,Moderate Debt
USR-05667,40,Female,Student,Morning Lark,60,YouTube,86,1,166,61,49.9,7.02,15.2,16.5,1,4.3,Mild Deficit
USR-05668,47,Male,Healthcare / Shift Worker,Intermediate,19,YouTube,72,1,0,6,20.6,5.83,21.4,17.6,3,3.1,Moderate Debt
USR-05669,19,Female,Corporate 9-to-5,Intermediate,48,YouTube,26,0,95,59,28.3,7.38,18.0,18.0,0,1.0,Mild Deficit
USR-05670,42,Female,Corporate 9-to-5,Night Owl,128,Streaming (Netflix/Hulu),84,0,0,54,52.3,3.35,17.2,19.6,6,10.0,Severe Sleep Debt
USR-05671,48,Male,Freelance / Creative,Intermediate,20,YouTube,51,0,0,0,11.5,6.93,24.2,18.9,2,1.0,Mild Deficit
USR-05672,26,Female,Healthcare / Shift Worker,Night Owl,72,Instagram / Reddit,59,0,0,4,47.3,3.3,20.7,20.4,7,9.6,Severe Sleep Debt
USR-05673,37,Male,Corporate 9-to-5,Intermediate,130,Streaming (Netflix/Hulu),37,0,0,5,56.0,5.61,19.7,17.2,4,5.8,Moderate Debt
USR-05674,27,Male,Remote Tech,Intermediate,31,TikTok / Reels,20,0,51,60,37.8,6.18,21.4,16.0,2,1.7,Moderate Debt
USR-05675,59,Male,Remote Tech,Morning Lark,40,YouTube,43,0,0,34,32.2,7.28,24.3,20.5,2,1.0,Mild Deficit
USR-05676,19,Male,Remote Tech,Morning Lark,30,Streaming (Netflix/Hulu),60,1,26,34,18.5,8.71,20.8,23.8,0,1.0,Optimal Recovery
USR-05677,35,Female,Remote Tech,Intermediate,84,TikTok / Reels,58,1,0,66,54.1,5.55,27.0,14.1,4,5.6,Moderate Debt
USR-05678,23,Male,Corporate 9-to-5,Intermediate,88,Instagram / Reddit,71,1,0,24,54.7,5.15,20.2,18.8,5,5.2,Moderate Debt
USR-05679,40,Female,Student,Night Owl,110,Instagram / Reddit,61,1,30,39,56.5,4.78,22.3,20.9,4,6.8,Moderate Debt
USR-05680,23,Female,Student,Night Owl,137,Instagram / Reddit,58,1,0,7,65.2,3.31,21.9,21.8,6,10.0,Severe Sleep Debt
USR-05681,25,Female,Healthcare / Shift Worker,Morning Lark,18,YouTube,44,0,0,51,14.8,7.22,17.5,21.5,0,1.0,Mild Deficit
USR-05682,32,Female,Corporate 9-to-5,Intermediate,87,TikTok / Reels,95,0,0,39,62.4,4.84,16.8,17.0,4,8.2,Moderate Debt
USR-05683,54,Male,Healthcare / Shift Worker,Morning Lark,115,News / Reading,94,0,0,45,59.3,4.49,20.0,20.6,4,8.2,Moderate Debt
USR-05684,24,Female,Corporate 9-to-5,Intermediate,104,TikTok / Reels,60,1,0,52,61.9,4.33,22.6,17.2,5,7.3,Moderate Debt
USR-05685,22,Male,Remote Tech,Night Owl,27,TikTok / Reels,27,1,0,40,25.2,6.67,24.9,17.7,3,2.2,Moderate Debt
USR-05686,43,Female,Freelance / Creative,Intermediate,85,Instagram / Reddit,62,0,33,24,54.1,5.39,24.4,19.8,5,5.8,Moderate Debt
USR-05687,32,Female,Remote Tech,Night Owl,85,News / Reading,30,0,21,69,38.7,5.1,22.0,23.7,3,5.4,Moderate Debt
USR-05688,53,Male,Corporate 9-to-5,Night Owl,41,YouTube,27,1,0,66,26.5,6.92,23.9,18.7,2,1.0,Mild Deficit
USR-05689,22,Female,Corporate 9-to-5,Intermediate,60,YouTube,75,0,178,40,49.9,6.89,14.5,11.7,2,4.7,Mild Deficit
USR-05690,38,Male,Remote Tech,Morning Lark,7,Instagram / Reddit,38,1,0,29,17.9,8.09,24.1,22.4,1,1.0,Optimal Recovery
USR-05691,25,Female,Student,Intermediate,71,TikTok / Reels,45,1,101,68,46.2,6.2,19.9,14.8,4,5.1,Moderate Debt
USR-05692,23,Female,Freelance / Creative,Morning Lark,48,Instagram / Reddit,73,0,31,46,32.6,7.31,19.3,17.4,2,2.2,Mild Deficit
USR-05693,39,Female,Healthcare / Shift Worker,Intermediate,55,Instagram / Reddit,64,0,0,49,35.3,6.08,25.4,21.0,2,1.7,Moderate Debt
USR-05694,36,Male,Healthcare / Shift Worker,Night Owl,50,Instagram / Reddit,69,0,64,52,41.3,4.24,24.3,14.3,3,6.5,Moderate Debt
USR-05695,42,Female,Student,Intermediate,46,YouTube,91,1,36,33,31.0,6.48,24.4,18.6,2,2.4,Moderate Debt
USR-05696,27,Female,Healthcare / Shift Worker,Night Owl,20,Messaging / Chat,44,0,0,7,15.2,4.01,18.4,22.3,4,4.9,Moderate Debt
USR-05697,31,Female,Corporate 9-to-5,Night Owl,35,TikTok / Reels,62,0,79,0,42.3,4.92,23.9,15.6,4,5.8,Moderate Debt
USR-05698,29,Male,Freelance / Creative,Night Owl,70,Instagram / Reddit,85,0,106,17,56.5,5.25,18.3,17.6,3,6.5,Moderate Debt
USR-05699,62,Male,Remote Tech,Intermediate,108,Messaging / Chat,37,0,82,54,58.7,5.81,18.6,17.0,4,5.6,Moderate Debt
USR-05700,26,Male,Freelance / Creative,Night Owl,27,TikTok / Reels,52,0,0,50,27.3,4.7,23.2,15.8,2,5.2,Moderate Debt
USR-05701,27,Female,Corporate 9-to-5,Intermediate,63,TikTok / Reels,72,1,0,49,64.6,4.61,18.5,13.9,4,6.9,Moderate Debt
USR-05702,28,Male,Student,Intermediate,53,TikTok / Reels,30,0,125,18,47.5,7.63,21.0,16.7,2,1.8,Mild Deficit
USR-05703,35,Male,Student,Night Owl,103,Messaging / Chat,60,1,0,66,52.4,4.02,24.0,25.0,4,6.9,Moderate Debt
USR-05704,25,Male,Freelance / Creative,Night Owl,48,Instagram / Reddit,49,0,0,91,38.0,5.19,25.5,20.9,4,4.3,Moderate Debt
USR-05705,54,Male,Student,Intermediate,127,Messaging / Chat,37,1,66,4,53.6,5.43,22.2,18.2,4,4.3,Moderate Debt
USR-05706,26,Male,Remote Tech,Night Owl,44,YouTube,79,1,58,28,44.4,5.44,25.2,22.6,3,3.3,Moderate Debt
USR-05707,52,Female,Remote Tech,Intermediate,43,News / Reading,73,1,117,15,37.8,7.14,20.3,19.2,2,3.5,Mild Deficit
USR-05708,21,Male,Remote Tech,Intermediate,30,TikTok / Reels,66,1,0,24,28.3,7.48,26.8,16.4,2,1.0,Mild Deficit
USR-05709,38,Male,Corporate 9-to-5,Morning Lark,81,Messaging / Chat,69,0,0,18,46.3,7.44,20.4,19.5,3,2.6,Mild Deficit
USR-05710,53,Female,Corporate 9-to-5,Intermediate,119,YouTube,47,0,0,0,50.4,5.31,18.0,19.6,3,4.9,Moderate Debt
USR-05711,23,Female,Corporate 9-to-5,Intermediate,38,TikTok / Reels,56,0,20,73,37.1,7.74,26.8,20.6,2,1.0,Mild Deficit
USR-05712,60,Male,Remote Tech,Morning Lark,44,YouTube,39,1,73,40,36.6,8.44,20.6,19.3,1,1.0,Optimal Recovery
USR-05713,31,Female,Freelance / Creative,Intermediate,29,YouTube,70,0,0,37,27.9,6.47,20.6,18.1,3,2.3,Moderate Debt
USR-05714,57,Male,Freelance / Creative,Morning Lark,16,TikTok / Reels,37,0,43,44,15.3,9.25,24.6,15.6,0,1.0,Optimal Recovery
USR-05715,39,Female,Corporate 9-to-5,Morning Lark,32,YouTube,45,0,0,0,26.1,7.8,20.9,20.6,0,1.0,Optimal Recovery
USR-05716,27,Female,Corporate 9-to-5,Intermediate,42,TikTok / Reels,35,0,103,25,40.9,6.65,17.9,17.9,3,3.1,Moderate Debt
USR-05717,24,Female,Corporate 9-to-5,Intermediate,100,YouTube,59,0,67,32,61.5,5.88,19.4,19.1,3,5.3,Moderate Debt
USR-05718,27,Female,Corporate 9-to-5,Intermediate,30,TikTok / Reels,50,1,45,62,32.6,7.03,22.0,19.7,3,2.8,Mild Deficit
USR-05719,21,Female,Corporate 9-to-5,Intermediate,43,YouTube,63,0,0,37,25.6,6.79,20.3,16.5,0,1.0,Mild Deficit
USR-05720,22,Female,Remote Tech,Intermediate,57,Messaging / Chat,42,0,0,72,29.7,6.77,25.3,20.7,2,1.8,Mild Deficit
USR-05721,21,Male,Remote Tech,Morning Lark,23,TikTok / Reels,40,1,54,69,23.3,8.64,23.9,17.4,1,1.0,Optimal Recovery
USR-05722,30,Non-Binary,Remote Tech,Intermediate,76,TikTok / Reels,64,0,35,12,54.8,5.07,19.0,17.7,4,6.6,Moderate Debt
USR-05723,44,Female,Remote Tech,Night Owl,42,YouTube,52,0,0,29,21.4,5.75,22.3,16.1,2,3.1,Moderate Debt
USR-05724,22,Male,Corporate 9-to-5,Morning Lark,36,Instagram / Reddit,100,0,130,44,40.6,7.42,19.1,15.1,2,3.7,Mild Deficit
USR-05725,22,Male,Student,Intermediate,115,TikTok / Reels,68,1,26,16,75.7,5.52,17.9,19.2,4,6.5,Moderate Debt
USR-05726,37,Male,Healthcare / Shift Worker,Morning Lark,123,YouTube,58,0,0,21,57.2,5.51,16.6,17.2,4,5.9,Moderate Debt
USR-05727,24,Male,Corporate 9-to-5,Intermediate,27,Instagram / Reddit,81,1,0,33,21.3,8.17,28.0,23.6,2,1.0,Optimal Recovery
USR-05728,21,Female,Corporate 9-to-5,Intermediate,85,TikTok / Reels,75,1,0,32,48.2,6.68,24.9,19.6,3,3.3,Moderate Debt
USR-05729,23,Female,Corporate 9-to-5,Night Owl,147,YouTube,59,0,0,17,75.3,3.6,15.9,22.8,6,10.0,Severe Sleep Debt
USR-05730,55,Female,Corporate 9-to-5,Intermediate,46,TikTok / Reels,100,0,0,26,50.6,7.01,18.0,16.9,3,3.2,Mild Deficit
USR-05731,46,Female,Remote Tech,Intermediate,62,TikTok / Reels,78,1,0,43,47.6,7.6,22.8,15.9,2,2.3,Mild Deficit
USR-05732,28,Male,Corporate 9-to-5,Intermediate,53,TikTok / Reels,33,1,57,33,33.8,7.08,23.5,21.6,1,1.6,Mild Deficit
USR-05733,38,Female,Remote Tech,Morning Lark,86,Instagram / Reddit,48,1,250,13,67.2,8.4,15.8,12.8,2,1.9,Optimal Recovery
USR-05734,34,Male,Corporate 9-to-5,Night Owl,32,Messaging / Chat,19,0,0,71,32.3,4.73,20.6,18.8,4,4.6,Moderate Debt
USR-05735,39,Male,Student,Intermediate,31,YouTube,26,0,58,101,20.7,7.22,26.7,14.1,0,1.0,Mild Deficit
USR-05736,39,Non-Binary,Corporate 9-to-5,Morning Lark,33,YouTube,100,0,92,57,35.8,7.83,19.3,13.6,3,1.0,Optimal Recovery
USR-05737,37,Male,Remote Tech,Intermediate,27,YouTube,82,1,50,35,33.7,6.94,19.5,18.6,2,2.2,Mild Deficit
USR-05738,26,Female,Corporate 9-to-5,Intermediate,26,TikTok / Reels,21,0,0,26,32.0,7.52,24.0,17.6,1,1.0,Mild Deficit
USR-05739,19,Female,Corporate 9-to-5,Morning Lark,48,YouTube,55,0,0,33,27.6,7.81,25.7,18.2,2,1.0,Optimal Recovery
USR-05740,31,Female,Healthcare / Shift Worker,Intermediate,40,Messaging / Chat,48,1,0,35,34.0,6.16,22.0,21.0,3,3.2,Moderate Debt
USR-05741,51,Male,Student,Intermediate,66,TikTok / Reels,100,0,0,34,36.5,6.92,19.3,20.3,2,3.7,Mild Deficit
USR-05742,35,Male,Corporate 9-to-5,Intermediate,32,Streaming (Netflix/Hulu),10,0,0,42,22.1,6.86,24.9,22.2,1,1.0,Mild Deficit
USR-05743,47,Male,Student,Morning Lark,64,Messaging / Chat,42,1,31,48,38.1,6.73,21.8,19.2,2,3.1,Moderate Debt
USR-05744,64,Female,Student,Night Owl,51,Instagram / Reddit,43,1,44,73,56.1,5.09,22.3,16.2,5,7.1,Moderate Debt
USR-05745,23,Male,Remote Tech,Morning Lark,146,Instagram / Reddit,41,0,0,48,76.5,6.05,23.6,19.3,4,6.2,Moderate Debt
USR-05746,39,Female,Remote Tech,Intermediate,50,Streaming (Netflix/Hulu),60,0,75,24,34.7,6.17,22.9,20.0,2,3.1,Moderate Debt
USR-05747,39,Female,Healthcare / Shift Worker,Night Owl,68,YouTube,73,0,71,16,49.5,3.2,17.3,19.1,5,8.8,Severe Sleep Debt
USR-05748,62,Male,Corporate 9-to-5,Morning Lark,24,TikTok / Reels,45,1,0,40,22.6,9.61,22.7,18.1,0,1.0,Optimal Recovery
USR-05749,63,Female,Remote Tech,Morning Lark,27,YouTube,53,1,20,33,22.1,7.85,24.1,18.2,1,1.0,Optimal Recovery
USR-05750,39,Non-Binary,Corporate 9-to-5,Morning Lark,131,TikTok / Reels,36,0,0,67,78.1,5.95,21.1,16.6,6,7.0,Moderate Debt
USR-05751,25,Female,Student,Morning Lark,75,Instagram / Reddit,38,1,34,51,45.7,6.42,19.6,20.2,2,3.1,Moderate Debt
USR-05752,45,Male,Freelance / Creative,Morning Lark,68,Instagram / Reddit,63,0,131,16,57.0,7.34,18.9,19.6,4,4.4,Mild Deficit
USR-05753,21,Female,Healthcare / Shift Worker,Intermediate,49,Instagram / Reddit,67,0,21,30,43.5,5.82,22.6,16.3,3,3.3,Moderate Debt
USR-05754,44,Male,Healthcare / Shift Worker,Intermediate,54,YouTube,18,1,0,19,30.0,5.42,19.1,21.7,3,4.9,Moderate Debt
USR-05755,53,Male,Freelance / Creative,Intermediate,47,Messaging / Chat,40,0,75,74,27.2,8.1,21.4,17.1,0,1.0,Optimal Recovery
USR-05756,29,Male,Student,Morning Lark,74,TikTok / Reels,49,1,77,18,50.6,7.22,22.6,20.9,3,2.7,Mild Deficit
USR-05757,37,Female,Student,Night Owl,52,TikTok / Reels,47,0,0,7,37.2,5.23,18.5,17.8,5,4.6,Moderate Debt
USR-05758,30,Male,Freelance / Creative,Morning Lark,84,Instagram / Reddit,50,0,0,24,41.3,6.9,20.8,21.3,3,2.9,Mild Deficit
USR-05759,30,Female,Corporate 9-to-5,Intermediate,29,News / Reading,10,1,0,7,24.0,7.24,28.0,19.1,1,1.0,Mild Deficit
USR-05760,27,Female,Student,Morning Lark,50,YouTube,76,0,0,7,42.2,7.54,18.5,21.0,2,1.7,Mild Deficit
USR-05761,43,Female,Student,Morning Lark,21,Instagram / Reddit,53,1,0,46,26.3,8.73,26.8,17.5,0,1.0,Optimal Recovery
USR-05762,56,Male,Freelance / Creative,Intermediate,99,Instagram / Reddit,100,0,128,37,81.9,5.34,17.5,17.5,4,8.1,Moderate Debt
USR-05763,56,Female,Healthcare / Shift Worker,Intermediate,71,Instagram / Reddit,68,1,36,85,54.3,3.77,28.0,19.0,7,10.0,Severe Sleep Debt
USR-05764,23,Male,Healthcare / Shift Worker,Intermediate,16,TikTok / Reels,63,0,0,84,25.3,6.57,24.7,20.5,1,1.7,Moderate Debt
USR-05765,50,Male,Freelance / Creative,Intermediate,67,Instagram / Reddit,38,1,0,40,33.2,7.16,24.2,20.6,2,1.3,Mild Deficit
USR-05766,41,Female,Remote Tech,Night Owl,47,Instagram / Reddit,43,1,188,53,55.6,5.65,19.4,16.1,5,6.1,Moderate Debt
USR-05767,25,Male,Corporate 9-to-5,Intermediate,101,Instagram / Reddit,71,0,0,31,62.5,5.77,18.7,18.0,4,7.0,Moderate Debt
USR-05768,20,Female,Corporate 9-to-5,Intermediate,94,TikTok / Reels,49,1,232,58,80.6,5.79,19.0,11.0,4,8.4,Moderate Debt
USR-05769,26,Male,Remote Tech,Morning Lark,117,YouTube,41,1,0,36,67.4,7.08,22.6,17.9,3,5.2,Mild Deficit
USR-05770,53,Female,Remote Tech,Morning Lark,85,Streaming (Netflix/Hulu),93,0,0,27,47.6,6.45,20.7,19.4,3,3.8,Moderate Debt
USR-05771,37,Female,Remote Tech,Intermediate,49,YouTube,62,1,194,21,48.8,7.06,14.2,14.8,3,1.8,Mild Deficit
USR-05772,41,Female,Remote Tech,Intermediate,61,Instagram / Reddit,71,1,175,32,49.4,6.03,19.4,19.3,4,5.9,Moderate Debt
USR-05773,26,Female,Freelance / Creative,Intermediate,36,Instagram / Reddit,49,1,0,36,30.3,5.92,22.8,20.9,3,1.3,Moderate Debt
USR-05774,41,Female,Remote Tech,Morning Lark,43,Instagram / Reddit,79,1,0,58,27.3,7.08,24.4,14.3,1,1.0,Mild Deficit
USR-05775,19,Female,Healthcare / Shift Worker,Night Owl,78,TikTok / Reels,44,0,0,36,44.5,3.2,23.9,19.4,6,8.8,Severe Sleep Debt
USR-05776,29,Female,Freelance / Creative,Night Owl,20,Streaming (Netflix/Hulu),79,0,151,9,35.3,6.1,16.6,18.1,2,4.3,Moderate Debt
USR-05777,37,Female,Remote Tech,Intermediate,67,News / Reading,46,1,106,67,28.7,6.91,23.3,21.8,3,2.7,Mild Deficit
USR-05778,22,Female,Remote Tech,Night Owl,74,TikTok / Reels,88,1,0,37,44.5,4.49,24.0,17.7,6,6.2,Moderate Debt
USR-05779,46,Male,Student,Night Owl,81,Messaging / Chat,81,1,0,56,37.3,4.95,23.6,22.8,4,4.7,Moderate Debt
USR-05780,25,Male,Student,Night Owl,34,YouTube,47,1,0,0,29.9,5.13,17.9,20.8,4,5.0,Moderate Debt
USR-05781,38,Male,Corporate 9-to-5,Intermediate,128,Instagram / Reddit,100,1,0,8,71.1,5.48,13.8,19.8,4,7.9,Moderate Debt
USR-05782,29,Male,Corporate 9-to-5,Night Owl,74,Streaming (Netflix/Hulu),58,1,74,0,39.2,3.89,22.2,19.4,5,6.7,Moderate Debt
USR-05783,36,Male,Corporate 9-to-5,Morning Lark,96,News / Reading,89,1,91,19,40.7,8.22,19.5,18.4,1,1.1,Optimal Recovery
USR-05784,21,Male,Corporate 9-to-5,Intermediate,20,TikTok / Reels,33,0,0,54,20.9,8.04,22.0,20.1,1,1.0,Optimal Recovery
USR-05785,18,Female,Corporate 9-to-5,Night Owl,15,TikTok / Reels,69,0,35,40,19.5,5.48,21.3,21.9,3,3.5,Moderate Debt
USR-05786,53,Male,Corporate 9-to-5,Night Owl,20,Messaging / Chat,63,0,0,39,26.1,5.37,22.8,18.0,3,3.6,Moderate Debt
USR-05787,26,Female,Student,Morning Lark,55,YouTube,47,1,70,71,35.7,7.95,26.9,15.9,2,1.0,Optimal Recovery
USR-05788,46,Male,Freelance / Creative,Night Owl,83,YouTube,74,1,0,43,43.6,4.76,24.1,20.3,4,5.0,Moderate Debt
USR-05789,65,Male,Student,Intermediate,42,News / Reading,81,1,33,35,32.7,7.54,21.8,25.7,1,1.0,Mild Deficit
USR-05790,24,Female,Freelance / Creative,Morning Lark,43,TikTok / Reels,66,1,128,4,47.0,7.64,20.2,16.2,2,2.4,Mild Deficit
USR-05791,26,Male,Healthcare / Shift Worker,Intermediate,10,Instagram / Reddit,63,0,49,58,23.3,5.42,28.0,24.2,4,3.8,Moderate Debt
USR-05792,38,Female,Student,Night Owl,43,Instagram / Reddit,60,0,63,87,33.8,4.11,21.1,15.5,4,7.6,Moderate Debt
USR-05793,60,Female,Remote Tech,Night Owl,42,Instagram / Reddit,66,0,20,0,35.9,5.73,23.6,20.4,3,3.7,Moderate Debt
USR-05794,54,Female,Corporate 9-to-5,Night Owl,28,TikTok / Reels,71,0,0,41,20.5,4.87,19.5,18.1,4,4.3,Moderate Debt
USR-05795,32,Male,Healthcare / Shift Worker,Morning Lark,37,YouTube,70,0,130,24,55.2,7.09,18.8,18.7,3,3.8,Mild Deficit
USR-05796,44,Male,Freelance / Creative,Morning Lark,117,TikTok / Reels,67,1,29,5,81.4,5.86,17.5,17.5,4,5.7,Moderate Debt
USR-05797,22,Male,Remote Tech,Morning Lark,58,Instagram / Reddit,46,1,0,18,34.7,7.42,23.9,15.6,2,1.6,Mild Deficit
USR-05798,61,Female,Corporate 9-to-5,Morning Lark,53,Streaming (Netflix/Hulu),75,0,0,23,43.5,7.44,25.1,23.6,1,1.0,Mild Deficit
USR-05799,59,Female,Healthcare / Shift Worker,Intermediate,35,Messaging / Chat,67,0,0,24,25.6,6.72,24.3,21.4,2,1.9,Moderate Debt
USR-05800,23,Male,Corporate 9-to-5,Intermediate,65,Instagram / Reddit,63,0,0,22,43.0,7.52,16.4,20.0,0,1.4,Mild Deficit
USR-05801,27,Female,Corporate 9-to-5,Morning Lark,180,TikTok / Reels,51,0,0,36,115.8,3.2,21.5,23.9,7,10.0,Severe Sleep Debt
USR-05802,21,Male,Healthcare / Shift Worker,Night Owl,79,News / Reading,75,0,101,19,46.4,3.2,19.1,20.4,6,10.0,Severe Sleep Debt
USR-05803,26,Female,Remote Tech,Intermediate,41,TikTok / Reels,14,1,0,51,34.1,6.49,25.8,19.3,1,1.3,Moderate Debt
USR-05804,45,Female,Student,Night Owl,46,YouTube,54,1,51,17,31.2,4.8,17.1,19.6,4,6.2,Moderate Debt
USR-05805,29,Female,Freelance / Creative,Intermediate,91,Instagram / Reddit,47,1,0,32,46.3,6.91,22.1,17.9,2,2.4,Mild Deficit
USR-05806,21,Male,Remote Tech,Intermediate,168,TikTok / Reels,46,1,126,85,89.9,3.2,19.2,15.3,6,10.0,Severe Sleep Debt
USR-05807,28,Female,Remote Tech,Intermediate,19,TikTok / Reels,50,1,93,23,34.3,7.34,23.7,19.9,1,1.0,Mild Deficit
USR-05808,62,Female,Corporate 9-to-5,Intermediate,50,Messaging / Chat,34,0,0,13,46.3,6.19,18.7,18.6,3,4.5,Moderate Debt
USR-05809,37,Female,Corporate 9-to-5,Intermediate,45,YouTube,48,0,0,7,33.3,5.72,20.0,20.8,4,4.4,Moderate Debt
USR-05810,30,Female,Healthcare / Shift Worker,Intermediate,91,Streaming (Netflix/Hulu),31,0,62,6,53.6,4.77,15.8,20.2,3,7.7,Moderate Debt
USR-05811,23,Female,Remote Tech,Night Owl,51,Streaming (Netflix/Hulu),63,0,198,13,43.7,5.6,20.4,14.8,5,6.2,Moderate Debt
USR-05812,63,Female,Corporate 9-to-5,Night Owl,98,News / Reading,74,1,0,14,44.1,5.83,17.5,20.9,4,5.7,Moderate Debt
USR-05813,46,Male,Corporate 9-to-5,Intermediate,15,YouTube,76,0,134,60,30.5,7.88,16.7,16.8,3,3.1,Optimal Recovery
USR-05814,26,Female,Remote Tech,Morning Lark,71,TikTok / Reels,66,0,0,0,43.0,8.29,22.3,19.6,2,1.0,Optimal Recovery
USR-05815,20,Male,Remote Tech,Night Owl,91,Instagram / Reddit,44,1,0,17,51.4,4.6,23.2,16.1,4,4.9,Moderate Debt
USR-05816,20,Male,Student,Night Owl,13,TikTok / Reels,33,1,23,67,18.4,7.22,22.8,20.3,1,1.0,Mild Deficit
USR-05817,22,Female,Remote Tech,Intermediate,70,YouTube,42,1,83,15,34.8,6.3,18.4,20.4,2,3.6,Moderate Debt
USR-05818,35,Female,Corporate 9-to-5,Night Owl,22,Instagram / Reddit,49,0,47,40,22.9,6.02,25.1,16.0,3,4.6,Moderate Debt
USR-05819,55,Male,Remote Tech,Morning Lark,46,Instagram / Reddit,42,1,71,50,36.8,7.96,16.6,19.0,1,1.3,Optimal Recovery
USR-05820,32,Female,Freelance / Creative,Morning Lark,43,Streaming (Netflix/Hulu),100,0,0,0,35.0,7.47,16.6,24.4,2,1.8,Mild Deficit
USR-05821,47,Female,Corporate 9-to-5,Morning Lark,23,Messaging / Chat,69,0,0,76,24.9,8.34,26.1,19.5,0,1.0,Optimal Recovery
USR-05822,31,Female,Student,Morning Lark,55,YouTube,67,0,0,0,40.3,8.35,18.6,19.2,1,1.0,Optimal Recovery
USR-05823,40,Male,Remote Tech,Intermediate,43,Instagram / Reddit,61,0,68,0,41.3,6.2,20.4,21.8,3,4.6,Moderate Debt
USR-05824,41,Male,Student,Morning Lark,36,YouTube,45,1,123,25,38.1,7.86,23.2,15.0,1,1.0,Optimal Recovery
USR-05825,23,Non-Binary,Corporate 9-to-5,Night Owl,140,TikTok / Reels,58,1,111,31,84.0,3.57,21.4,17.0,7,10.0,Severe Sleep Debt
USR-05826,28,Male,Freelance / Creative,Intermediate,91,TikTok / Reels,69,1,0,60,57.3,5.41,24.5,18.1,4,4.7,Moderate Debt
USR-05827,37,Female,Student,Intermediate,65,Streaming (Netflix/Hulu),74,1,0,55,27.5,6.4,21.4,22.2,2,2.9,Moderate Debt
USR-05828,20,Female,Healthcare / Shift Worker,Morning Lark,41,News / Reading,61,0,185,19,51.7,6.64,20.9,18.9,2,4.0,Moderate Debt
USR-05829,28,Female,Corporate 9-to-5,Intermediate,16,Instagram / Reddit,70,1,0,51,20.6,7.66,22.5,16.0,1,1.0,Mild Deficit
USR-05830,33,Female,Student,Morning Lark,31,YouTube,45,0,28,65,23.9,7.04,25.0,18.1,2,1.6,Mild Deficit
USR-05831,65,Female,Healthcare / Shift Worker,Night Owl,32,Streaming (Netflix/Hulu),24,0,0,65,22.3,3.57,27.5,22.1,4,5.3,Moderate Debt
USR-05832,31,Female,Remote Tech,Night Owl,130,YouTube,81,1,30,41,75.2,3.6,22.2,17.4,6,10.0,Severe Sleep Debt
USR-05833,45,Female,Remote Tech,Intermediate,14,Streaming (Netflix/Hulu),43,1,0,27,11.3,8.08,21.5,20.8,1,1.0,Optimal Recovery
USR-05834,30,Female,Student,Morning Lark,40,Messaging / Chat,43,0,0,34,21.7,8.48,21.1,20.9,1,1.0,Optimal Recovery
USR-05835,44,Female,Corporate 9-to-5,Night Owl,71,YouTube,37,0,0,92,56.4,3.68,26.5,24.0,4,9.6,Severe Sleep Debt
USR-05836,36,Male,Student,Intermediate,57,TikTok / Reels,61,1,82,34,48.3,6.43,17.9,17.1,3,4.7,Moderate Debt
USR-05837,51,Male,Corporate 9-to-5,Morning Lark,42,YouTube,44,0,0,23,24.8,8.3,19.8,19.9,1,1.0,Optimal Recovery
USR-05838,29,Non-Binary,Corporate 9-to-5,Intermediate,28,TikTok / Reels,85,1,0,27,34.6,7.12,22.4,21.8,2,1.0,Mild Deficit
USR-05839,36,Female,Student,Night Owl,69,Streaming (Netflix/Hulu),84,1,0,57,32.6,4.81,22.5,21.2,3,5.1,Moderate Debt
USR-05840,37,Female,Corporate 9-to-5,Intermediate,45,YouTube,63,0,0,42,50.9,6.73,21.1,24.5,3,3.5,Moderate Debt
USR-05841,30,Female,Freelance / Creative,Night Owl,131,TikTok / Reels,41,0,0,62,82.4,3.2,14.3,21.5,7,10.0,Severe Sleep Debt
USR-05842,22,Female,Healthcare / Shift Worker,Morning Lark,52,YouTube,92,1,41,20,34.7,6.52,20.4,18.0,2,2.3,Moderate Debt
USR-05843,21,Female,Student,Morning Lark,142,Streaming (Netflix/Hulu),78,1,26,1,65.1,5.9,21.6,18.5,4,5.4,Moderate Debt
USR-05844,18,Male,Healthcare / Shift Worker,Intermediate,60,YouTube,42,1,115,55,51.3,4.93,22.0,18.5,4,5.8,Moderate Debt
USR-05845,50,Non-Binary,Healthcare / Shift Worker,Morning Lark,38,YouTube,63,1,0,41,24.1,8.4,25.6,22.2,2,1.0,Optimal Recovery
USR-05846,25,Female,Corporate 9-to-5,Intermediate,36,TikTok / Reels,61,0,53,17,55.5,6.07,18.8,19.3,2,4.7,Moderate Debt
USR-05847,24,Female,Healthcare / Shift Worker,Morning Lark,50,YouTube,67,1,27,65,35.5,5.32,23.1,16.6,3,4.2,Moderate Debt
USR-05848,41,Female,Corporate 9-to-5,Intermediate,29,YouTube,58,0,0,51,23.0,6.63,20.1,22.6,1,1.3,Moderate Debt
USR-05849,27,Female,Remote Tech,Intermediate,27,News / Reading,55,0,0,5,29.6,6.96,27.2,20.7,1,1.0,Mild Deficit
USR-05850,32,Female,Remote Tech,Night Owl,89,TikTok / Reels,100,1,0,30,60.3,3.77,18.1,14.4,6,9.6,Severe Sleep Debt
USR-05851,23,Female,Student,Night Owl,67,TikTok / Reels,67,0,0,20,45.9,4.04,25.1,20.2,3,6.8,Moderate Debt
USR-05852,59,Female,Corporate 9-to-5,Night Owl,26,TikTok / Reels,42,0,113,47,34.3,6.06,26.3,17.5,2,3.6,Moderate Debt
USR-05853,48,Female,Corporate 9-to-5,Night Owl,76,Messaging / Chat,47,1,0,27,33.8,4.98,21.4,20.2,3,4.1,Moderate Debt
USR-05854,49,Female,Student,Intermediate,43,Instagram / Reddit,93,1,0,17,30.9,7.07,21.9,21.9,2,1.2,Mild Deficit
USR-05855,29,Female,Remote Tech,Intermediate,67,Instagram / Reddit,49,1,0,42,41.0,5.88,23.8,19.1,4,5.5,Moderate Debt
USR-05856,43,Female,Student,Night Owl,71,Streaming (Netflix/Hulu),38,0,74,68,38.0,6.13,25.8,16.6,4,3.1,Moderate Debt
USR-05857,22,Non-Binary,Student,Intermediate,33,Messaging / Chat,57,1,0,36,22.5,7.32,23.1,19.3,3,1.5,Mild Deficit
USR-05858,18,Female,Corporate 9-to-5,Intermediate,152,TikTok / Reels,53,0,0,39,91.3,4.48,22.5,16.5,6,10.0,Severe Sleep Debt
USR-05859,18,Male,Corporate 9-to-5,Night Owl,34,TikTok / Reels,84,0,98,14,37.2,5.25,15.8,14.7,4,6.1,Moderate Debt
USR-05860,35,Male,Student,Morning Lark,70,Streaming (Netflix/Hulu),88,1,0,18,39.4,8.93,21.1,20.8,0,1.0,Optimal Recovery
USR-05861,31,Male,Remote Tech,Night Owl,31,Streaming (Netflix/Hulu),51,0,86,50,25.4,5.99,17.4,20.0,3,4.3,Moderate Debt
USR-05862,33,Male,Corporate 9-to-5,Intermediate,45,Streaming (Netflix/Hulu),73,0,122,37,30.2,7.58,18.2,15.7,2,1.4,Mild Deficit
USR-05863,18,Male,Corporate 9-to-5,Intermediate,47,YouTube,54,1,197,52,63.2,6.8,18.5,16.1,3,5.1,Mild Deficit
USR-05864,30,Male,Corporate 9-to-5,Night Owl,88,Streaming (Netflix/Hulu),41,1,0,3,39.1,3.72,19.0,18.7,5,7.6,Moderate Debt
USR-05865,41,Female,Corporate 9-to-5,Intermediate,59,News / Reading,93,1,0,63,22.0,5.61,23.8,19.5,3,4.0,Moderate Debt
USR-05866,30,Female,Remote Tech,Night Owl,79,News / Reading,96,1,62,46,41.4,3.88,22.7,18.9,4,8.1,Moderate Debt
USR-05867,41,Non-Binary,Student,Night Owl,56,TikTok / Reels,64,0,20,65,48.5,4.6,22.5,13.5,4,6.7,Moderate Debt
USR-05868,25,Male,Remote Tech,Intermediate,103,YouTube,44,0,167,34,70.9,5.9,16.2,17.3,4,7.8,Moderate Debt
USR-05869,45,Male,Healthcare / Shift Worker,Morning Lark,72,Instagram / Reddit,37,0,0,54,42.3,5.78,24.4,17.2,4,4.4,Moderate Debt
USR-05870,35,Male,Corporate 9-to-5,Intermediate,60,YouTube,70,1,30,64,37.5,6.11,20.9,21.0,3,3.8,Moderate Debt
USR-05871,24,Male,Remote Tech,Intermediate,67,TikTok / Reels,84,1,0,77,49.7,6.46,25.8,14.9,2,3.5,Moderate Debt
USR-05872,25,Male,Student,Night Owl,18,YouTube,60,0,0,72,12.9,5.21,26.5,19.0,2,4.4,Moderate Debt
USR-05873,37,Male,Student,Morning Lark,24,News / Reading,79,0,0,48,19.8,9.49,26.6,21.5,0,1.0,Optimal Recovery
USR-05874,46,Male,Student,Morning Lark,62,TikTok / Reels,53,0,0,40,44.4,7.59,18.3,16.4,1,1.6,Mild Deficit
USR-05875,30,Male,Student,Morning Lark,54,Messaging / Chat,46,1,163,16,47.7,7.71,18.2,15.3,2,3.0,Mild Deficit
USR-05876,26,Male,Student,Intermediate,97,TikTok / Reels,63,1,0,6,55.8,5.15,17.7,20.7,4,5.9,Moderate Debt
USR-05877,49,Male,Corporate 9-to-5,Night Owl,6,Instagram / Reddit,17,1,96,0,28.8,6.19,12.5,15.5,1,3.2,Moderate Debt
USR-05878,39,Male,Student,Morning Lark,52,YouTube,48,1,80,14,41.6,7.24,19.5,18.3,2,4.0,Mild Deficit
USR-05879,31,Female,Student,Morning Lark,20,YouTube,74,0,0,31,17.0,8.7,26.8,20.4,0,1.0,Optimal Recovery
USR-05880,32,Female,Freelance / Creative,Intermediate,60,Messaging / Chat,10,1,0,0,30.6,7.78,24.6,17.3,1,1.0,Optimal Recovery
USR-05881,24,Male,Student,Night Owl,65,News / Reading,32,0,0,12,38.1,5.4,21.4,21.1,3,4.7,Moderate Debt
USR-05882,37,Male,Student,Night Owl,78,YouTube,55,0,110,45,51.6,5.37,20.4,17.7,3,5.1,Moderate Debt
USR-05883,28,Female,Remote Tech,Night Owl,26,Instagram / Reddit,34,1,0,20,21.4,5.97,24.3,21.2,2,3.6,Moderate Debt
USR-05884,65,Female,Healthcare / Shift Worker,Morning Lark,16,Instagram / Reddit,48,0,0,46,18.9,6.72,22.8,22.1,2,1.1,Moderate Debt
USR-05885,32,Male,Freelance / Creative,Intermediate,73,TikTok / Reels,17,0,0,41,43.6,5.4,22.2,19.5,3,5.0,Moderate Debt
USR-05886,32,Male,Student,Night Owl,32,TikTok / Reels,70,1,123,41,34.1,5.13,22.2,14.0,2,5.6,Moderate Debt
USR-05887,35,Male,Student,Night Owl,30,Streaming (Netflix/Hulu),80,1,0,42,25.5,6.72,28.0,23.2,1,1.0,Moderate Debt
USR-05888,54,Male,Corporate 9-to-5,Intermediate,52,YouTube,27,1,20,41,29.9,7.13,24.1,20.1,2,1.0,Mild Deficit
USR-05889,45,Female,Student,Night Owl,21,YouTube,62,0,0,39,24.7,6.17,24.3,20.9,2,1.4,Moderate Debt
USR-05890,31,Female,Student,Night Owl,72,News / Reading,54,0,0,17,37.0,5.33,18.3,20.2,4,5.3,Moderate Debt
USR-05891,41,Female,Student,Intermediate,23,TikTok / Reels,67,1,0,36,27.0,7.2,22.3,19.8,2,1.1,Mild Deficit
USR-05892,35,Male,Corporate 9-to-5,Morning Lark,28,YouTube,87,0,0,61,25.9,8.1,22.1,23.3,0,1.0,Optimal Recovery
USR-05893,32,Female,Student,Intermediate,39,Messaging / Chat,35,0,0,40,31.8,7.44,23.5,20.2,2,2.4,Mild Deficit
USR-05894,24,Male,Corporate 9-to-5,Night Owl,25,YouTube,83,0,132,56,35.1,6.43,22.4,20.7,2,3.3,Moderate Debt
USR-05895,31,Female,Student,Intermediate,86,Streaming (Netflix/Hulu),92,1,82,65,58.2,6.91,21.7,20.6,1,3.6,Mild Deficit
USR-05896,25,Male,Corporate 9-to-5,Night Owl,81,TikTok / Reels,23,1,0,43,42.5,4.57,23.3,22.0,4,4.9,Moderate Debt
USR-05897,54,Male,Student,Intermediate,55,News / Reading,77,0,0,53,32.4,6.22,20.0,22.5,2,2.6,Moderate Debt
USR-05898,28,Female,Corporate 9-to-5,Morning Lark,32,TikTok / Reels,41,0,0,42,21.1,7.63,20.0,18.8,0,1.0,Mild Deficit
USR-05899,58,Male,Corporate 9-to-5,Morning Lark,27,YouTube,70,0,133,31,47.0,6.99,23.9,13.1,3,3.7,Mild Deficit
USR-05900,33,Female,Student,Night Owl,60,TikTok / Reels,42,1,38,48,37.6,6.2,22.7,18.3,3,3.7,Moderate Debt
USR-05901,37,Female,Corporate 9-to-5,Intermediate,27,Instagram / Reddit,47,0,36,44,28.3,6.84,22.0,13.3,2,2.4,Mild Deficit
USR-05902,34,Female,Student,Morning Lark,34,Messaging / Chat,45,1,0,46,31.1,9.19,24.1,20.1,0,1.0,Optimal Recovery
USR-05903,22,Female,Freelance / Creative,Night Owl,18,TikTok / Reels,38,0,67,2,23.5,7.1,18.3,19.0,3,1.0,Mild Deficit
USR-05904,29,Male,Freelance / Creative,Intermediate,52,TikTok / Reels,73,0,51,16,51.4,7.2,21.4,20.2,3,3.2,Mild Deficit
USR-05905,21,Male,Corporate 9-to-5,Night Owl,27,YouTube,67,0,153,9,37.2,4.75,13.2,15.3,3,9.0,Severe Sleep Debt
USR-05906,37,Female,Healthcare / Shift Worker,Intermediate,46,News / Reading,68,1,0,47,27.2,6.6,19.7,19.7,2,1.7,Moderate Debt
USR-05907,31,Female,Remote Tech,Morning Lark,30,TikTok / Reels,50,0,0,54,27.8,8.6,23.0,22.2,2,1.0,Optimal Recovery
USR-05908,43,Male,Freelance / Creative,Intermediate,83,Instagram / Reddit,52,0,0,49,45.0,7.01,23.5,19.9,4,3.0,Mild Deficit
USR-05909,25,Male,Healthcare / Shift Worker,Night Owl,62,Instagram / Reddit,65,0,0,27,38.5,3.2,21.7,20.6,5,8.2,Moderate Debt
USR-05910,23,Female,Corporate 9-to-5,Morning Lark,20,Streaming (Netflix/Hulu),42,0,0,53,26.9,8.48,28.0,23.2,0,1.0,Optimal Recovery
USR-05911,29,Male,Remote Tech,Night Owl,88,Instagram / Reddit,48,0,250,21,67.7,4.21,17.8,16.1,6,10.0,Severe Sleep Debt
USR-05912,55,Male,Corporate 9-to-5,Morning Lark,41,TikTok / Reels,76,1,39,40,26.5,8.09,25.4,16.5,2,1.0,Optimal Recovery
USR-05913,40,Male,Healthcare / Shift Worker,Intermediate,90,Instagram / Reddit,65,0,58,48,61.0,4.97,18.9,17.2,5,7.3,Moderate Debt
USR-05914,30,Female,Remote Tech,Intermediate,56,TikTok / Reels,81,0,107,39,57.2,5.39,19.2,14.9,4,6.2,Moderate Debt
USR-05915,33,Male,Student,Night Owl,41,Streaming (Netflix/Hulu),10,0,0,50,24.6,5.36,23.1,26.0,0,2.5,Moderate Debt
USR-05916,20,Male,Student,Intermediate,16,TikTok / Reels,87,1,0,32,26.9,7.51,22.2,20.0,1,1.0,Mild Deficit
USR-05917,62,Male,Freelance / Creative,Intermediate,19,TikTok / Reels,76,0,0,51,32.8,7.54,24.3,20.9,1,1.1,Mild Deficit
USR-05918,38,Male,Freelance / Creative,Night Owl,102,YouTube,77,1,0,18,50.0,3.8,18.5,19.0,5,9.0,Severe Sleep Debt
USR-05919,26,Male,Remote Tech,Morning Lark,28,Messaging / Chat,25,1,137,18,33.5,7.53,21.7,17.1,1,1.2,Mild Deficit
USR-05920,35,Female,Student,Morning Lark,86,Streaming (Netflix/Hulu),47,1,0,36,53.0,7.03,22.3,24.0,3,1.8,Mild Deficit
USR-05921,21,Male,Healthcare / Shift Worker,Morning Lark,91,TikTok / Reels,49,1,0,7,55.3,5.94,19.2,17.0,4,5.5,Moderate Debt
USR-05922,60,Male,Healthcare / Shift Worker,Intermediate,70,YouTube,61,1,62,68,51.4,4.67,21.3,17.3,4,6.5,Moderate Debt
USR-05923,23,Male,Corporate 9-to-5,Intermediate,17,TikTok / Reels,93,1,118,40,38.7,7.34,20.6,16.7,1,2.7,Mild Deficit
USR-05924,38,Female,Corporate 9-to-5,Night Owl,32,YouTube,62,1,69,47,28.8,6.3,23.5,16.6,3,2.8,Moderate Debt
USR-05925,25,Female,Corporate 9-to-5,Intermediate,135,Instagram / Reddit,81,0,0,29,73.7,4.69,18.2,17.9,6,9.6,Severe Sleep Debt
USR-05926,41,Male,Remote Tech,Morning Lark,117,Streaming (Netflix/Hulu),85,0,62,46,65.4,6.21,19.6,19.9,4,5.9,Moderate Debt
USR-05927,43,Male,Corporate 9-to-5,Night Owl,25,Messaging / Chat,71,0,0,50,26.2,6.69,24.5,19.1,4,2.9,Moderate Debt
USR-05928,39,Female,Remote Tech,Intermediate,40,News / Reading,62,1,0,34,29.1,7.07,25.1,22.9,2,1.0,Mild Deficit
USR-05929,36,Male,Student,Night Owl,84,YouTube,82,1,0,23,44.4,4.42,23.6,18.6,5,6.2,Moderate Debt
USR-05930,52,Female,Remote Tech,Intermediate,14,Messaging / Chat,26,1,0,10,14.5,7.73,19.4,23.9,2,1.0,Mild Deficit
USR-05931,20,Non-Binary,Student,Morning Lark,82,Instagram / Reddit,70,1,32,58,52.1,7.03,19.7,25.4,3,3.6,Mild Deficit
USR-05932,27,Male,Corporate 9-to-5,Intermediate,56,YouTube,88,0,152,1,42.2,6.97,19.1,18.8,3,4.4,Mild Deficit
USR-05933,25,Female,Healthcare / Shift Worker,Morning Lark,180,Messaging / Chat,60,1,27,28,83.5,3.87,20.1,22.9,6,10.0,Severe Sleep Debt
USR-05934,63,Male,Freelance / Creative,Morning Lark,94,News / Reading,69,0,53,13,52.3,7.41,24.0,15.9,2,2.2,Mild Deficit
USR-05935,29,Male,Student,Intermediate,13,Streaming (Netflix/Hulu),78,1,80,27,37.5,7.31,21.0,16.6,2,2.0,Mild Deficit
USR-05936,41,Female,Healthcare / Shift Worker,Morning Lark,76,YouTube,50,0,20,33,51.4,5.0,23.5,22.4,3,5.6,Moderate Debt
USR-05937,39,Male,Corporate 9-to-5,Morning Lark,108,YouTube,100,0,235,35,83.7,6.34,15.5,15.7,4,6.8,Moderate Debt
USR-05938,24,Female,Healthcare / Shift Worker,Intermediate,65,Messaging / Chat,33,0,130,37,45.1,5.63,20.7,17.0,3,5.9,Moderate Debt
USR-05939,25,Male,Corporate 9-to-5,Intermediate,63,YouTube,20,0,0,17,25.2,7.25,19.9,20.2,2,1.0,Mild Deficit
USR-05940,26,Female,Remote Tech,Intermediate,63,Instagram / Reddit,71,1,0,50,40.9,6.62,22.1,17.5,3,3.6,Moderate Debt
USR-05941,29,Female,Corporate 9-to-5,Morning Lark,92,Instagram / Reddit,45,1,113,9,55.8,6.64,19.7,18.0,3,5.3,Moderate Debt
USR-05942,25,Female,Remote Tech,Intermediate,61,Instagram / Reddit,61,0,0,18,45.7,6.55,20.5,24.4,3,3.3,Moderate Debt
USR-05943,18,Female,Corporate 9-to-5,Night Owl,51,TikTok / Reels,63,1,20,33,44.1,4.98,22.5,20.7,4,6.5,Moderate Debt
USR-05944,50,Male,Student,Intermediate,64,Instagram / Reddit,66,1,29,84,43.3,6.2,26.9,23.1,2,3.2,Moderate Debt
USR-05945,60,Female,Remote Tech,Intermediate,16,Messaging / Chat,31,1,0,46,27.0,7.68,24.5,21.4,1,1.0,Mild Deficit
USR-05946,28,Female,Healthcare / Shift Worker,Morning Lark,51,YouTube,42,0,20,0,29.8,7.64,18.2,16.2,1,1.0,Mild Deficit
USR-05947,28,Male,Student,Intermediate,37,Instagram / Reddit,80,0,0,43,26.8,8.04,20.4,16.2,1,1.0,Optimal Recovery
USR-05948,18,Female,Corporate 9-to-5,Night Owl,94,Instagram / Reddit,46,0,70,33,68.3,4.48,22.1,12.5,5,8.3,Moderate Debt
USR-05949,39,Male,Corporate 9-to-5,Intermediate,27,TikTok / Reels,54,0,0,26,38.7,7.67,20.9,23.3,2,1.0,Mild Deficit
USR-05950,46,Male,Healthcare / Shift Worker,Morning Lark,50,TikTok / Reels,45,0,0,23,33.4,5.45,22.6,18.0,4,4.1,Moderate Debt
USR-05951,22,Male,Remote Tech,Morning Lark,29,Instagram / Reddit,66,1,0,39,26.8,7.53,21.3,22.0,1,1.0,Mild Deficit
USR-05952,23,Female,Remote Tech,Night Owl,62,TikTok / Reels,48,0,110,30,58.2,4.1,19.5,15.3,6,8.6,Severe Sleep Debt
USR-05953,44,Female,Student,Night Owl,130,YouTube,89,1,83,49,84.0,3.62,18.5,19.1,6,10.0,Severe Sleep Debt
USR-05954,36,Non-Binary,Corporate 9-to-5,Intermediate,77,News / Reading,40,0,0,6,26.2,6.58,22.4,21.3,2,2.0,Moderate Debt
USR-05955,19,Female,Corporate 9-to-5,Intermediate,77,YouTube,27,0,0,8,41.3,5.49,22.8,20.0,2,2.1,Moderate Debt
USR-05956,37,Female,Remote Tech,Night Owl,22,News / Reading,32,1,69,39,14.6,6.66,19.9,18.1,1,1.5,Moderate Debt
USR-05957,27,Female,Corporate 9-to-5,Morning Lark,62,TikTok / Reels,79,0,36,41,72.8,8.06,22.5,14.2,2,2.0,Optimal Recovery
USR-05958,28,Female,Corporate 9-to-5,Intermediate,34,Instagram / Reddit,32,0,50,54,42.8,7.26,25.4,19.2,1,1.3,Mild Deficit
USR-05959,43,Male,Corporate 9-to-5,Night Owl,45,YouTube,29,0,32,16,34.0,4.18,24.1,19.0,5,6.7,Moderate Debt
USR-05960,45,Male,Corporate 9-to-5,Intermediate,40,TikTok / Reels,71,1,0,16,29.2,7.18,22.9,17.6,3,1.2,Mild Deficit
USR-05961,29,Male,Corporate 9-to-5,Morning Lark,28,News / Reading,92,0,0,3,34.9,9.28,23.1,18.5,1,1.0,Optimal Recovery
USR-05962,57,Male,Freelance / Creative,Morning Lark,57,TikTok / Reels,99,0,0,37,49.8,7.02,22.2,17.4,1,1.7,Mild Deficit
USR-05963,29,Female,Remote Tech,Night Owl,63,TikTok / Reels,53,1,0,10,51.9,4.7,22.3,21.9,5,6.3,Moderate Debt
USR-05964,43,Female,Healthcare / Shift Worker,Intermediate,86,Messaging / Chat,10,0,30,48,40.0,5.65,17.7,18.2,3,4.6,Moderate Debt
USR-05965,32,Non-Binary,Corporate 9-to-5,Night Owl,99,Messaging / Chat,52,0,0,57,49.3,3.98,20.6,24.3,5,8.1,Moderate Debt
USR-05966,52,Female,Corporate 9-to-5,Intermediate,73,News / Reading,80,0,0,68,35.4,7.55,20.8,14.8,0,1.0,Mild Deficit
USR-05967,53,Female,Healthcare / Shift Worker,Night Owl,22,TikTok / Reels,35,1,48,11,23.1,4.45,19.2,15.3,4,5.5,Moderate Debt
USR-05968,21,Male,Student,Night Owl,34,TikTok / Reels,45,1,0,49,34.8,5.56,21.3,20.9,3,3.4,Moderate Debt
USR-05969,56,Male,Corporate 9-to-5,Intermediate,52,Instagram / Reddit,62,0,0,83,41.7,5.64,24.9,19.5,4,5.3,Moderate Debt
USR-05970,46,Female,Remote Tech,Intermediate,95,Streaming (Netflix/Hulu),80,1,49,27,40.4,5.46,18.7,16.7,3,4.9,Moderate Debt
USR-05971,44,Male,Remote Tech,Intermediate,65,TikTok / Reels,37,0,0,46,44.9,6.74,24.3,20.3,3,2.7,Moderate Debt
USR-05972,24,Non-Binary,Healthcare / Shift Worker,Intermediate,89,TikTok / Reels,78,0,0,22,53.9,4.89,17.2,19.7,5,6.5,Moderate Debt
USR-05973,45,Female,Corporate 9-to-5,Intermediate,110,Streaming (Netflix/Hulu),70,0,0,14,54.5,5.54,17.9,20.6,3,6.0,Moderate Debt
USR-05974,48,Male,Remote Tech,Night Owl,105,Streaming (Netflix/Hulu),51,1,115,28,50.4,5.0,20.2,15.2,5,7.5,Moderate Debt
USR-05975,26,Female,Student,Morning Lark,29,TikTok / Reels,72,1,36,36,30.1,8.59,23.4,17.3,0,1.0,Optimal Recovery
USR-05976,58,Male,Freelance / Creative,Intermediate,24,News / Reading,76,0,0,40,16.6,7.08,20.8,17.7,2,1.9,Mild Deficit
USR-05977,19,Male,Healthcare / Shift Worker,Intermediate,72,TikTok / Reels,89,0,0,43,58.9,3.41,16.2,17.2,4,8.5,Moderate Debt
USR-05978,22,Non-Binary,Corporate 9-to-5,Morning Lark,92,Streaming (Netflix/Hulu),86,0,23,59,56.9,7.43,17.9,20.5,4,3.9,Mild Deficit
USR-05979,34,Female,Student,Intermediate,18,News / Reading,33,1,0,37,15.0,8.02,28.0,25.8,1,1.0,Optimal Recovery
USR-05980,35,Female,Student,Night Owl,47,Instagram / Reddit,66,0,0,16,48.3,5.2,19.0,19.6,4,5.5,Moderate Debt
USR-05981,38,Female,Student,Intermediate,90,Instagram / Reddit,55,0,51,37,56.0,6.45,20.2,19.4,3,4.4,Moderate Debt
USR-05982,18,Male,Healthcare / Shift Worker,Night Owl,27,TikTok / Reels,64,0,0,15,27.2,4.07,24.6,15.6,3,5.5,Moderate Debt
USR-05983,59,Female,Freelance / Creative,Night Owl,58,Messaging / Chat,57,0,0,95,40.3,5.07,25.9,20.6,3,5.2,Moderate Debt
USR-05984,19,Female,Corporate 9-to-5,Night Owl,66,TikTok / Reels,59,1,129,12,60.3,4.37,22.7,19.2,5,8.3,Moderate Debt
USR-05985,22,Female,Corporate 9-to-5,Intermediate,15,Instagram / Reddit,56,0,61,64,26.0,6.57,22.8,16.0,2,1.8,Moderate Debt
USR-05986,18,Female,Healthcare / Shift Worker,Morning Lark,81,YouTube,44,0,0,47,37.4,6.93,25.0,19.2,2,1.5,Mild Deficit
USR-05987,35,Female,Corporate 9-to-5,Intermediate,89,YouTube,61,1,0,31,53.4,6.46,17.7,23.5,4,3.9,Moderate Debt
USR-05988,55,Male,Corporate 9-to-5,Intermediate,55,News / Reading,75,0,0,68,26.0,5.84,20.8,18.1,3,4.3,Moderate Debt
USR-05989,38,Female,Remote Tech,Night Owl,14,Messaging / Chat,52,1,0,24,19.2,6.22,22.7,21.2,0,1.5,Moderate Debt
USR-05990,46,Female,Healthcare / Shift Worker,Intermediate,37,TikTok / Reels,46,0,94,18,47.3,5.34,26.7,16.6,4,5.7,Moderate Debt
USR-05991,18,Male,Corporate 9-to-5,Morning Lark,95,YouTube,60,0,95,20,63.8,6.35,16.7,16.3,3,6.3,Moderate Debt
USR-05992,34,Male,Student,Intermediate,30,YouTube,64,1,0,59,16.9,7.09,28.0,20.3,1,1.0,Mild Deficit
USR-05993,31,Female,Corporate 9-to-5,Intermediate,105,Messaging / Chat,42,0,0,35,51.2,4.67,23.6,21.1,3,6.0,Moderate Debt
USR-05994,32,Female,Corporate 9-to-5,Morning Lark,48,YouTube,48,1,147,67,54.9,7.74,21.4,16.7,2,2.8,Mild Deficit
USR-05995,20,Male,Remote Tech,Morning Lark,82,News / Reading,34,1,21,38,34.7,7.79,22.5,24.2,2,1.3,Optimal Recovery
USR-05996,39,Female,Corporate 9-to-5,Night Owl,25,YouTube,63,1,183,71,37.2,6.51,25.7,14.2,3,3.0,Moderate Debt
USR-05997,32,Male,Healthcare / Shift Worker,Intermediate,130,YouTube,50,0,106,31,67.4,3.98,15.6,15.3,7,10.0,Severe Sleep Debt
USR-05998,43,Female,Healthcare / Shift Worker,Morning Lark,34,Streaming (Netflix/Hulu),84,0,87,52,43.4,6.25,23.7,20.0,4,4.3,Moderate Debt
USR-05999,32,Female,Student,Intermediate,45,TikTok / Reels,67,1,20,23,38.8,7.74,19.6,19.1,1,1.0,Mild Deficit
USR-06000,22,Female,Corporate 9-to-5,Intermediate,43,Streaming (Netflix/Hulu),70,0,75,21,35.8,6.78,18.3,18.4,3,4.7,Mild Deficit
USR-06001,38,Male,Remote Tech,Morning Lark,7,TikTok / Reels,59,1,0,50,27.6,9.05,26.5,18.9,1,1.0,Optimal Recovery
USR-06002,23,Male,Corporate 9-to-5,Night Owl,47,News / Reading,74,0,250,47,29.8,6.4,16.2,19.5,2,5.0,Moderate Debt
USR-06003,50,Female,Corporate 9-to-5,Intermediate,29,Messaging / Chat,24,1,0,44,13.8,7.5,24.3,20.6,1,1.0,Mild Deficit
USR-06004,36,Male,Remote Tech,Morning Lark,56,Messaging / Chat,56,1,0,23,28.3,7.62,18.1,21.9,1,1.0,Mild Deficit
USR-06005,23,Female,Student,Night Owl,64,YouTube,50,1,25,50,53.4,4.08,22.4,16.3,4,8.0,Moderate Debt
USR-06006,59,Female,Corporate 9-to-5,Night Owl,30,Instagram / Reddit,79,1,0,35,37.9,5.37,23.5,25.8,2,3.6,Moderate Debt
USR-06007,33,Male,Corporate 9-to-5,Intermediate,31,Instagram / Reddit,31,0,46,25,36.6,7.79,25.8,14.7,2,1.0,Optimal Recovery
USR-06008,20,Female,Freelance / Creative,Intermediate,33,News / Reading,61,0,39,42,22.3,7.27,19.4,21.9,0,1.0,Mild Deficit
USR-06009,37,Male,Remote Tech,Night Owl,58,TikTok / Reels,82,1,0,29,40.8,5.77,25.5,17.0,3,4.0,Moderate Debt
USR-06010,25,Male,Freelance / Creative,Intermediate,42,YouTube,54,0,0,46,33.0,7.54,22.1,21.7,0,1.2,Mild Deficit
USR-06011,45,Male,Freelance / Creative,Intermediate,31,News / Reading,54,1,0,14,31.3,8.03,22.6,18.9,1,1.0,Optimal Recovery
USR-06012,46,Male,Remote Tech,Intermediate,40,YouTube,62,0,20,27,26.1,6.65,19.7,17.2,2,2.4,Moderate Debt
USR-06013,62,Female,Corporate 9-to-5,Intermediate,94,YouTube,52,0,250,44,64.3,5.82,13.3,13.4,4,7.1,Moderate Debt
USR-06014,32,Female,Healthcare / Shift Worker,Intermediate,56,Streaming (Netflix/Hulu),65,0,26,5,45.3,6.58,23.6,21.7,2,2.7,Moderate Debt
USR-06015,31,Female,Corporate 9-to-5,Intermediate,38,News / Reading,79,1,0,38,37.8,6.96,22.6,22.2,1,1.0,Mild Deficit
USR-06016,42,Female,Corporate 9-to-5,Morning Lark,108,YouTube,63,0,77,4,65.5,5.07,20.0,19.9,5,6.9,Moderate Debt
USR-06017,22,Female,Healthcare / Shift Worker,Night Owl,69,Messaging / Chat,56,1,0,47,38.5,3.62,21.3,17.9,4,6.7,Moderate Debt
USR-06018,34,Female,Remote Tech,Morning Lark,16,YouTube,72,1,0,48,12.2,9.36,28.0,21.2,0,1.0,Optimal Recovery
USR-06019,34,Male,Corporate 9-to-5,Intermediate,80,Messaging / Chat,87,0,43,0,50.6,5.66,19.2,21.6,2,5.6,Moderate Debt
USR-06020,21,Female,Student,Intermediate,136,TikTok / Reels,44,0,0,28,80.6,4.98,17.1,14.2,6,8.8,Severe Sleep Debt
USR-06021,30,Male,Student,Night Owl,83,TikTok / Reels,94,1,0,16,58.4,4.3,22.5,18.3,6,8.7,Severe Sleep Debt
USR-06022,48,Male,Corporate 9-to-5,Intermediate,35,Messaging / Chat,45,1,0,56,35.3,7.79,23.9,21.9,1,1.4,Optimal Recovery
USR-06023,48,Male,Corporate 9-to-5,Night Owl,49,Instagram / Reddit,64,1,167,0,47.2,5.09,16.4,18.7,4,6.1,Moderate Debt
USR-06024,21,Female,Corporate 9-to-5,Morning Lark,14,YouTube,63,1,81,0,30.0,7.44,15.6,25.5,2,1.0,Mild Deficit
USR-06025,21,Female,Remote Tech,Intermediate,77,YouTube,64,1,0,63,49.1,7.27,21.0,20.6,4,2.5,Mild Deficit
USR-06026,26,Female,Student,Night Owl,45,Instagram / Reddit,24,1,20,43,34.9,5.75,26.4,17.7,2,3.1,Moderate Debt
USR-06027,50,Female,Student,Night Owl,33,YouTube,32,0,0,55,26.4,5.44,23.6,19.6,3,4.0,Moderate Debt
USR-06028,22,Female,Student,Intermediate,46,TikTok / Reels,48,0,20,42,34.4,6.33,22.7,16.3,3,3.1,Moderate Debt
USR-06029,41,Male,Corporate 9-to-5,Intermediate,16,Instagram / Reddit,43,0,0,64,18.7,7.14,20.1,21.1,1,1.0,Mild Deficit
USR-06030,21,Female,Corporate 9-to-5,Morning Lark,17,TikTok / Reels,67,0,38,2,31.4,8.11,21.5,17.8,2,1.0,Optimal Recovery
USR-06031,37,Male,Corporate 9-to-5,Intermediate,22,Streaming (Netflix/Hulu),80,1,33,3,15.7,7.49,18.8,19.1,1,1.0,Mild Deficit
USR-06032,28,Non-Binary,Corporate 9-to-5,Intermediate,8,Streaming (Netflix/Hulu),15,1,0,46,25.4,7.61,28.0,21.8,2,1.0,Mild Deficit
USR-06033,44,Female,Corporate 9-to-5,Morning Lark,36,Streaming (Netflix/Hulu),33,1,102,25,28.6,8.25,23.0,17.7,0,1.0,Optimal Recovery
USR-06034,25,Female,Remote Tech,Night Owl,26,YouTube,45,0,0,44,31.2,6.2,22.7,19.2,2,1.5,Moderate Debt
USR-06035,37,Male,Corporate 9-to-5,Night Owl,96,Instagram / Reddit,34,0,0,44,46.2,4.9,25.2,20.8,4,4.3,Moderate Debt
USR-06036,25,Female,Student,Morning Lark,24,TikTok / Reels,49,0,0,67,28.6,8.01,25.2,19.8,1,1.0,Optimal Recovery
USR-06037,40,Male,Healthcare / Shift Worker,Intermediate,73,News / Reading,39,0,0,48,30.8,5.34,20.8,21.7,3,4.9,Moderate Debt
USR-06038,50,Female,Remote Tech,Night Owl,30,Instagram / Reddit,66,0,0,34,23.8,4.71,21.5,22.0,3,5.7,Moderate Debt
USR-06039,22,Male,Corporate 9-to-5,Morning Lark,57,TikTok / Reels,100,0,26,53,39.9,7.6,22.8,16.3,2,2.6,Mild Deficit
USR-06040,49,Female,Healthcare / Shift Worker,Intermediate,111,YouTube,39,0,104,14,59.7,4.73,16.5,19.8,5,8.1,Moderate Debt
USR-06041,36,Female,Freelance / Creative,Intermediate,22,Streaming (Netflix/Hulu),81,0,0,0,18.1,7.2,20.7,26.0,1,1.0,Mild Deficit
USR-06042,22,Male,Corporate 9-to-5,Morning Lark,121,YouTube,100,0,0,35,73.8,6.74,12.9,19.9,5,6.1,Moderate Debt
USR-06043,30,Female,Student,Intermediate,80,YouTube,43,1,0,83,40.2,6.3,24.1,19.4,2,1.5,Moderate Debt
USR-06044,23,Female,Healthcare / Shift Worker,Night Owl,64,YouTube,99,0,109,50,56.5,3.56,16.3,19.8,6,10.0,Severe Sleep Debt
USR-06045,40,Female,Remote Tech,Intermediate,56,Streaming (Netflix/Hulu),38,1,73,3,39.3,7.68,24.0,18.5,1,1.0,Mild Deficit
USR-06046,43,Female,Corporate 9-to-5,Intermediate,49,YouTube,81,0,0,37,31.5,6.05,19.7,17.5,0,1.2,Moderate Debt
USR-06047,21,Male,Remote Tech,Intermediate,91,YouTube,40,1,135,85,52.1,6.98,23.7,11.3,3,3.5,Mild Deficit
USR-06048,32,Male,Remote Tech,Night Owl,49,YouTube,19,0,107,33,39.7,5.14,19.5,14.9,4,5.4,Moderate Debt
USR-06049,45,Male,Remote Tech,Night Owl,43,TikTok / Reels,77,1,0,30,35.0,5.08,25.9,17.6,4,4.1,Moderate Debt
USR-06050,56,Male,Freelance / Creative,Morning Lark,75,YouTube,66,1,183,12,51.2,6.38,13.5,14.3,4,5.5,Moderate Debt
USR-06051,33,Female,Student,Night Owl,29,Streaming (Netflix/Hulu),54,1,82,30,30.9,6.33,21.0,21.4,3,3.4,Moderate Debt
USR-06052,58,Female,Corporate 9-to-5,Morning Lark,142,YouTube,23,0,0,5,59.4,7.0,18.6,20.2,3,4.5,Mild Deficit
USR-06053,33,Male,Remote Tech,Morning Lark,63,Streaming (Netflix/Hulu),82,0,45,24,35.6,7.35,22.2,17.8,2,1.1,Mild Deficit
USR-06054,29,Male,Student,Intermediate,45,Instagram / Reddit,77,0,28,81,46.1,6.86,23.2,17.9,4,2.3,Mild Deficit
USR-06055,48,Female,Corporate 9-to-5,Intermediate,44,Instagram / Reddit,19,1,100,6,35.2,7.02,22.1,18.4,2,1.8,Mild Deficit
USR-06056,32,Female,Remote Tech,Intermediate,41,News / Reading,60,1,0,46,23.5,7.2,16.1,18.2,2,1.5,Mild Deficit
USR-06057,31,Female,Freelance / Creative,Intermediate,69,Messaging / Chat,67,0,0,79,51.4,5.19,21.1,19.7,5,6.2,Moderate Debt
USR-06058,32,Male,Remote Tech,Morning Lark,57,Instagram / Reddit,33,1,32,43,41.9,7.55,26.7,15.4,2,1.0,Mild Deficit
USR-06059,48,Male,Corporate 9-to-5,Intermediate,48,Instagram / Reddit,76,0,41,61,43.7,6.81,26.5,24.3,3,2.5,Mild Deficit
USR-06060,47,Female,Corporate 9-to-5,Intermediate,103,YouTube,100,0,0,18,63.1,5.08,14.7,21.1,5,7.5,Moderate Debt
USR-06061,29,Male,Remote Tech,Intermediate,114,Messaging / Chat,77,0,0,16,65.2,5.77,19.1,19.8,3,5.7,Moderate Debt
USR-06062,28,Female,Remote Tech,Morning Lark,23,Streaming (Netflix/Hulu),91,1,0,37,22.5,7.61,24.3,20.4,3,1.6,Mild Deficit
USR-06063,32,Female,Corporate 9-to-5,Morning Lark,44,Streaming (Netflix/Hulu),74,0,92,18,33.8,7.51,15.0,19.8,1,1.5,Mild Deficit
USR-06064,35,Male,Student,Night Owl,38,TikTok / Reels,33,1,0,22,40.3,6.18,19.8,22.1,4,3.3,Moderate Debt
USR-06065,25,Female,Corporate 9-to-5,Night Owl,35,Instagram / Reddit,72,0,134,42,37.8,6.42,16.3,14.3,2,4.4,Moderate Debt
USR-06066,44,Female,Corporate 9-to-5,Morning Lark,38,YouTube,29,0,120,65,30.5,9.01,23.4,20.7,0,1.0,Optimal Recovery
USR-06067,32,Non-Binary,Remote Tech,Morning Lark,24,YouTube,45,0,20,32,13.3,8.59,25.2,21.1,0,1.0,Optimal Recovery
USR-06068,28,Male,Corporate 9-to-5,Intermediate,81,Instagram / Reddit,50,1,0,51,54.8,5.76,22.2,18.1,4,4.8,Moderate Debt
USR-06069,21,Male,Healthcare / Shift Worker,Night Owl,44,Messaging / Chat,48,0,0,77,26.2,3.99,28.0,20.9,5,6.3,Moderate Debt
USR-06070,25,Female,Corporate 9-to-5,Intermediate,54,TikTok / Reels,39,0,110,0,52.6,7.37,17.4,15.4,2,2.7,Mild Deficit
USR-06071,57,Female,Student,Night Owl,82,TikTok / Reels,50,0,0,46,44.8,3.35,23.8,18.3,6,8.7,Severe Sleep Debt
USR-06072,27,Male,Remote Tech,Intermediate,24,TikTok / Reels,53,1,45,0,21.6,8.55,21.6,17.7,0,1.0,Optimal Recovery
USR-06073,23,Male,Remote Tech,Night Owl,57,Messaging / Chat,81,0,20,23,56.2,5.18,18.9,23.8,5,8.1,Moderate Debt
USR-06074,31,Male,Student,Morning Lark,19,Streaming (Netflix/Hulu),64,1,0,60,13.1,7.64,24.5,20.3,1,1.0,Mild Deficit
USR-06075,27,Female,Remote Tech,Night Owl,19,Instagram / Reddit,75,1,0,65,16.1,6.09,20.6,20.1,3,2.9,Moderate Debt
USR-06076,19,Female,Student,Intermediate,50,YouTube,50,1,0,21,42.9,7.41,24.0,22.6,1,2.2,Mild Deficit
USR-06077,27,Non-Binary,Remote Tech,Night Owl,48,YouTube,74,0,39,17,31.9,5.0,17.3,18.7,5,6.1,Moderate Debt
USR-06078,34,Male,Remote Tech,Intermediate,24,YouTube,16,1,53,39,20.9,7.37,28.0,24.3,0,1.0,Mild Deficit
USR-06079,34,Female,Student,Intermediate,96,TikTok / Reels,29,1,0,78,49.4,4.21,28.0,19.1,3,6.2,Moderate Debt
USR-06080,28,Female,Student,Night Owl,9,Instagram / Reddit,75,0,0,46,28.0,5.7,19.0,20.5,3,4.3,Moderate Debt
USR-06081,31,Female,Student,Night Owl,23,Instagram / Reddit,43,0,0,62,19.4,5.27,22.9,18.3,3,2.2,Moderate Debt
USR-06082,60,Female,Healthcare / Shift Worker,Intermediate,38,YouTube,57,0,84,44,29.7,5.24,22.8,17.4,4,4.7,Moderate Debt
USR-06083,29,Female,Freelance / Creative,Intermediate,32,Instagram / Reddit,10,0,22,0,22.6,7.1,20.5,21.1,2,1.2,Mild Deficit
USR-06084,26,Female,Remote Tech,Night Owl,22,TikTok / Reels,47,0,70,51,29.1,6.44,21.8,19.7,1,1.5,Moderate Debt
USR-06085,25,Male,Remote Tech,Night Owl,160,YouTube,30,1,0,21,61.9,3.54,22.7,15.0,6,9.5,Severe Sleep Debt
USR-06086,31,Female,Corporate 9-to-5,Morning Lark,84,YouTube,41,1,98,29,46.4,7.87,20.4,17.5,1,1.6,Optimal Recovery
USR-06087,43,Non-Binary,Remote Tech,Intermediate,43,Streaming (Netflix/Hulu),57,1,0,1,26.0,7.79,24.6,18.6,1,1.0,Optimal Recovery
USR-06088,24,Female,Remote Tech,Night Owl,102,TikTok / Reels,57,1,46,19,62.4,4.36,18.9,17.0,5,7.8,Moderate Debt
USR-06089,40,Male,Healthcare / Shift Worker,Intermediate,93,Instagram / Reddit,50,1,0,32,46.2,4.95,24.5,18.9,4,5.9,Moderate Debt
USR-06090,18,Female,Remote Tech,Night Owl,32,Instagram / Reddit,73,1,47,4,30.9,6.18,17.1,15.7,3,3.6,Moderate Debt
USR-06091,30,Male,Student,Night Owl,45,Streaming (Netflix/Hulu),46,0,0,0,22.0,6.47,20.3,21.0,3,2.2,Moderate Debt
USR-06092,43,Non-Binary,Corporate 9-to-5,Night Owl,50,YouTube,50,0,0,58,33.3,5.83,23.3,18.9,4,4.1,Moderate Debt
USR-06093,28,Male,Remote Tech,Night Owl,82,TikTok / Reels,31,0,33,27,42.7,4.52,22.4,18.5,5,7.0,Moderate Debt
USR-06094,34,Male,Freelance / Creative,Night Owl,67,News / Reading,79,0,161,32,41.7,4.5,21.5,16.7,4,7.5,Moderate Debt
USR-06095,24,Female,Corporate 9-to-5,Night Owl,45,TikTok / Reels,39,0,27,36,25.5,5.12,19.3,22.7,2,3.9,Moderate Debt
USR-06096,42,Male,Corporate 9-to-5,Night Owl,33,Streaming (Netflix/Hulu),27,1,0,16,25.0,6.64,16.5,20.1,1,1.9,Moderate Debt
USR-06097,19,Male,Remote Tech,Morning Lark,48,Messaging / Chat,31,1,81,72,29.9,7.01,21.5,19.4,2,2.4,Mild Deficit
USR-06098,48,Non-Binary,Student,Morning Lark,21,YouTube,59,1,71,55,29.0,8.54,23.2,19.2,1,1.0,Optimal Recovery
USR-06099,24,Female,Remote Tech,Intermediate,27,TikTok / Reels,53,1,0,59,26.1,7.4,23.9,18.7,1,1.0,Mild Deficit
USR-06100,50,Non-Binary,Remote Tech,Night Owl,42,YouTube,51,0,0,54,30.8,6.61,20.6,20.9,2,2.4,Moderate Debt
USR-06101,28,Female,Student,Intermediate,46,TikTok / Reels,75,0,0,59,45.1,6.56,25.6,19.6,3,2.7,Moderate Debt
USR-06102,41,Female,Corporate 9-to-5,Morning Lark,133,Instagram / Reddit,35,0,0,57,63.1,5.44,23.3,16.5,3,5.2,Moderate Debt
USR-06103,27,Female,Student,Intermediate,27,YouTube,65,0,59,33,26.4,5.88,17.9,18.9,3,3.9,Moderate Debt
USR-06104,53,Female,Corporate 9-to-5,Night Owl,11,Streaming (Netflix/Hulu),57,0,0,25,12.9,6.33,25.5,24.0,2,1.0,Moderate Debt
USR-06105,22,Male,Remote Tech,Night Owl,35,Messaging / Chat,63,1,0,12,21.6,5.73,22.9,24.2,3,2.0,Moderate Debt
USR-06106,23,Male,Student,Night Owl,31,YouTube,57,0,0,21,25.7,4.8,19.4,18.5,4,6.3,Moderate Debt
USR-06107,32,Male,Healthcare / Shift Worker,Intermediate,41,Streaming (Netflix/Hulu),40,0,52,55,29.4,5.97,21.6,22.4,3,3.7,Moderate Debt
USR-06108,20,Male,Healthcare / Shift Worker,Intermediate,37,TikTok / Reels,10,0,0,13,32.6,6.35,21.9,20.2,2,2.4,Moderate Debt
USR-06109,24,Male,Student,Intermediate,46,TikTok / Reels,71,1,0,53,40.8,5.44,22.3,17.3,4,6.3,Moderate Debt
USR-06110,57,Male,Remote Tech,Intermediate,82,TikTok / Reels,55,0,81,38,56.6,5.93,21.2,17.7,3,5.9,Moderate Debt
USR-06111,61,Female,Corporate 9-to-5,Intermediate,55,Streaming (Netflix/Hulu),57,1,50,36,53.0,6.55,21.0,16.9,3,4.5,Moderate Debt
USR-06112,29,Male,Corporate 9-to-5,Intermediate,31,Messaging / Chat,54,0,0,31,25.8,6.4,23.8,19.8,3,2.8,Moderate Debt
USR-06113,55,Male,Healthcare / Shift Worker,Morning Lark,11,Messaging / Chat,25,1,36,0,10.1,7.97,23.8,22.0,0,1.0,Optimal Recovery
USR-06114,34,Male,Healthcare / Shift Worker,Intermediate,68,YouTube,60,1,116,16,58.6,5.85,17.6,16.1,5,6.3,Moderate Debt
USR-06115,26,Male,Freelance / Creative,Morning Lark,84,TikTok / Reels,56,0,0,30,57.2,5.51,25.3,13.5,4,4.9,Moderate Debt
USR-06116,40,Male,Corporate 9-to-5,Morning Lark,37,YouTube,54,1,39,32,32.6,7.45,21.7,16.5,3,1.0,Mild Deficit
USR-06117,38,Female,Remote Tech,Intermediate,124,YouTube,89,1,0,47,54.8,4.94,24.3,19.2,4,6.5,Moderate Debt
USR-06118,63,Female,Student,Morning Lark,66,TikTok / Reels,57,0,0,46,52.8,6.95,24.1,21.5,2,2.3,Mild Deficit
USR-06119,26,Male,Student,Intermediate,54,TikTok / Reels,53,1,0,6,46.5,6.65,23.9,18.2,2,3.3,Moderate Debt
USR-06120,39,Female,Student,Intermediate,44,YouTube,52,0,41,3,40.5,7.53,18.6,18.7,1,1.4,Mild Deficit
USR-06121,19,Male,Student,Intermediate,85,TikTok / Reels,34,1,141,51,52.8,6.15,19.0,16.1,5,4.3,Moderate Debt
USR-06122,21,Female,Remote Tech,Night Owl,119,TikTok / Reels,58,1,0,18,69.8,3.2,21.0,21.4,6,10.0,Severe Sleep Debt
USR-06123,18,Female,Corporate 9-to-5,Intermediate,115,Instagram / Reddit,60,0,0,61,59.7,6.73,20.1,22.1,3,4.4,Moderate Debt
USR-06124,65,Male,Corporate 9-to-5,Intermediate,49,Streaming (Netflix/Hulu),42,1,53,31,36.3,6.19,24.3,16.4,4,4.2,Moderate Debt
USR-06125,45,Female,Corporate 9-to-5,Night Owl,115,News / Reading,70,0,108,58,56.4,3.41,18.2,21.7,5,10.0,Severe Sleep Debt
USR-06126,44,Male,Remote Tech,Intermediate,30,Instagram / Reddit,65,1,0,27,34.0,7.03,24.9,15.6,2,1.0,Mild Deficit
USR-06127,33,Female,Corporate 9-to-5,Morning Lark,77,Instagram / Reddit,53,1,0,32,32.3,7.02,23.5,18.0,2,1.6,Mild Deficit
USR-06128,27,Female,Corporate 9-to-5,Intermediate,27,TikTok / Reels,72,1,0,53,47.8,7.39,21.7,16.2,2,2.0,Mild Deficit
USR-06129,23,Male,Student,Intermediate,72,TikTok / Reels,47,1,161,7,65.6,5.92,23.7,15.8,4,6.4,Moderate Debt
USR-06130,26,Female,Healthcare / Shift Worker,Intermediate,71,Instagram / Reddit,71,0,0,21,51.2,3.46,21.4,16.3,5,8.8,Severe Sleep Debt
USR-06131,29,Male,Healthcare / Shift Worker,Morning Lark,37,TikTok / Reels,45,1,0,77,33.0,6.8,26.1,18.5,2,1.0,Mild Deficit
USR-06132,42,Male,Corporate 9-to-5,Night Owl,30,Streaming (Netflix/Hulu),87,0,0,26,24.8,6.8,22.7,23.0,1,1.7,Mild Deficit
USR-06133,34,Female,Corporate 9-to-5,Morning Lark,108,Streaming (Netflix/Hulu),43,0,0,32,35.8,7.16,20.0,20.2,3,3.7,Mild Deficit
USR-06134,20,Male,Corporate 9-to-5,Night Owl,23,Instagram / Reddit,52,0,128,35,27.7,5.74,22.8,18.5,1,3.6,Moderate Debt
USR-06135,18,Male,Freelance / Creative,Night Owl,18,Instagram / Reddit,38,0,0,49,20.5,5.72,25.2,18.3,3,3.1,Moderate Debt
USR-06136,21,Female,Remote Tech,Night Owl,64,Instagram / Reddit,66,0,51,50,42.7,5.29,22.2,16.1,2,3.4,Moderate Debt
USR-06137,29,Female,Corporate 9-to-5,Night Owl,48,YouTube,32,0,135,27,44.0,4.39,19.3,17.5,4,6.9,Moderate Debt
USR-06138,56,Female,Healthcare / Shift Worker,Morning Lark,63,Streaming (Netflix/Hulu),53,0,0,44,31.5,4.67,21.8,21.6,5,5.9,Moderate Debt
USR-06139,37,Male,Remote Tech,Night Owl,32,Instagram / Reddit,27,1,66,18,28.8,5.96,22.3,21.1,3,3.4,Moderate Debt
USR-06140,45,Male,Healthcare / Shift Worker,Morning Lark,34,YouTube,66,0,210,43,49.9,6.56,17.9,15.6,3,4.2,Moderate Debt
USR-06141,31,Male,Corporate 9-to-5,Night Owl,49,YouTube,67,0,154,22,41.3,4.73,21.2,19.6,5,7.4,Moderate Debt
USR-06142,28,Male,Remote Tech,Intermediate,49,YouTube,57,0,0,64,35.1,6.49,26.9,16.9,3,2.0,Moderate Debt
USR-06143,21,Male,Remote Tech,Intermediate,47,TikTok / Reels,44,0,0,78,32.4,5.55,27.6,17.5,3,4.2,Moderate Debt
USR-06144,50,Male,Healthcare / Shift Worker,Night Owl,118,Messaging / Chat,69,0,0,0,56.6,3.2,17.4,21.0,4,9.3,Severe Sleep Debt
USR-06145,44,Male,Healthcare / Shift Worker,Morning Lark,124,YouTube,36,0,0,76,65.4,5.08,22.4,18.7,5,7.8,Moderate Debt
USR-06146,23,Female,Remote Tech,Morning Lark,22,TikTok / Reels,40,0,0,31,28.0,8.57,23.2,19.9,1,1.0,Optimal Recovery
USR-06147,33,Male,Corporate 9-to-5,Intermediate,63,Instagram / Reddit,69,0,0,57,41.0,7.02,27.1,17.3,3,1.6,Mild Deficit
USR-06148,32,Male,Remote Tech,Night Owl,25,Messaging / Chat,66,0,41,56,34.7,6.43,18.4,18.4,3,2.8,Moderate Debt
USR-06149,37,Male,Freelance / Creative,Intermediate,138,YouTube,66,0,0,0,74.9,6.02,17.5,20.2,4,6.4,Moderate Debt
USR-06150,57,Male,Student,Intermediate,34,YouTube,100,0,43,29,24.3,6.82,18.4,21.3,2,2.4,Mild Deficit
USR-06151,35,Female,Healthcare / Shift Worker,Night Owl,41,Instagram / Reddit,58,1,44,3,31.7,3.75,23.5,20.0,3,7.0,Moderate Debt
USR-06152,34,Male,Remote Tech,Morning Lark,84,Instagram / Reddit,47,1,137,4,50.3,6.93,22.6,17.2,2,4.5,Mild Deficit
USR-06153,19,Female,Remote Tech,Intermediate,27,Instagram / Reddit,52,1,43,67,29.6,6.63,24.9,17.4,1,1.3,Moderate Debt
USR-06154,20,Male,Remote Tech,Night Owl,17,Instagram / Reddit,13,0,0,53,12.7,7.23,20.9,19.4,1,1.2,Mild Deficit
USR-06155,24,Female,Student,Intermediate,26,Instagram / Reddit,63,1,0,0,23.3,6.29,23.2,19.1,2,1.9,Moderate Debt
USR-06156,19,Male,Healthcare / Shift Worker,Intermediate,93,TikTok / Reels,83,1,44,2,71.5,3.52,13.8,14.9,6,10.0,Severe Sleep Debt
USR-06157,42,Male,Remote Tech,Morning Lark,39,TikTok / Reels,48,1,65,57,34.9,7.82,25.1,21.8,0,1.0,Optimal Recovery
USR-06158,41,Male,Remote Tech,Morning Lark,89,News / Reading,81,1,0,57,48.8,6.79,22.6,24.4,4,3.1,Mild Deficit
USR-06159,22,Female,Corporate 9-to-5,Morning Lark,50,TikTok / Reels,36,0,0,44,61.2,7.03,28.0,16.4,3,3.1,Mild Deficit
USR-06160,47,Non-Binary,Corporate 9-to-5,Intermediate,15,YouTube,39,1,0,36,16.7,7.19,19.0,20.3,2,1.0,Mild Deficit
USR-06161,23,Male,Freelance / Creative,Morning Lark,31,Instagram / Reddit,39,0,20,18,44.6,8.04,20.3,18.4,1,1.0,Optimal Recovery
USR-06162,27,Male,Corporate 9-to-5,Intermediate,59,YouTube,26,1,0,29,36.5,7.21,19.4,20.2,2,1.4,Mild Deficit
USR-06163,25,Female,Healthcare / Shift Worker,Morning Lark,9,YouTube,84,0,0,44,18.2,7.99,21.8,21.1,0,1.0,Optimal Recovery
USR-06164,29,Male,Student,Night Owl,66,TikTok / Reels,65,1,70,33,52.9,4.47,21.9,17.0,5,6.4,Moderate Debt
USR-06165,25,Female,Healthcare / Shift Worker,Night Owl,18,TikTok / Reels,67,1,0,36,24.6,4.42,18.6,22.9,3,5.0,Moderate Debt
USR-06166,32,Male,Freelance / Creative,Intermediate,33,Streaming (Netflix/Hulu),41,0,41,86,25.6,8.21,21.2,20.9,0,1.0,Optimal Recovery
USR-06167,29,Female,Student,Intermediate,119,TikTok / Reels,71,1,43,27,73.8,4.69,20.7,18.1,6,9.0,Severe Sleep Debt
USR-06168,63,Male,Healthcare / Shift Worker,Night Owl,121,Instagram / Reddit,45,0,0,6,65.7,3.2,20.8,18.3,6,10.0,Severe Sleep Debt
USR-06169,19,Male,Corporate 9-to-5,Intermediate,70,Instagram / Reddit,46,1,0,39,38.2,7.46,23.9,19.3,1,1.0,Mild Deficit
USR-06170,22,Female,Student,Night Owl,55,Messaging / Chat,76,0,0,34,36.8,5.97,24.1,24.9,3,4.5,Moderate Debt
USR-06171,19,Female,Student,Morning Lark,34,Streaming (Netflix/Hulu),38,0,0,26,22.1,7.95,23.4,21.3,2,1.0,Optimal Recovery
USR-06172,37,Male,Corporate 9-to-5,Night Owl,14,Messaging / Chat,35,1,155,25,32.5,6.26,23.5,17.7,3,4.8,Moderate Debt
USR-06173,19,Female,Student,Intermediate,13,TikTok / Reels,33,1,0,10,25.2,7.13,27.2,18.1,3,1.8,Mild Deficit
USR-06174,47,Male,Student,Morning Lark,50,News / Reading,52,1,92,39,26.7,7.56,15.0,20.1,2,1.4,Mild Deficit
USR-06175,33,Female,Healthcare / Shift Worker,Night Owl,41,Streaming (Netflix/Hulu),96,0,0,62,31.4,3.2,24.1,22.1,5,7.6,Moderate Debt
USR-06176,33,Female,Corporate 9-to-5,Night Owl,36,Messaging / Chat,50,1,170,40,46.9,5.71,21.4,17.8,3,4.5,Moderate Debt
USR-06177,34,Female,Student,Intermediate,103,TikTok / Reels,29,0,31,26,56.7,5.51,21.4,15.6,3,5.4,Moderate Debt
USR-06178,23,Male,Corporate 9-to-5,Night Owl,26,TikTok / Reels,42,0,0,23,41.1,5.39,22.4,21.2,3,3.6,Moderate Debt
USR-06179,24,Female,Student,Morning Lark,180,YouTube,46,1,0,34,81.5,4.91,23.9,18.8,5,7.3,Moderate Debt
USR-06180,27,Male,Remote Tech,Intermediate,180,Streaming (Netflix/Hulu),56,1,0,48,74.6,4.13,20.7,20.6,6,10.0,Severe Sleep Debt
USR-06181,36,Male,Remote Tech,Morning Lark,82,Instagram / Reddit,62,0,59,42,55.3,7.04,17.3,19.3,2,3.7,Mild Deficit
USR-06182,24,Female,Remote Tech,Morning Lark,41,Streaming (Netflix/Hulu),13,0,0,40,21.6,8.42,21.9,21.3,0,1.0,Optimal Recovery
USR-06183,21,Male,Corporate 9-to-5,Night Owl,12,TikTok / Reels,31,0,0,9,16.8,5.65,23.2,14.6,3,2.7,Moderate Debt
USR-06184,60,Female,Corporate 9-to-5,Intermediate,80,TikTok / Reels,29,0,0,66,50.7,5.76,26.7,21.3,3,3.6,Moderate Debt
USR-06185,18,Male,Corporate 9-to-5,Morning Lark,167,Instagram / Reddit,75,0,63,30,95.2,4.8,14.7,17.8,5,9.8,Severe Sleep Debt
USR-06186,45,Female,Student,Intermediate,180,Streaming (Netflix/Hulu),35,1,177,77,91.5,3.2,17.1,17.5,7,10.0,Severe Sleep Debt
USR-06187,44,Female,Healthcare / Shift Worker,Morning Lark,27,Instagram / Reddit,61,1,0,48,26.6,6.91,16.7,17.4,1,1.7,Mild Deficit
USR-06188,27,Male,Corporate 9-to-5,Intermediate,84,Streaming (Netflix/Hulu),64,0,72,0,59.9,6.18,21.5,19.0,4,7.0,Moderate Debt
USR-06189,22,Male,Corporate 9-to-5,Morning Lark,21,Streaming (Netflix/Hulu),45,0,0,1,20.3,8.23,18.7,19.2,1,1.0,Optimal Recovery
USR-06190,22,Female,Remote Tech,Night Owl,12,TikTok / Reels,10,0,0,46,16.2,6.07,23.6,18.6,3,1.8,Moderate Debt
USR-06191,40,Male,Student,Intermediate,101,Messaging / Chat,78,0,0,16,56.3,6.22,18.6,17.0,4,5.8,Moderate Debt
USR-06192,37,Female,Corporate 9-to-5,Intermediate,34,YouTube,81,0,135,26,34.4,6.88,19.0,19.9,2,2.7,Mild Deficit
USR-06193,44,Male,Corporate 9-to-5,Intermediate,41,Streaming (Netflix/Hulu),55,0,0,26,27.5,6.46,26.8,24.8,3,2.7,Moderate Debt
USR-06194,56,Male,Corporate 9-to-5,Intermediate,40,YouTube,41,0,0,0,33.1,6.62,23.2,22.4,1,2.2,Moderate Debt
USR-06195,39,Female,Remote Tech,Morning Lark,4,YouTube,91,1,57,40,14.8,8.89,25.0,19.7,1,1.0,Optimal Recovery
USR-06196,23,Female,Corporate 9-to-5,Intermediate,41,YouTube,41,1,0,42,40.6,7.95,21.9,18.9,2,1.0,Optimal Recovery
USR-06197,25,Female,Remote Tech,Intermediate,114,TikTok / Reels,71,1,0,83,68.4,5.21,24.2,14.9,6,6.1,Moderate Debt
USR-06198,47,Female,Student,Night Owl,37,TikTok / Reels,25,0,65,27,29.3,5.95,20.1,20.9,1,1.8,Moderate Debt
USR-06199,24,Female,Student,Morning Lark,58,YouTube,64,1,0,32,32.4,8.58,18.3,20.8,1,1.0,Optimal Recovery
USR-06200,20,Male,Corporate 9-to-5,Night Owl,15,YouTube,29,0,250,28,30.0,5.99,19.6,13.3,2,4.3,Moderate Debt
USR-06201,40,Non-Binary,Student,Morning Lark,79,TikTok / Reels,63,1,0,92,65.1,5.87,22.7,18.6,4,5.2,Moderate Debt
USR-06202,29,Female,Remote Tech,Morning Lark,35,TikTok / Reels,55,0,55,40,36.4,8.35,17.3,15.4,1,1.0,Optimal Recovery
USR-06203,54,Male,Freelance / Creative,Morning Lark,26,TikTok / Reels,48,0,0,24,29.3,8.61,22.5,16.4,0,1.0,Optimal Recovery
USR-06204,38,Male,Corporate 9-to-5,Morning Lark,25,TikTok / Reels,47,0,0,35,19.4,9.8,24.3,19.1,1,1.0,Optimal Recovery
USR-06205,21,Male,Student,Intermediate,159,TikTok / Reels,77,1,0,29,98.7,4.38,24.0,17.0,5,9.7,Severe Sleep Debt
USR-06206,57,Female,Student,Night Owl,9,TikTok / Reels,53,1,31,28,13.4,5.55,23.9,17.9,3,4.2,Moderate Debt
USR-06207,26,Male,Corporate 9-to-5,Morning Lark,72,Messaging / Chat,63,1,0,20,48.0,6.68,26.7,18.9,1,1.6,Moderate Debt
USR-06208,28,Female,Freelance / Creative,Intermediate,10,TikTok / Reels,100,0,0,53,20.4,7.03,27.5,17.2,1,1.0,Mild Deficit
USR-06209,29,Female,Remote Tech,Intermediate,72,TikTok / Reels,30,0,0,25,46.2,6.57,23.6,16.8,2,3.1,Moderate Debt
USR-06210,19,Female,Student,Intermediate,28,YouTube,40,1,0,28,33.2,7.6,24.2,21.9,1,1.0,Mild Deficit
USR-06211,32,Female,Corporate 9-to-5,Intermediate,71,YouTube,22,0,20,35,36.2,5.46,19.4,19.5,4,5.0,Moderate Debt
USR-06212,22,Female,Corporate 9-to-5,Night Owl,45,TikTok / Reels,21,0,0,37,27.5,5.05,21.9,16.6,2,3.8,Moderate Debt
USR-06213,29,Male,Remote Tech,Morning Lark,60,Instagram / Reddit,93,1,0,63,37.9,7.45,28.0,18.9,2,1.2,Mild Deficit
USR-06214,28,Female,Corporate 9-to-5,Night Owl,54,YouTube,47,0,234,28,42.8,4.59,20.3,16.7,4,7.8,Moderate Debt
USR-06215,43,Male,Remote Tech,Intermediate,53,TikTok / Reels,10,1,103,35,44.6,7.26,18.5,15.9,1,1.5,Mild Deficit
USR-06216,45,Female,Remote Tech,Intermediate,12,Instagram / Reddit,49,1,51,20,24.7,7.68,22.0,20.5,0,1.0,Mild Deficit
USR-06217,23,Male,Student,Intermediate,25,TikTok / Reels,45,1,0,38,16.2,7.23,24.6,18.6,0,1.0,Mild Deficit
USR-06218,28,Male,Remote Tech,Intermediate,85,TikTok / Reels,34,0,37,38,53.7,6.6,17.9,18.7,3,4.6,Moderate Debt
USR-06219,29,Female,Corporate 9-to-5,Morning Lark,33,TikTok / Reels,46,1,0,30,38.4,8.37,25.7,17.9,1,1.0,Optimal Recovery
USR-06220,23,Female,Student,Morning Lark,44,Streaming (Netflix/Hulu),58,1,133,26,38.6,7.87,20.5,20.7,1,1.1,Optimal Recovery
USR-06221,45,Male,Remote Tech,Intermediate,23,Streaming (Netflix/Hulu),47,0,45,0,29.4,7.53,19.9,22.8,1,1.0,Mild Deficit
USR-06222,40,Female,Corporate 9-to-5,Night Owl,27,Messaging / Chat,72,0,42,10,27.8,5.52,21.0,19.3,4,4.1,Moderate Debt
USR-06223,24,Female,Corporate 9-to-5,Morning Lark,143,TikTok / Reels,54,0,126,14,97.7,5.01,15.2,15.6,5,10.0,Severe Sleep Debt
USR-06224,28,Female,Corporate 9-to-5,Night Owl,119,YouTube,55,0,0,53,70.3,4.32,25.6,20.1,5,7.5,Moderate Debt
USR-06225,21,Male,Corporate 9-to-5,Intermediate,72,TikTok / Reels,51,1,0,23,47.0,5.66,23.9,18.4,3,3.8,Moderate Debt
USR-06226,37,Male,Freelance / Creative,Night Owl,77,Messaging / Chat,30,0,0,68,49.7,4.71,25.2,20.6,5,5.7,Moderate Debt
USR-06227,22,Male,Remote Tech,Intermediate,62,TikTok / Reels,31,0,43,35,44.2,6.28,23.0,14.7,3,3.6,Moderate Debt
USR-06228,63,Male,Corporate 9-to-5,Morning Lark,50,TikTok / Reels,57,0,95,44,50.3,7.01,14.9,18.2,3,4.2,Mild Deficit
USR-06229,44,Male,Corporate 9-to-5,Night Owl,149,YouTube,40,0,65,44,81.1,3.36,18.4,17.7,7,10.0,Severe Sleep Debt
USR-06230,29,Male,Corporate 9-to-5,Morning Lark,34,TikTok / Reels,67,0,0,8,30.3,8.87,20.5,19.6,0,1.0,Optimal Recovery
USR-06231,35,Male,Remote Tech,Intermediate,28,Streaming (Netflix/Hulu),48,0,0,42,22.7,7.98,17.2,19.2,2,1.0,Optimal Recovery
USR-06232,53,Female,Corporate 9-to-5,Intermediate,37,TikTok / Reels,40,1,0,3,28.9,6.91,24.0,17.3,3,2.0,Mild Deficit
USR-06233,34,Female,Remote Tech,Intermediate,37,Instagram / Reddit,60,1,73,56,26.6,7.0,24.4,19.2,2,2.5,Mild Deficit
USR-06234,23,Male,Remote Tech,Night Owl,86,Instagram / Reddit,56,1,0,19,44.6,5.51,17.9,17.5,4,6.1,Moderate Debt
USR-06235,29,Male,Healthcare / Shift Worker,Night Owl,29,Instagram / Reddit,22,0,0,49,21.8,4.47,20.0,18.1,4,4.9,Moderate Debt
USR-06236,47,Female,Corporate 9-to-5,Night Owl,49,News / Reading,19,0,0,20,25.6,5.43,21.9,20.7,2,2.4,Moderate Debt
USR-06237,38,Female,Remote Tech,Night Owl,64,TikTok / Reels,66,1,20,40,47.2,5.58,18.5,20.3,4,6.2,Moderate Debt
USR-06238,38,Male,Student,Intermediate,54,YouTube,40,1,132,21,44.0,7.25,19.1,15.7,2,3.9,Mild Deficit
USR-06239,49,Male,Remote Tech,Morning Lark,20,YouTube,58,0,0,57,21.1,7.85,23.5,20.7,0,1.0,Optimal Recovery
USR-06240,52,Female,Healthcare / Shift Worker,Night Owl,64,TikTok / Reels,60,0,40,34,51.7,3.49,19.9,13.7,5,8.8,Severe Sleep Debt
USR-06241,54,Male,Student,Intermediate,57,Messaging / Chat,79,1,0,45,45.6,5.9,21.2,18.9,3,3.5,Moderate Debt
USR-06242,21,Male,Remote Tech,Morning Lark,71,Instagram / Reddit,88,1,0,23,35.9,7.52,20.8,18.9,3,1.5,Mild Deficit
USR-06243,34,Male,Remote Tech,Intermediate,68,Instagram / Reddit,32,0,0,27,44.9,6.35,23.9,24.2,2,3.9,Moderate Debt
USR-06244,42,Female,Freelance / Creative,Night Owl,70,Instagram / Reddit,52,1,73,34,47.3,4.67,17.2,15.7,6,8.0,Moderate Debt
USR-06245,42,Female,Student,Morning Lark,7,Messaging / Chat,53,1,0,38,20.4,8.59,21.3,22.0,0,1.0,Optimal Recovery
USR-06246,36,Female,Freelance / Creative,Night Owl,25,YouTube,85,0,89,8,43.7,6.75,18.5,14.9,2,2.1,Mild Deficit
USR-06247,23,Female,Corporate 9-to-5,Intermediate,92,TikTok / Reels,26,0,0,60,51.4,6.16,25.2,19.6,3,3.5,Moderate Debt
USR-06248,44,Male,Remote Tech,Morning Lark,29,News / Reading,84,1,183,43,35.3,6.94,17.7,16.8,3,4.3,Mild Deficit
USR-06249,41,Female,Freelance / Creative,Night Owl,96,TikTok / Reels,66,0,0,3,50.7,5.5,24.1,15.4,4,6.2,Moderate Debt
USR-06250,20,Non-Binary,Corporate 9-to-5,Night Owl,37,Instagram / Reddit,44,0,20,25,35.6,5.06,22.8,21.8,3,5.0,Moderate Debt
USR-06251,31,Female,Freelance / Creative,Intermediate,32,Streaming (Netflix/Hulu),72,0,0,0,16.0,7.3,21.7,21.6,1,1.0,Mild Deficit
USR-06252,23,Female,Corporate 9-to-5,Intermediate,37,Messaging / Chat,48,1,0,12,22.2,7.1,24.7,19.2,1,1.0,Mild Deficit
USR-06253,28,Male,Freelance / Creative,Intermediate,180,TikTok / Reels,23,0,0,57,96.1,3.92,23.2,21.3,6,10.0,Severe Sleep Debt
USR-06254,18,Male,Remote Tech,Night Owl,46,News / Reading,57,1,0,38,32.6,6.06,25.0,20.5,3,2.3,Moderate Debt
USR-06255,29,Female,Corporate 9-to-5,Morning Lark,81,TikTok / Reels,50,0,0,9,49.7,6.65,16.7,17.4,2,2.5,Moderate Debt
USR-06256,34,Male,Healthcare / Shift Worker,Morning Lark,180,YouTube,45,1,0,43,80.3,4.19,21.4,22.1,7,8.5,Moderate Debt
USR-06257,37,Male,Corporate 9-to-5,Night Owl,66,TikTok / Reels,39,0,0,19,48.0,5.4,22.8,19.9,3,6.0,Moderate Debt
USR-06258,38,Male,Corporate 9-to-5,Intermediate,143,TikTok / Reels,67,0,36,3,95.2,3.2,17.3,15.3,7,10.0,Severe Sleep Debt
USR-06259,47,Male,Corporate 9-to-5,Intermediate,91,News / Reading,55,1,0,46,34.6,6.21,25.3,21.6,3,4.0,Moderate Debt
USR-06260,24,Female,Student,Night Owl,72,Instagram / Reddit,45,0,43,17,49.9,5.55,25.8,18.4,2,3.5,Moderate Debt
USR-06261,22,Male,Freelance / Creative,Night Owl,20,YouTube,43,0,0,22,6.1,5.62,26.9,23.0,2,1.0,Moderate Debt
USR-06262,48,Male,Corporate 9-to-5,Night Owl,41,TikTok / Reels,46,0,130,28,37.5,5.18,20.6,15.5,3,5.9,Moderate Debt
USR-06263,23,Female,Remote Tech,Intermediate,66,YouTube,43,1,0,50,40.2,6.63,25.4,18.3,2,2.9,Moderate Debt
USR-06264,61,Female,Corporate 9-to-5,Night Owl,32,YouTube,47,1,0,53,22.1,5.09,20.3,21.3,4,4.8,Moderate Debt
USR-06265,47,Male,Student,Night Owl,70,YouTube,70,0,250,30,55.0,5.01,13.6,17.4,5,9.2,Severe Sleep Debt
USR-06266,32,Female,Corporate 9-to-5,Morning Lark,45,Streaming (Netflix/Hulu),48,0,44,29,34.4,7.8,21.9,18.6,3,1.1,Optimal Recovery
USR-06267,62,Female,Corporate 9-to-5,Intermediate,26,Messaging / Chat,58,0,0,38,17.5,7.16,24.3,21.5,2,1.0,Mild Deficit
USR-06268,21,Non-Binary,Corporate 9-to-5,Morning Lark,81,YouTube,47,0,96,11,45.9,8.41,17.5,18.1,1,1.0,Optimal Recovery
USR-06269,27,Female,Remote Tech,Night Owl,61,YouTube,20,0,0,35,34.6,5.49,24.2,16.9,4,4.6,Moderate Debt
USR-06270,37,Female,Healthcare / Shift Worker,Night Owl,72,Streaming (Netflix/Hulu),59,0,0,31,38.9,4.25,22.1,22.7,5,7.2,Moderate Debt
USR-06271,28,Male,Remote Tech,Night Owl,55,TikTok / Reels,41,1,79,10,48.3,6.31,20.9,16.0,5,5.1,Moderate Debt
USR-06272,55,Male,Corporate 9-to-5,Morning Lark,35,Messaging / Chat,68,0,0,28,39.7,8.69,21.6,18.0,1,1.0,Optimal Recovery
USR-06273,20,Female,Remote Tech,Intermediate,48,Streaming (Netflix/Hulu),88,1,128,55,49.8,7.12,26.4,17.7,2,2.8,Mild Deficit
USR-06274,34,Male,Healthcare / Shift Worker,Morning Lark,33,Instagram / Reddit,42,1,0,11,34.3,6.8,21.6,18.6,3,2.7,Mild Deficit
USR-06275,35,Male,Corporate 9-to-5,Night Owl,128,YouTube,73,1,149,51,72.1,3.2,20.7,15.8,7,10.0,Severe Sleep Debt
USR-06276,38,Male,Corporate 9-to-5,Intermediate,62,Instagram / Reddit,47,0,50,14,51.4,5.86,20.4,16.7,3,5.6,Moderate Debt
USR-06277,26,Female,Corporate 9-to-5,Morning Lark,49,TikTok / Reels,49,0,0,30,28.8,9.4,25.6,17.7,1,1.0,Optimal Recovery
USR-06278,28,Female,Student,Morning Lark,43,Instagram / Reddit,63,0,152,43,38.4,7.99,20.6,18.9,1,1.0,Optimal Recovery
USR-06279,48,Female,Remote Tech,Intermediate,25,YouTube,16,1,0,15,18.4,8.53,25.5,16.6,2,1.0,Optimal Recovery
USR-06280,24,Male,Remote Tech,Intermediate,64,TikTok / Reels,21,1,26,26,47.2,6.02,22.2,14.9,4,4.4,Moderate Debt
USR-06281,46,Male,Corporate 9-to-5,Night Owl,21,News / Reading,56,1,54,48,19.4,6.11,23.0,21.5,2,1.8,Moderate Debt
USR-06282,34,Male,Corporate 9-to-5,Intermediate,113,Instagram / Reddit,10,0,204,43,73.5,4.69,16.9,16.6,5,8.8,Severe Sleep Debt
USR-06283,43,Male,Freelance / Creative,Intermediate,79,Messaging / Chat,77,1,0,48,53.8,6.92,24.9,19.4,4,2.5,Mild Deficit
USR-06284,40,Male,Corporate 9-to-5,Morning Lark,28,Streaming (Netflix/Hulu),82,0,75,46,31.3,8.73,19.2,20.3,0,1.0,Optimal Recovery
USR-06285,24,Female,Freelance / Creative,Intermediate,114,TikTok / Reels,62,0,0,48,71.6,5.78,17.2,22.4,4,7.1,Moderate Debt
USR-06286,35,Male,Remote Tech,Night Owl,46,TikTok / Reels,52,0,0,41,44.6,5.36,23.6,20.9,4,4.6,Moderate Debt
USR-06287,49,Male,Corporate 9-to-5,Intermediate,75,Messaging / Chat,77,0,0,34,82.0,5.87,19.5,19.8,4,6.6,Moderate Debt
USR-06288,30,Male,Remote Tech,Morning Lark,45,Streaming (Netflix/Hulu),46,1,92,75,33.7,8.2,23.1,15.4,0,1.0,Optimal Recovery
USR-06289,60,Female,Freelance / Creative,Night Owl,46,TikTok / Reels,47,1,23,66,38.5,5.0,24.7,20.2,5,5.9,Moderate Debt
USR-06290,31,Male,Remote Tech,Morning Lark,96,YouTube,52,0,0,86,65.6,6.22,24.0,21.0,3,4.3,Moderate Debt
USR-06291,22,Female,Healthcare / Shift Worker,Night Owl,50,Instagram / Reddit,38,1,0,32,25.8,3.39,22.1,16.6,4,5.8,Moderate Debt
USR-06292,29,Female,Corporate 9-to-5,Intermediate,37,News / Reading,81,1,0,32,25.4,7.08,20.3,27.0,2,1.0,Mild Deficit
USR-06293,58,Male,Remote Tech,Intermediate,32,Messaging / Chat,80,1,20,3,30.5,8.31,23.7,22.1,1,1.0,Optimal Recovery
USR-06294,27,Male,Healthcare / Shift Worker,Morning Lark,43,Instagram / Reddit,36,1,0,0,20.0,6.92,21.6,18.4,2,1.2,Mild Deficit
USR-06295,49,Female,Freelance / Creative,Morning Lark,155,News / Reading,40,0,75,27,50.5,6.86,21.4,20.5,2,3.0,Mild Deficit
USR-06296,51,Male,Remote Tech,Night Owl,61,YouTube,48,0,48,70,41.9,5.02,22.5,19.9,5,6.9,Moderate Debt
USR-06297,28,Female,Student,Night Owl,27,TikTok / Reels,79,1,96,57,36.5,6.32,20.9,16.8,3,2.8,Moderate Debt
USR-06298,20,Female,Corporate 9-to-5,Intermediate,60,TikTok / Reels,48,0,95,28,46.0,7.1,14.9,13.4,2,3.4,Mild Deficit
USR-06299,41,Female,Corporate 9-to-5,Morning Lark,113,News / Reading,58,1,0,45,48.9,5.38,19.3,20.6,3,4.3,Moderate Debt
USR-06300,27,Male,Corporate 9-to-5,Night Owl,115,Streaming (Netflix/Hulu),34,0,0,13,61.9,3.42,20.1,18.5,7,10.0,Severe Sleep Debt
USR-06301,44,Male,Corporate 9-to-5,Intermediate,66,TikTok / Reels,85,0,38,48,47.2,6.57,23.4,17.2,3,4.3,Moderate Debt
USR-06302,30,Male,Corporate 9-to-5,Intermediate,89,Instagram / Reddit,32,0,0,37,39.7,6.08,21.0,15.3,4,4.6,Moderate Debt
USR-06303,32,Male,Corporate 9-to-5,Intermediate,49,TikTok / Reels,47,1,0,64,38.8,7.65,20.4,19.9,1,1.0,Mild Deficit
USR-06304,43,Female,Freelance / Creative,Intermediate,42,Messaging / Chat,21,0,79,37,29.3,7.91,20.1,21.4,2,1.0,Optimal Recovery
USR-06305,29,Female,Student,Intermediate,29,TikTok / Reels,80,1,123,0,37.5,7.62,18.2,15.9,2,1.7,Mild Deficit
USR-06306,30,Male,Remote Tech,Intermediate,32,News / Reading,54,1,0,31,16.3,7.13,23.0,24.5,1,1.0,Mild Deficit
USR-06307,29,Female,Freelance / Creative,Intermediate,49,TikTok / Reels,91,1,0,31,49.7,6.51,22.9,20.1,2,3.8,Moderate Debt
USR-06308,28,Male,Corporate 9-to-5,Night Owl,85,Instagram / Reddit,35,1,0,33,43.7,5.21,22.4,19.1,4,4.4,Moderate Debt
USR-06309,33,Male,Remote Tech,Intermediate,52,YouTube,76,0,0,0,37.1,5.77,16.5,18.0,2,4.2,Moderate Debt
USR-06310,45,Non-Binary,Student,Intermediate,32,YouTube,63,0,0,82,27.5,7.23,19.2,16.4,0,1.4,Mild Deficit
USR-06311,28,Female,Corporate 9-to-5,Intermediate,99,YouTube,39,1,33,38,63.8,5.77,24.0,18.5,4,5.2,Moderate Debt
USR-06312,33,Female,Student,Night Owl,108,Instagram / Reddit,42,0,105,31,63.6,4.55,22.3,19.8,5,8.4,Moderate Debt
USR-06313,39,Female,Corporate 9-to-5,Morning Lark,34,YouTube,66,1,0,24,33.8,7.34,20.0,23.3,0,1.0,Mild Deficit
USR-06314,26,Female,Corporate 9-to-5,Morning Lark,47,Instagram / Reddit,54,0,0,23,30.3,8.17,18.9,19.1,0,1.0,Optimal Recovery
USR-06315,26,Male,Corporate 9-to-5,Night Owl,20,Instagram / Reddit,41,0,0,3,29.3,5.56,24.5,18.0,3,3.0,Moderate Debt
USR-06316,56,Female,Freelance / Creative,Morning Lark,87,TikTok / Reels,90,1,59,61,67.7,7.3,18.7,14.3,3,3.9,Mild Deficit
USR-06317,41,Female,Student,Intermediate,13,Streaming (Netflix/Hulu),56,1,31,36,19.9,8.3,23.3,21.1,0,1.0,Optimal Recovery
USR-06318,35,Female,Student,Night Owl,51,Streaming (Netflix/Hulu),47,1,0,37,42.2,4.9,22.1,20.6,3,4.5,Moderate Debt
USR-06319,38,Female,Remote Tech,Intermediate,59,TikTok / Reels,33,1,25,60,41.4,6.11,14.4,16.8,2,4.6,Moderate Debt
USR-06320,19,Male,Corporate 9-to-5,Morning Lark,34,Instagram / Reddit,45,1,0,25,34.4,9.3,21.5,20.2,0,1.0,Optimal Recovery
USR-06321,36,Female,Student,Intermediate,32,Messaging / Chat,12,1,0,65,20.1,7.63,23.8,20.5,1,1.0,Mild Deficit
USR-06322,33,Female,Remote Tech,Night Owl,74,Messaging / Chat,55,0,0,25,38.9,5.19,19.2,22.2,3,4.7,Moderate Debt
USR-06323,34,Female,Corporate 9-to-5,Intermediate,63,TikTok / Reels,70,1,38,18,45.6,5.9,22.4,20.9,2,3.7,Moderate Debt
USR-06324,28,Female,Student,Night Owl,77,Instagram / Reddit,84,0,0,28,37.3,4.81,19.0,15.1,5,6.8,Moderate Debt
USR-06325,20,Female,Corporate 9-to-5,Night Owl,17,Instagram / Reddit,47,1,0,32,27.0,5.32,25.6,21.5,4,3.2,Moderate Debt
USR-06326,24,Female,Corporate 9-to-5,Intermediate,117,YouTube,65,0,0,61,69.9,5.69,20.0,19.6,4,4.6,Moderate Debt
USR-06327,58,Female,Healthcare / Shift Worker,Night Owl,123,Instagram / Reddit,48,0,59,41,83.8,3.2,19.4,15.8,6,10.0,Severe Sleep Debt
USR-06328,29,Male,Student,Intermediate,58,TikTok / Reels,19,1,0,43,35.1,6.85,21.6,16.1,0,1.0,Mild Deficit
USR-06329,31,Male,Student,Intermediate,42,YouTube,14,1,0,8,19.2,7.44,24.1,19.6,1,1.0,Mild Deficit
USR-06330,19,Male,Remote Tech,Intermediate,49,YouTube,53,1,0,39,29.2,7.36,20.3,20.6,2,1.0,Mild Deficit
USR-06331,19,Female,Remote Tech,Morning Lark,108,TikTok / Reels,14,1,85,0,72.2,6.83,19.3,16.1,3,3.4,Mild Deficit
USR-06332,41,Male,Student,Intermediate,32,YouTube,50,0,0,21,23.0,6.57,22.1,18.5,2,2.2,Moderate Debt
USR-06333,34,Male,Student,Intermediate,16,YouTube,46,1,0,36,20.8,7.39,27.4,17.7,1,1.0,Mild Deficit
USR-06334,33,Female,Remote Tech,Intermediate,75,YouTube,20,1,0,7,40.6,5.98,21.6,21.2,2,3.2,Moderate Debt
USR-06335,25,Male,Freelance / Creative,Intermediate,51,YouTube,10,0,110,86,35.5,7.47,22.8,20.7,2,2.0,Mild Deficit
USR-06336,42,Female,Freelance / Creative,Night Owl,104,Messaging / Chat,40,1,118,24,48.8,4.21,25.6,20.0,4,6.6,Moderate Debt
USR-06337,23,Female,Remote Tech,Intermediate,54,TikTok / Reels,84,1,113,61,49.6,6.85,23.6,17.1,3,5.1,Mild Deficit
USR-06338,24,Male,Healthcare / Shift Worker,Night Owl,157,Instagram / Reddit,60,0,0,55,84.8,3.2,20.7,19.4,7,10.0,Severe Sleep Debt
USR-06339,31,Female,Remote Tech,Night Owl,163,YouTube,40,1,0,51,65.3,3.2,25.7,19.5,6,8.7,Severe Sleep Debt
USR-06340,26,Female,Remote Tech,Intermediate,37,TikTok / Reels,39,0,0,46,24.7,7.14,24.4,17.0,1,1.0,Mild Deficit
USR-06341,25,Female,Corporate 9-to-5,Intermediate,12,Messaging / Chat,62,0,57,14,18.2,8.06,18.3,17.8,2,1.0,Optimal Recovery
USR-06342,38,Female,Remote Tech,Intermediate,59,Streaming (Netflix/Hulu),56,1,0,48,30.8,7.21,24.5,19.0,2,1.0,Mild Deficit
USR-06343,38,Female,Freelance / Creative,Night Owl,20,TikTok / Reels,68,1,20,33,18.4,6.41,21.7,20.5,1,1.1,Moderate Debt
USR-06344,46,Male,Healthcare / Shift Worker,Morning Lark,18,Streaming (Netflix/Hulu),90,0,49,0,17.3,6.74,16.8,17.2,1,2.2,Moderate Debt
USR-06345,30,Male,Healthcare / Shift Worker,Intermediate,90,TikTok / Reels,77,0,0,49,62.4,4.79,20.0,17.7,4,7.2,Moderate Debt
USR-06346,20,Male,Corporate 9-to-5,Morning Lark,64,Streaming (Netflix/Hulu),76,1,24,32,35.8,6.92,25.8,23.0,2,1.4,Mild Deficit
USR-06347,26,Female,Remote Tech,Intermediate,33,TikTok / Reels,52,1,20,0,31.7,7.64,22.0,18.2,1,1.0,Mild Deficit
USR-06348,62,Non-Binary,Corporate 9-to-5,Intermediate,54,Messaging / Chat,10,0,0,86,35.9,6.67,24.1,19.3,3,1.0,Moderate Debt
USR-06349,36,Male,Corporate 9-to-5,Morning Lark,57,YouTube,12,1,0,75,24.2,8.72,26.7,21.2,0,1.0,Optimal Recovery
USR-06350,40,Female,Remote Tech,Intermediate,63,Instagram / Reddit,64,0,0,44,49.9,6.72,21.1,21.2,3,2.1,Moderate Debt
USR-06351,18,Male,Remote Tech,Night Owl,100,Messaging / Chat,43,1,35,43,49.0,3.89,23.7,19.1,4,7.9,Moderate Debt
USR-06352,33,Male,Remote Tech,Night Owl,50,YouTube,87,0,0,39,33.4,5.96,21.2,19.1,3,4.4,Moderate Debt
USR-06353,19,Male,Remote Tech,Morning Lark,13,TikTok / Reels,83,1,0,0,28.7,7.38,19.0,17.7,1,1.0,Mild Deficit
USR-06354,35,Female,Corporate 9-to-5,Night Owl,125,Instagram / Reddit,57,1,56,46,66.8,4.87,20.7,16.2,5,7.9,Moderate Debt
USR-06355,54,Female,Corporate 9-to-5,Night Owl,51,TikTok / Reels,45,0,29,43,33.9,5.24,22.5,17.9,4,4.7,Moderate Debt
USR-06356,60,Male,Healthcare / Shift Worker,Morning Lark,32,Streaming (Netflix/Hulu),36,0,23,45,20.1,7.45,26.9,19.9,2,1.0,Mild Deficit
USR-06357,34,Female,Corporate 9-to-5,Intermediate,20,Streaming (Netflix/Hulu),86,1,36,21,26.1,8.3,21.1,15.7,0,1.0,Optimal Recovery
USR-06358,31,Male,Corporate 9-to-5,Night Owl,56,YouTube,58,1,0,31,39.0,5.69,24.4,19.2,3,4.0,Moderate Debt
USR-06359,57,Male,Healthcare / Shift Worker,Morning Lark,45,Streaming (Netflix/Hulu),40,0,0,41,20.3,6.21,21.9,19.6,3,3.2,Moderate Debt
USR-06360,39,Male,Freelance / Creative,Night Owl,28,YouTube,52,0,0,32,25.1,4.88,23.1,18.7,3,4.3,Moderate Debt
USR-06361,20,Female,Student,Intermediate,92,Messaging / Chat,49,1,0,35,45.5,6.16,23.4,19.6,3,2.3,Moderate Debt
USR-06362,31,Male,Corporate 9-to-5,Morning Lark,23,YouTube,90,0,0,43,30.1,8.4,19.8,19.5,0,1.0,Optimal Recovery
USR-06363,25,Female,Corporate 9-to-5,Intermediate,22,Instagram / Reddit,58,1,101,42,28.6,7.75,24.8,17.2,1,1.0,Optimal Recovery
USR-06364,31,Male,Freelance / Creative,Intermediate,32,YouTube,55,1,62,40,35.9,7.42,24.6,21.6,1,1.0,Mild Deficit
USR-06365,31,Male,Healthcare / Shift Worker,Intermediate,11,Streaming (Netflix/Hulu),28,1,0,44,15.7,7.3,23.0,18.8,2,1.3,Mild Deficit
USR-06366,35,Female,Remote Tech,Intermediate,13,TikTok / Reels,64,0,32,12,15.0,7.26,22.2,18.2,1,1.0,Mild Deficit
USR-06367,28,Male,Corporate 9-to-5,Intermediate,24,TikTok / Reels,56,0,20,24,39.9,7.54,21.4,16.3,3,1.5,Mild Deficit
USR-06368,23,Female,Corporate 9-to-5,Intermediate,37,TikTok / Reels,66,1,0,9,35.6,6.04,23.9,20.7,3,2.5,Moderate Debt
USR-06369,32,Female,Corporate 9-to-5,Morning Lark,24,Instagram / Reddit,56,1,109,20,36.6,8.14,18.7,18.3,1,1.0,Optimal Recovery
USR-06370,46,Female,Student,Night Owl,57,Instagram / Reddit,48,0,0,33,38.4,4.38,20.3,19.1,6,7.6,Moderate Debt
USR-06371,38,Female,Corporate 9-to-5,Intermediate,26,YouTube,56,1,41,14,27.5,7.22,25.3,17.3,1,1.2,Mild Deficit
USR-06372,28,Female,Freelance / Creative,Night Owl,60,News / Reading,40,1,48,80,33.4,5.57,23.8,18.8,2,4.1,Moderate Debt
USR-06373,56,Female,Corporate 9-to-5,Night Owl,29,YouTube,58,0,0,71,29.6,4.96,23.1,20.6,4,4.9,Moderate Debt
USR-06374,53,Male,Student,Intermediate,55,Messaging / Chat,81,0,0,6,34.4,6.71,19.2,18.9,1,2.9,Moderate Debt
USR-06375,24,Male,Corporate 9-to-5,Morning Lark,118,YouTube,73,0,0,36,65.1,6.96,17.0,16.3,3,4.2,Mild Deficit
USR-06376,19,Male,Remote Tech,Night Owl,64,TikTok / Reels,49,1,0,72,43.6,4.97,25.4,20.6,3,5.9,Moderate Debt
USR-06377,42,Female,Corporate 9-to-5,Night Owl,12,YouTube,51,0,76,20,17.2,6.53,21.8,20.8,1,2.0,Moderate Debt
USR-06378,46,Male,Student,Morning Lark,24,Streaming (Netflix/Hulu),67,1,60,51,22.7,8.02,19.6,16.3,1,1.2,Optimal Recovery
USR-06379,60,Male,Remote Tech,Night Owl,15,YouTube,62,1,61,69,17.7,5.51,26.6,14.9,2,2.6,Moderate Debt
USR-06380,51,Female,Corporate 9-to-5,Morning Lark,17,Messaging / Chat,55,0,117,44,21.9,8.82,22.9,21.4,0,1.0,Optimal Recovery
USR-06381,36,Male,Healthcare / Shift Worker,Morning Lark,89,News / Reading,44,0,112,59,59.0,4.83,20.6,23.1,4,7.6,Moderate Debt
USR-06382,33,Female,Remote Tech,Intermediate,43,YouTube,37,1,0,6,30.1,6.3,20.9,19.3,1,2.5,Moderate Debt
USR-06383,19,Male,Freelance / Creative,Morning Lark,46,TikTok / Reels,37,0,38,23,36.3,7.71,21.6,19.5,3,1.5,Mild Deficit
USR-06384,25,Female,Freelance / Creative,Night Owl,90,TikTok / Reels,52,0,0,34,57.8,5.19,25.6,18.3,5,6.1,Moderate Debt
USR-06385,31,Female,Freelance / Creative,Night Owl,26,Instagram / Reddit,62,0,0,32,20.0,6.4,20.7,17.4,3,2.5,Moderate Debt
USR-06386,37,Male,Corporate 9-to-5,Intermediate,56,YouTube,21,0,50,58,28.8,6.38,26.7,19.4,2,2.2,Moderate Debt
USR-06387,34,Female,Corporate 9-to-5,Morning Lark,75,News / Reading,70,0,47,42,52.1,6.7,21.7,19.5,4,4.9,Moderate Debt
USR-06388,42,Female,Freelance / Creative,Intermediate,40,Streaming (Netflix/Hulu),34,0,117,37,37.7,7.36,24.3,17.2,1,2.7,Mild Deficit
USR-06389,26,Male,Remote Tech,Intermediate,129,Messaging / Chat,41,0,0,0,61.6,4.86,22.0,24.7,5,7.7,Moderate Debt
USR-06390,35,Male,Corporate 9-to-5,Intermediate,42,YouTube,50,1,156,31,50.3,6.39,15.0,18.9,4,4.7,Moderate Debt
USR-06391,21,Male,Student,Morning Lark,22,TikTok / Reels,63,0,0,9,32.1,7.95,22.0,21.5,2,1.0,Optimal Recovery
USR-06392,30,Female,Corporate 9-to-5,Intermediate,28,Instagram / Reddit,85,0,0,19,35.3,7.95,21.9,23.8,3,1.0,Optimal Recovery
USR-06393,42,Female,Student,Intermediate,54,Instagram / Reddit,46,0,69,25,48.0,5.79,23.5,22.5,4,4.5,Moderate Debt
USR-06394,40,Male,Healthcare / Shift Worker,Night Owl,76,Streaming (Netflix/Hulu),77,0,27,49,63.2,3.2,22.3,20.4,7,10.0,Severe Sleep Debt
USR-06395,64,Female,Healthcare / Shift Worker,Night Owl,23,Messaging / Chat,47,1,40,35,13.2,4.64,18.6,21.3,3,4.1,Moderate Debt
USR-06396,26,Female,Corporate 9-to-5,Intermediate,103,YouTube,82,0,0,68,63.4,5.58,19.5,20.2,3,6.3,Moderate Debt
USR-06397,32,Male,Remote Tech,Intermediate,22,YouTube,54,1,84,52,31.9,8.56,25.1,17.4,1,1.0,Optimal Recovery
USR-06398,27,Female,Remote Tech,Morning Lark,113,TikTok / Reels,25,1,0,27,53.1,6.38,26.6,21.3,2,2.5,Moderate Debt
USR-06399,30,Female,Remote Tech,Morning Lark,30,Streaming (Netflix/Hulu),41,1,91,3,31.6,7.79,21.8,18.1,2,1.3,Optimal Recovery
USR-06400,49,Female,Corporate 9-to-5,Night Owl,5,Instagram / Reddit,55,0,20,31,13.9,7.06,24.4,21.2,1,1.0,Mild Deficit
USR-06401,39,Female,Remote Tech,Intermediate,70,Instagram / Reddit,51,0,42,58,38.3,6.88,22.5,20.6,2,2.0,Mild Deficit
USR-06402,51,Female,Remote Tech,Morning Lark,9,YouTube,35,0,85,16,35.0,8.68,24.9,18.0,2,1.0,Optimal Recovery
USR-06403,24,Female,Remote Tech,Intermediate,180,Streaming (Netflix/Hulu),29,0,90,24,75.4,4.96,23.0,16.4,5,8.0,Moderate Debt
USR-06404,50,Female,Healthcare / Shift Worker,Night Owl,53,Messaging / Chat,71,1,0,19,29.9,4.49,19.6,23.9,4,6.9,Moderate Debt
USR-06405,20,Male,Remote Tech,Intermediate,18,TikTok / Reels,10,1,0,38,22.5,7.2,25.1,16.9,0,1.0,Mild Deficit
USR-06406,51,Male,Corporate 9-to-5,Morning Lark,38,YouTube,65,0,0,23,20.0,8.73,25.5,20.6,0,1.0,Optimal Recovery
USR-06407,27,Female,Student,Night Owl,16,YouTube,33,0,0,23,33.7,5.12,20.0,20.5,4,5.4,Moderate Debt
USR-06408,27,Female,Healthcare / Shift Worker,Intermediate,68,YouTube,93,1,143,32,49.3,4.46,19.5,16.2,4,7.3,Moderate Debt
USR-06409,33,Female,Corporate 9-to-5,Intermediate,12,YouTube,15,0,0,35,20.0,8.45,19.2,19.7,0,1.0,Optimal Recovery
USR-06410,56,Female,Student,Intermediate,10,Streaming (Netflix/Hulu),13,1,0,46,17.6,7.69,28.0,18.3,1,1.0,Mild Deficit
USR-06411,19,Female,Corporate 9-to-5,Night Owl,130,TikTok / Reels,46,1,0,34,71.9,3.84,24.1,21.1,5,8.1,Moderate Debt
USR-06412,28,Male,Corporate 9-to-5,Night Owl,23,YouTube,75,0,0,65,23.0,5.97,19.8,19.8,1,2.9,Moderate Debt
USR-06413,49,Male,Freelance / Creative,Intermediate,58,YouTube,99,0,0,31,54.8,7.2,20.2,20.1,3,3.1,Mild Deficit
USR-06414,29,Male,Freelance / Creative,Morning Lark,42,TikTok / Reels,75,1,0,0,26.9,7.49,21.2,16.9,1,1.0,Mild Deficit
USR-06415,24,Female,Remote Tech,Intermediate,34,YouTube,58,0,0,27,26.4,7.48,22.8,19.2,0,1.0,Mild Deficit
USR-06416,30,Female,Student,Morning Lark,35,TikTok / Reels,36,0,0,22,34.0,9.07,21.4,15.2,0,1.0,Optimal Recovery
USR-06417,29,Male,Healthcare / Shift Worker,Morning Lark,76,TikTok / Reels,40,0,0,46,55.6,5.08,19.9,18.3,4,7.1,Moderate Debt
USR-06418,54,Female,Freelance / Creative,Intermediate,44,Instagram / Reddit,42,0,118,44,33.9,6.28,26.0,17.9,2,2.1,Moderate Debt
USR-06419,43,Male,Remote Tech,Morning Lark,20,News / Reading,47,1,0,42,20.3,8.28,22.8,21.1,2,1.0,Optimal Recovery
USR-06420,32,Male,Remote Tech,Night Owl,18,Streaming (Netflix/Hulu),50,0,0,51,28.9,6.3,26.0,24.3,1,1.1,Moderate Debt
USR-06421,63,Male,Remote Tech,Morning Lark,104,YouTube,59,0,0,48,50.8,7.01,18.2,16.3,2,2.5,Mild Deficit
USR-06422,31,Male,Corporate 9-to-5,Intermediate,79,YouTube,43,0,92,59,38.6,6.05,19.5,17.5,4,4.6,Moderate Debt
USR-06423,20,Male,Remote Tech,Morning Lark,128,YouTube,58,1,20,49,68.3,5.88,19.6,18.0,5,5.3,Moderate Debt
USR-06424,26,Male,Healthcare / Shift Worker,Intermediate,80,TikTok / Reels,63,0,0,37,56.1,4.6,26.2,16.5,5,7.1,Moderate Debt
USR-06425,30,Male,Healthcare / Shift Worker,Morning Lark,23,TikTok / Reels,33,1,0,59,33.9,5.46,24.0,15.6,4,4.0,Moderate Debt
USR-06426,23,Female,Healthcare / Shift Worker,Intermediate,41,TikTok / Reels,30,0,0,45,29.9,4.56,24.8,18.7,3,4.8,Moderate Debt
USR-06427,57,Male,Corporate 9-to-5,Night Owl,106,Instagram / Reddit,77,1,0,47,55.1,3.2,20.3,17.9,5,8.9,Severe Sleep Debt
USR-06428,43,Female,Remote Tech,Night Owl,20,Streaming (Netflix/Hulu),57,0,0,21,20.6,7.36,22.7,23.3,2,1.4,Mild Deficit
USR-06429,26,Female,Corporate 9-to-5,Intermediate,13,YouTube,52,1,0,15,22.2,6.81,26.7,23.4,1,1.0,Mild Deficit
USR-06430,35,Female,Corporate 9-to-5,Morning Lark,134,News / Reading,26,0,21,29,48.9,5.88,25.5,18.7,3,5.0,Moderate Debt
USR-06431,41,Female,Freelance / Creative,Morning Lark,130,TikTok / Reels,70,1,57,56,76.2,5.26,23.3,17.4,5,7.6,Moderate Debt
USR-06432,56,Female,Remote Tech,Night Owl,110,News / Reading,55,1,0,32,53.2,4.65,22.3,23.6,5,7.4,Moderate Debt
USR-06433,51,Male,Student,Morning Lark,104,Instagram / Reddit,85,0,37,24,62.3,6.6,16.7,18.6,3,6.0,Moderate Debt
USR-06434,33,Female,Corporate 9-to-5,Intermediate,88,YouTube,59,0,0,23,46.7,6.0,20.3,23.4,3,4.5,Moderate Debt
USR-06435,43,Female,Remote Tech,Night Owl,111,News / Reading,50,1,0,62,40.7,4.26,22.3,24.6,3,6.9,Moderate Debt
USR-06436,34,Male,Student,Night Owl,25,Instagram / Reddit,43,1,0,2,18.9,6.59,20.7,15.5,1,1.0,Moderate Debt
USR-06437,34,Male,Corporate 9-to-5,Night Owl,39,YouTube,87,0,39,9,35.9,5.72,19.1,21.9,2,3.8,Moderate Debt
USR-06438,21,Male,Corporate 9-to-5,Night Owl,32,TikTok / Reels,75,0,20,12,28.6,5.78,19.7,16.0,1,3.2,Moderate Debt
USR-06439,22,Female,Corporate 9-to-5,Intermediate,64,TikTok / Reels,59,0,49,22,63.2,6.3,17.4,19.4,4,5.6,Moderate Debt
USR-06440,33,Male,Student,Night Owl,13,News / Reading,74,1,114,47,27.7,6.66,19.6,20.6,3,2.8,Moderate Debt
USR-06441,26,Female,Freelance / Creative,Intermediate,111,TikTok / Reels,62,0,0,22,76.3,5.29,17.1,18.4,4,6.8,Moderate Debt
USR-06442,18,Female,Healthcare / Shift Worker,Night Owl,13,News / Reading,19,1,31,3,19.6,4.77,17.1,24.1,4,5.3,Moderate Debt
USR-06443,41,Female,Freelance / Creative,Intermediate,88,YouTube,74,1,0,51,54.8,5.84,21.9,18.1,3,4.9,Moderate Debt
USR-06444,19,Female,Healthcare / Shift Worker,Intermediate,30,TikTok / Reels,69,0,0,45,34.5,6.2,20.0,18.0,2,3.4,Moderate Debt
USR-06445,36,Female,Healthcare / Shift Worker,Intermediate,63,YouTube,33,0,0,65,30.1,5.27,25.4,18.1,3,4.0,Moderate Debt
USR-06446,34,Non-Binary,Remote Tech,Morning Lark,55,Instagram / Reddit,67,1,0,87,43.4,6.84,23.4,17.3,3,1.8,Mild Deficit
USR-06447,60,Female,Remote Tech,Intermediate,8,YouTube,38,1,0,25,13.5,8.37,21.1,17.7,1,1.0,Optimal Recovery
USR-06448,32,Female,Remote Tech,Intermediate,57,Streaming (Netflix/Hulu),46,0,0,59,29.1,6.48,24.1,22.1,3,2.5,Moderate Debt
USR-06449,20,Female,Healthcare / Shift Worker,Intermediate,22,TikTok / Reels,58,1,0,16,21.2,6.45,23.6,18.3,1,1.2,Moderate Debt
USR-06450,34,Female,Corporate 9-to-5,Intermediate,9,Messaging / Chat,57,0,55,42,27.8,6.99,25.6,17.0,1,1.0,Mild Deficit
USR-06451,47,Male,Corporate 9-to-5,Intermediate,52,Messaging / Chat,53,1,0,1,33.2,7.03,19.0,19.5,2,2.0,Mild Deficit
USR-06452,65,Female,Freelance / Creative,Morning Lark,11,YouTube,23,0,0,37,16.8,8.31,24.6,19.4,0,1.0,Optimal Recovery
USR-06453,30,Male,Corporate 9-to-5,Intermediate,129,Streaming (Netflix/Hulu),56,0,0,62,53.8,4.32,22.5,23.2,5,9.4,Severe Sleep Debt
USR-06454,27,Female,Freelance / Creative,Night Owl,22,Streaming (Netflix/Hulu),88,1,0,83,13.7,6.37,27.9,18.6,2,2.0,Moderate Debt
USR-06455,53,Male,Student,Intermediate,54,Streaming (Netflix/Hulu),60,0,250,37,59.2,7.1,17.0,10.6,2,4.8,Mild Deficit
USR-06456,24,Male,Corporate 9-to-5,Intermediate,49,TikTok / Reels,51,1,46,13,30.7,7.38,18.1,16.7,2,2.7,Mild Deficit
USR-06457,36,Male,Student,Intermediate,89,Instagram / Reddit,69,0,78,63,66.4,5.45,24.5,20.4,5,6.8,Moderate Debt
USR-06458,29,Male,Healthcare / Shift Worker,Night Owl,29,Instagram / Reddit,58,1,0,54,19.6,3.82,27.4,21.6,5,6.3,Moderate Debt
USR-06459,19,Male,Corporate 9-to-5,Intermediate,32,TikTok / Reels,47,1,0,42,21.9,7.5,22.0,16.5,0,1.0,Mild Deficit
USR-06460,28,Female,Student,Morning Lark,50,TikTok / Reels,73,0,20,25,45.5,7.63,20.0,18.5,2,1.1,Mild Deficit
USR-06461,26,Female,Healthcare / Shift Worker,Night Owl,23,TikTok / Reels,60,0,52,16,33.5,4.83,22.3,18.4,4,5.0,Moderate Debt
USR-06462,39,Male,Corporate 9-to-5,Night Owl,34,YouTube,63,0,0,39,38.5,6.05,24.1,18.2,3,4.3,Moderate Debt
USR-06463,57,Male,Corporate 9-to-5,Night Owl,25,TikTok / Reels,51,1,0,45,18.6,5.75,26.3,19.5,2,2.9,Moderate Debt
USR-06464,26,Female,Corporate 9-to-5,Intermediate,59,TikTok / Reels,53,0,0,31,44.7,6.9,20.2,18.6,1,3.0,Mild Deficit
USR-06465,45,Female,Corporate 9-to-5,Night Owl,77,YouTube,71,1,20,42,36.9,4.76,23.1,17.5,3,4.3,Moderate Debt
USR-06466,19,Male,Corporate 9-to-5,Intermediate,96,TikTok / Reels,45,1,0,37,56.0,5.64,25.3,18.9,5,6.7,Moderate Debt
USR-06467,34,Female,Student,Night Owl,91,TikTok / Reels,100,0,33,72,67.4,4.29,19.8,18.7,5,9.0,Severe Sleep Debt
USR-06468,20,Female,Remote Tech,Night Owl,65,YouTube,43,0,0,54,33.1,5.21,26.6,19.6,3,3.5,Moderate Debt
USR-06469,56,Female,Healthcare / Shift Worker,Night Owl,65,Messaging / Chat,43,0,76,77,35.5,3.2,22.7,16.0,5,8.3,Moderate Debt
USR-06470,43,Male,Corporate 9-to-5,Intermediate,64,YouTube,76,1,117,16,53.3,6.69,22.2,20.5,2,3.5,Moderate Debt
USR-06471,38,Non-Binary,Remote Tech,Night Owl,45,YouTube,55,0,0,50,42.1,5.03,22.8,21.2,5,5.5,Moderate Debt
USR-06472,46,Female,Student,Morning Lark,19,YouTube,67,1,82,35,22.9,8.22,22.9,17.5,0,1.0,Optimal Recovery
USR-06473,38,Female,Healthcare / Shift Worker,Morning Lark,114,Messaging / Chat,85,0,28,45,63.6,5.46,25.4,22.4,4,6.6,Moderate Debt
USR-06474,60,Female,Remote Tech,Intermediate,63,Instagram / Reddit,63,1,109,25,46.6,5.87,19.6,14.0,2,4.9,Moderate Debt
USR-06475,40,Female,Remote Tech,Intermediate,78,TikTok / Reels,62,0,0,15,41.4,7.98,21.0,22.7,2,2.2,Optimal Recovery
USR-06476,55,Male,Healthcare / Shift Worker,Morning Lark,31,Streaming (Netflix/Hulu),44,1,0,13,20.0,6.04,22.8,19.9,2,2.5,Moderate Debt
USR-06477,33,Male,Corporate 9-to-5,Intermediate,161,TikTok / Reels,38,0,0,59,88.9,3.2,27.8,17.2,7,10.0,Severe Sleep Debt
USR-06478,21,Female,Corporate 9-to-5,Morning Lark,104,TikTok / Reels,24,0,0,25,55.6,6.0,19.9,16.6,4,5.6,Moderate Debt
USR-06479,33,Male,Remote Tech,Intermediate,36,YouTube,41,0,95,43,24.8,8.3,23.4,20.0,0,1.0,Optimal Recovery
USR-06480,22,Male,Healthcare / Shift Worker,Night Owl,30,TikTok / Reels,46,1,166,0,28.2,4.48,17.7,15.3,5,6.2,Moderate Debt
USR-06481,36,Female,Corporate 9-to-5,Night Owl,78,Streaming (Netflix/Hulu),40,1,0,22,33.8,5.14,18.3,21.0,3,4.0,Moderate Debt
USR-06482,32,Female,Remote Tech,Intermediate,45,Instagram / Reddit,50,1,0,41,35.3,6.28,24.7,19.2,2,1.6,Moderate Debt
USR-06483,37,Non-Binary,Remote Tech,Night Owl,58,Streaming (Netflix/Hulu),46,0,0,24,30.2,4.96,23.5,18.8,3,3.7,Moderate Debt
USR-06484,18,Female,Freelance / Creative,Intermediate,110,YouTube,72,0,0,21,66.4,5.51,18.8,21.2,5,6.3,Moderate Debt
USR-06485,24,Male,Corporate 9-to-5,Night Owl,58,YouTube,29,1,0,51,34.3,4.96,25.4,21.1,4,3.9,Moderate Debt
USR-06486,32,Female,Corporate 9-to-5,Intermediate,43,Instagram / Reddit,75,0,0,30,51.2,6.36,24.2,22.1,4,3.9,Moderate Debt
USR-06487,58,Male,Remote Tech,Night Owl,66,Instagram / Reddit,69,1,0,40,43.2,5.02,21.8,18.4,3,4.2,Moderate Debt
USR-06488,29,Male,Remote Tech,Night Owl,14,TikTok / Reels,37,1,22,33,21.1,6.08,27.6,15.2,2,2.6,Moderate Debt
USR-06489,30,Male,Student,Intermediate,56,Streaming (Netflix/Hulu),30,1,133,52,41.9,6.14,22.9,20.6,2,2.3,Moderate Debt
USR-06490,40,Male,Student,Intermediate,16,News / Reading,66,1,0,6,14.9,7.27,21.5,23.8,1,1.0,Mild Deficit
USR-06491,36,Male,Student,Intermediate,73,Instagram / Reddit,66,1,0,60,37.2,6.64,27.4,19.5,3,2.5,Moderate Debt
USR-06492,27,Male,Healthcare / Shift Worker,Intermediate,4,YouTube,39,1,126,49,25.5,4.9,25.9,21.0,4,4.9,Moderate Debt
USR-06493,29,Female,Freelance / Creative,Intermediate,44,TikTok / Reels,29,0,63,46,42.1,6.7,20.6,20.0,2,1.5,Moderate Debt
USR-06494,24,Female,Remote Tech,Intermediate,127,Streaming (Netflix/Hulu),47,0,0,49,61.2,4.73,23.0,19.1,5,8.0,Moderate Debt
USR-06495,60,Male,Freelance / Creative,Intermediate,99,News / Reading,10,0,98,13,49.6,5.12,18.2,22.5,6,7.7,Moderate Debt
USR-06496,22,Male,Corporate 9-to-5,Intermediate,58,Streaming (Netflix/Hulu),66,0,75,41,34.4,7.11,22.9,22.7,2,2.9,Mild Deficit
USR-06497,29,Female,Student,Night Owl,135,TikTok / Reels,42,0,0,44,77.5,3.2,26.2,17.4,5,9.7,Severe Sleep Debt
USR-06498,18,Female,Remote Tech,Night Owl,34,Messaging / Chat,59,1,0,21,15.8,6.43,23.0,19.7,1,2.0,Moderate Debt
USR-06499,25,Male,Healthcare / Shift Worker,Morning Lark,23,TikTok / Reels,91,1,61,50,31.4,6.72,23.1,19.1,3,2.9,Moderate Debt
USR-06500,44,Female,Remote Tech,Morning Lark,42,Instagram / Reddit,47,1,0,36,25.3,8.48,19.9,17.9,0,1.0,Optimal Recovery
USR-06501,24,Female,Healthcare / Shift Worker,Morning Lark,41,YouTube,69,1,0,64,19.2,7.76,21.4,21.6,0,1.0,Optimal Recovery
USR-06502,20,Male,Freelance / Creative,Morning Lark,44,Streaming (Netflix/Hulu),50,0,0,50,27.7,8.07,24.6,19.2,0,1.0,Optimal Recovery
USR-06503,31,Male,Student,Morning Lark,51,Streaming (Netflix/Hulu),46,1,62,50,28.2,8.23,18.2,19.0,1,1.0,Optimal Recovery
USR-06504,18,Female,Student,Night Owl,12,Instagram / Reddit,86,1,0,24,8.4,5.26,20.9,20.0,2,2.7,Moderate Debt
USR-06505,20,Female,Corporate 9-to-5,Night Owl,28,Streaming (Netflix/Hulu),44,0,0,68,27.3,5.85,21.0,20.7,2,3.1,Moderate Debt
USR-06506,45,Female,Corporate 9-to-5,Intermediate,34,Instagram / Reddit,66,0,20,38,26.2,6.5,19.5,22.1,1,1.3,Moderate Debt
USR-06507,43,Female,Freelance / Creative,Intermediate,133,Messaging / Chat,61,0,0,32,69.2,5.08,18.0,18.0,6,8.2,Moderate Debt
USR-06508,54,Male,Student,Night Owl,33,TikTok / Reels,63,1,68,55,49.8,5.23,22.3,17.3,4,6.5,Moderate Debt
USR-06509,48,Female,Remote Tech,Night Owl,36,Instagram / Reddit,68,0,0,24,30.9,6.15,24.3,18.0,3,2.7,Moderate Debt
USR-06510,39,Female,Remote Tech,Night Owl,76,TikTok / Reels,65,1,0,69,48.4,5.28,28.0,17.5,5,4.7,Moderate Debt
USR-06511,19,Female,Corporate 9-to-5,Morning Lark,42,Messaging / Chat,44,0,55,87,32.3,7.41,23.8,17.1,1,1.0,Mild Deficit
USR-06512,44,Female,Remote Tech,Morning Lark,154,News / Reading,46,1,44,4,50.5,5.58,17.2,18.2,4,6.1,Moderate Debt
USR-06513,48,Non-Binary,Remote Tech,Morning Lark,81,TikTok / Reels,61,1,0,75,59.7,7.59,25.3,18.1,2,1.0,Mild Deficit
USR-06514,45,Female,Corporate 9-to-5,Intermediate,73,Instagram / Reddit,18,1,0,39,40.1,6.49,17.9,20.3,3,3.6,Moderate Debt
USR-06515,33,Male,Corporate 9-to-5,Night Owl,13,YouTube,62,1,168,15,32.4,5.96,23.5,16.9,1,3.4,Moderate Debt
USR-06516,25,Male,Remote Tech,Intermediate,60,TikTok / Reels,43,1,0,8,37.9,7.03,23.2,22.6,2,1.5,Mild Deficit
USR-06517,48,Male,Remote Tech,Night Owl,53,Instagram / Reddit,76,1,0,0,33.7,4.45,24.9,21.6,3,4.8,Moderate Debt
USR-06518,41,Male,Corporate 9-to-5,Intermediate,91,TikTok / Reels,16,0,0,12,52.0,5.86,22.5,15.0,4,3.6,Moderate Debt
USR-06519,62,Female,Remote Tech,Night Owl,74,YouTube,64,1,0,41,46.7,4.04,17.4,22.3,4,7.3,Moderate Debt
USR-06520,23,Male,Freelance / Creative,Morning Lark,67,YouTube,60,0,203,17,56.6,6.96,18.1,15.5,3,5.7,Mild Deficit
USR-06521,25,Female,Remote Tech,Morning Lark,62,TikTok / Reels,58,1,0,14,58.7,7.66,18.8,18.2,2,2.1,Mild Deficit
USR-06522,24,Male,Healthcare / Shift Worker,Intermediate,33,YouTube,81,0,21,18,35.7,4.94,26.1,19.6,5,5.7,Moderate Debt
USR-06523,44,Female,Freelance / Creative,Morning Lark,23,YouTube,55,1,67,30,36.9,8.23,21.6,20.7,2,1.0,Optimal Recovery
USR-06524,24,Male,Corporate 9-to-5,Night Owl,63,Streaming (Netflix/Hulu),60,0,0,24,47.5,4.8,21.2,18.7,4,6.3,Moderate Debt
USR-06525,20,Female,Corporate 9-to-5,Morning Lark,24,Instagram / Reddit,31,0,20,20,27.3,8.51,27.8,21.1,0,1.0,Optimal Recovery
USR-06526,65,Male,Remote Tech,Night Owl,50,Streaming (Netflix/Hulu),58,0,0,59,32.6,5.52,25.2,20.8,4,3.7,Moderate Debt
USR-06527,18,Female,Remote Tech,Morning Lark,119,TikTok / Reels,50,1,0,62,77.2,5.52,25.3,19.8,3,6.3,Moderate Debt
USR-06528,47,Male,Remote Tech,Intermediate,134,YouTube,50,1,0,0,59.9,4.61,23.2,19.0,5,6.8,Moderate Debt
USR-06529,28,Female,Corporate 9-to-5,Night Owl,42,News / Reading,23,0,0,34,25.3,5.79,18.5,18.5,2,2.8,Moderate Debt
USR-06530,47,Female,Student,Night Owl,96,Instagram / Reddit,90,1,0,35,62.2,4.3,22.8,22.6,5,6.1,Moderate Debt
USR-06531,34,Male,Corporate 9-to-5,Intermediate,50,YouTube,36,0,0,0,32.4,7.13,22.4,20.7,3,2.5,Mild Deficit
USR-06532,52,Male,Freelance / Creative,Night Owl,23,Messaging / Chat,49,1,0,27,17.5,6.29,26.4,19.7,1,1.2,Moderate Debt
USR-06533,55,Female,Corporate 9-to-5,Intermediate,50,TikTok / Reels,25,1,0,28,39.5,6.11,22.9,20.8,2,2.2,Moderate Debt
USR-06534,18,Male,Freelance / Creative,Intermediate,180,YouTube,26,0,0,48,73.0,4.25,21.1,21.1,4,7.3,Moderate Debt
USR-06535,20,Male,Corporate 9-to-5,Night Owl,71,TikTok / Reels,26,1,98,22,51.0,4.31,16.9,14.0,7,9.3,Severe Sleep Debt
USR-06536,25,Male,Corporate 9-to-5,Intermediate,26,TikTok / Reels,86,0,41,10,26.8,7.94,20.1,18.3,0,1.0,Optimal Recovery
USR-06537,39,Female,Corporate 9-to-5,Intermediate,63,YouTube,23,0,0,68,44.3,7.12,24.7,18.8,4,3.4,Mild Deficit
USR-06538,51,Female,Freelance / Creative,Intermediate,83,TikTok / Reels,44,1,20,28,61.2,5.9,21.8,19.5,4,4.7,Moderate Debt
USR-06539,31,Male,Corporate 9-to-5,Intermediate,95,Instagram / Reddit,47,0,0,26,49.8,5.51,21.3,20.6,4,5.2,Moderate Debt
USR-06540,36,Female,Student,Morning Lark,42,Messaging / Chat,40,1,59,0,36.2,7.46,22.5,16.4,2,1.5,Mild Deficit
USR-06541,24,Male,Healthcare / Shift Worker,Morning Lark,136,Messaging / Chat,38,1,0,27,63.4,4.86,25.3,19.6,4,6.2,Moderate Debt
USR-06542,45,Female,Student,Night Owl,46,Streaming (Netflix/Hulu),46,1,0,43,32.4,4.84,26.9,19.5,5,4.7,Moderate Debt
USR-06543,60,Female,Remote Tech,Intermediate,63,YouTube,30,1,60,32,38.8,5.5,20.8,16.9,3,4.7,Moderate Debt
USR-06544,26,Male,Freelance / Creative,Intermediate,14,Instagram / Reddit,74,1,0,12,22.5,7.22,26.0,21.7,1,1.0,Mild Deficit
USR-06545,32,Male,Healthcare / Shift Worker,Night Owl,113,Instagram / Reddit,86,0,0,27,75.1,3.2,17.9,18.2,7,10.0,Severe Sleep Debt
USR-06546,20,Male,Remote Tech,Intermediate,19,TikTok / Reels,80,1,0,28,24.8,7.35,21.2,15.0,4,2.0,Mild Deficit
USR-06547,34,Female,Remote Tech,Night Owl,79,TikTok / Reels,16,1,0,33,52.0,4.61,19.8,17.1,4,6.5,Moderate Debt
USR-06548,32,Female,Freelance / Creative,Night Owl,36,Messaging / Chat,15,0,59,67,41.0,5.47,24.9,17.4,4,5.2,Moderate Debt
USR-06549,22,Female,Freelance / Creative,Night Owl,19,YouTube,24,0,0,52,29.1,4.55,24.5,22.6,4,4.5,Moderate Debt
USR-06550,30,Female,Remote Tech,Intermediate,37,News / Reading,66,0,0,60,18.9,8.04,20.7,21.6,1,1.0,Optimal Recovery
USR-06551,28,Male,Healthcare / Shift Worker,Intermediate,13,Streaming (Netflix/Hulu),45,0,124,0,24.2,5.12,17.3,15.0,3,5.7,Moderate Debt
USR-06552,33,Male,Corporate 9-to-5,Intermediate,30,Instagram / Reddit,100,0,0,29,27.3,6.71,25.7,22.6,2,1.0,Moderate Debt
USR-06553,35,Female,Remote Tech,Intermediate,33,Streaming (Netflix/Hulu),55,1,0,43,31.1,6.64,21.6,22.7,2,1.7,Moderate Debt
USR-06554,18,Male,Corporate 9-to-5,Intermediate,20,YouTube,76,0,0,24,27.4,7.99,23.2,21.6,1,1.0,Optimal Recovery
USR-06555,43,Female,Corporate 9-to-5,Intermediate,61,TikTok / Reels,77,0,0,19,43.6,6.97,20.0,13.7,1,1.7,Mild Deficit
USR-06556,40,Male,Student,Morning Lark,48,Instagram / Reddit,35,1,20,44,34.9,6.8,22.8,19.4,2,2.5,Mild Deficit
USR-06557,28,Female,Remote Tech,Morning Lark,61,Streaming (Netflix/Hulu),38,0,0,28,27.0,7.06,24.1,24.9,2,1.3,Mild Deficit
USR-06558,19,Male,Corporate 9-to-5,Intermediate,33,Streaming (Netflix/Hulu),86,1,0,32,28.1,7.32,26.3,22.8,2,1.0,Mild Deficit
USR-06559,42,Female,Remote Tech,Night Owl,43,Instagram / Reddit,21,1,0,48,28.4,5.9,20.5,17.0,3,3.7,Moderate Debt
USR-06560,58,Female,Remote Tech,Morning Lark,18,YouTube,52,1,0,94,18.1,7.51,26.9,23.4,2,1.0,Mild Deficit
USR-06561,25,Female,Freelance / Creative,Morning Lark,31,TikTok / Reels,69,0,97,32,44.6,7.69,17.8,17.3,1,2.5,Mild Deficit
USR-06562,27,Female,Healthcare / Shift Worker,Intermediate,19,TikTok / Reels,65,0,0,51,18.2,5.6,25.0,19.9,3,3.7,Moderate Debt
USR-06563,23,Female,Remote Tech,Intermediate,40,News / Reading,47,0,0,56,29.8,7.24,21.4,21.5,0,1.0,Mild Deficit
USR-06564,35,Female,Freelance / Creative,Morning Lark,31,Streaming (Netflix/Hulu),46,0,61,61,25.0,7.38,26.4,20.3,2,1.2,Mild Deficit
USR-06565,23,Female,Corporate 9-to-5,Morning Lark,79,Instagram / Reddit,30,0,97,24,47.2,8.31,17.3,18.3,0,1.4,Optimal Recovery
USR-06566,28,Male,Student,Intermediate,84,Instagram / Reddit,37,1,101,47,55.0,5.6,18.6,15.9,3,6.2,Moderate Debt
USR-06567,40,Female,Freelance / Creative,Night Owl,56,Streaming (Netflix/Hulu),88,0,87,43,62.1,4.58,13.6,17.9,5,8.2,Moderate Debt
USR-06568,34,Male,Remote Tech,Morning Lark,82,Streaming (Netflix/Hulu),59,1,54,27,45.3,6.45,21.9,22.1,4,4.6,Moderate Debt
USR-06569,29,Female,Student,Intermediate,60,YouTube,43,1,0,30,38.3,6.63,28.0,23.9,3,1.0,Moderate Debt
USR-06570,30,Male,Corporate 9-to-5,Intermediate,34,Instagram / Reddit,67,1,0,37,19.8,7.45,20.7,21.6,2,1.0,Mild Deficit
USR-06571,34,Male,Corporate 9-to-5,Morning Lark,53,Messaging / Chat,46,0,40,14,36.3,7.9,16.0,19.0,1,1.0,Optimal Recovery
USR-06572,18,Female,Remote Tech,Morning Lark,123,YouTube,33,1,0,38,59.8,7.02,25.3,16.8,2,2.4,Mild Deficit
USR-06573,20,Male,Freelance / Creative,Intermediate,91,Streaming (Netflix/Hulu),43,1,0,38,39.0,5.48,22.9,21.5,4,4.7,Moderate Debt
USR-06574,51,Female,Remote Tech,Night Owl,51,Messaging / Chat,27,0,0,15,22.5,5.66,18.3,20.2,3,3.2,Moderate Debt
USR-06575,20,Male,Freelance / Creative,Intermediate,13,Instagram / Reddit,87,0,31,28,23.1,7.2,24.4,17.1,2,1.0,Mild Deficit
USR-06576,40,Male,Freelance / Creative,Intermediate,147,TikTok / Reels,68,0,142,53,108.7,4.6,19.9,14.5,6,10.0,Severe Sleep Debt
USR-06577,54,Female,Corporate 9-to-5,Intermediate,45,TikTok / Reels,67,0,0,10,35.9,6.79,22.6,17.0,3,2.7,Mild Deficit
USR-06578,26,Female,Remote Tech,Night Owl,99,TikTok / Reels,44,0,61,60,64.7,4.99,21.3,16.1,4,6.5,Moderate Debt
USR-06579,28,Female,Student,Morning Lark,49,Streaming (Netflix/Hulu),54,0,46,58,29.1,6.73,25.2,20.5,2,2.6,Moderate Debt
USR-06580,35,Female,Remote Tech,Intermediate,10,Messaging / Chat,45,1,135,40,33.7,8.32,17.4,13.8,1,1.0,Optimal Recovery
USR-06581,51,Male,Corporate 9-to-5,Night Owl,108,TikTok / Reels,27,1,0,50,58.9,3.87,23.6,18.6,6,9.0,Severe Sleep Debt
USR-06582,57,Female,Freelance / Creative,Night Owl,61,YouTube,73,0,51,40,43.7,5.15,19.5,21.1,3,5.1,Moderate Debt
USR-06583,42,Female,Student,Intermediate,14,Messaging / Chat,71,1,142,14,28.5,7.7,18.7,19.4,3,1.7,Mild Deficit
USR-06584,21,Female,Remote Tech,Intermediate,42,TikTok / Reels,63,0,0,20,27.6,6.58,21.4,20.8,3,3.4,Moderate Debt
USR-06585,39,Female,Student,Intermediate,61,News / Reading,56,1,101,31,41.1,6.96,22.0,16.7,2,3.4,Mild Deficit
USR-06586,29,Female,Corporate 9-to-5,Intermediate,57,YouTube,37,0,82,53,58.0,6.89,22.5,16.7,4,4.1,Mild Deficit
USR-06587,31,Male,Remote Tech,Intermediate,91,News / Reading,62,1,57,13,45.5,6.1,19.4,25.7,5,5.1,Moderate Debt
USR-06588,19,Female,Freelance / Creative,Night Owl,61,YouTube,36,0,0,63,38.0,5.21,28.0,16.8,4,4.4,Moderate Debt
USR-06589,24,Male,Healthcare / Shift Worker,Night Owl,51,TikTok / Reels,38,0,150,5,41.0,3.35,21.0,20.8,5,8.8,Severe Sleep Debt
USR-06590,44,Female,Corporate 9-to-5,Intermediate,22,YouTube,36,1,0,39,26.5,7.08,24.7,17.0,2,1.0,Mild Deficit
USR-06591,31,Female,Remote Tech,Night Owl,139,Messaging / Chat,42,1,0,53,65.9,3.96,27.8,20.3,4,6.7,Moderate Debt
USR-06592,27,Male,Student,Night Owl,41,TikTok / Reels,40,1,0,32,33.9,6.25,22.4,20.7,2,1.1,Moderate Debt
USR-06593,29,Female,Corporate 9-to-5,Night Owl,33,Instagram / Reddit,70,0,0,44,31.3,4.96,25.7,18.2,3,4.2,Moderate Debt
USR-06594,48,Female,Corporate 9-to-5,Night Owl,24,Instagram / Reddit,35,0,94,0,27.8,5.27,25.1,18.3,3,3.6,Moderate Debt
USR-06595,42,Male,Remote Tech,Intermediate,30,News / Reading,55,1,176,42,36.0,7.96,22.1,15.5,0,1.0,Optimal Recovery
USR-06596,26,Female,Student,Intermediate,86,TikTok / Reels,67,0,0,14,77.3,5.34,17.6,19.7,5,8.0,Moderate Debt
USR-06597,21,Female,Corporate 9-to-5,Morning Lark,17,YouTube,79,0,32,0,21.5,9.67,21.3,17.9,0,1.0,Optimal Recovery
USR-06598,25,Male,Corporate 9-to-5,Morning Lark,38,TikTok / Reels,63,0,0,19,33.0,7.89,24.2,21.3,0,1.0,Optimal Recovery
USR-06599,54,Male,Corporate 9-to-5,Intermediate,10,Instagram / Reddit,17,0,0,77,15.5,7.87,28.0,20.1,0,1.0,Optimal Recovery
USR-06600,35,Female,Corporate 9-to-5,Morning Lark,28,Instagram / Reddit,50,1,0,52,32.2,7.45,24.5,19.2,3,1.0,Mild Deficit
USR-06601,33,Female,Remote Tech,Intermediate,32,TikTok / Reels,69,1,0,58,51.5,6.26,28.0,18.5,2,3.1,Moderate Debt
USR-06602,36,Female,Corporate 9-to-5,Intermediate,30,Messaging / Chat,35,0,42,58,34.5,7.75,21.2,20.9,2,1.0,Optimal Recovery
USR-06603,28,Female,Corporate 9-to-5,Intermediate,24,TikTok / Reels,82,1,0,22,6.3,6.8,22.9,19.1,2,2.0,Mild Deficit
USR-06604,45,Male,Healthcare / Shift Worker,Morning Lark,115,Instagram / Reddit,81,1,20,49,67.0,5.36,22.8,19.7,6,7.4,Moderate Debt
USR-06605,33,Male,Corporate 9-to-5,Morning Lark,32,Instagram / Reddit,65,0,0,65,29.2,7.05,16.9,19.0,1,1.0,Mild Deficit
USR-06606,21,Male,Remote Tech,Morning Lark,84,YouTube,74,1,0,36,49.3,6.93,24.3,20.8,2,3.2,Mild Deficit
USR-06607,22,Female,Freelance / Creative,Morning Lark,35,TikTok / Reels,79,1,0,5,32.5,8.63,20.6,20.1,0,1.0,Optimal Recovery
USR-06608,34,Female,Student,Night Owl,19,Messaging / Chat,56,1,98,27,32.3,5.59,22.8,18.4,3,3.2,Moderate Debt
USR-06609,56,Male,Student,Intermediate,76,YouTube,73,1,0,34,46.3,6.97,22.9,21.3,3,2.3,Mild Deficit
USR-06610,27,Female,Remote Tech,Intermediate,97,Instagram / Reddit,32,0,63,60,56.8,6.02,21.7,14.9,5,4.7,Moderate Debt
USR-06611,50,Male,Corporate 9-to-5,Morning Lark,19,TikTok / Reels,70,1,62,0,19.1,9.8,23.6,13.5,0,1.0,Optimal Recovery
USR-06612,43,Male,Student,Intermediate,71,Instagram / Reddit,63,1,0,36,44.2,5.59,24.0,20.6,3,4.4,Moderate Debt
USR-06613,25,Male,Student,Intermediate,41,Messaging / Chat,100,1,96,29,43.2,7.27,22.7,17.2,2,1.0,Mild Deficit
USR-06614,19,Female,Corporate 9-to-5,Morning Lark,152,YouTube,47,1,70,44,64.6,5.65,21.6,17.0,4,5.1,Moderate Debt
USR-06615,21,Female,Remote Tech,Night Owl,92,TikTok / Reels,81,1,138,36,74.1,4.21,21.8,16.1,4,7.6,Moderate Debt
USR-06616,41,Male,Freelance / Creative,Night Owl,125,TikTok / Reels,74,1,0,44,77.3,3.39,24.1,21.2,6,9.8,Severe Sleep Debt
USR-06617,24,Male,Corporate 9-to-5,Morning Lark,36,Streaming (Netflix/Hulu),53,1,225,34,48.5,7.1,15.8,15.0,3,4.1,Mild Deficit
USR-06618,28,Male,Remote Tech,Intermediate,130,TikTok / Reels,19,0,0,20,73.0,4.58,25.2,19.2,5,7.7,Moderate Debt
USR-06619,32,Female,Remote Tech,Intermediate,81,News / Reading,47,0,36,25,40.3,6.16,23.0,19.1,3,4.5,Moderate Debt
USR-06620,41,Male,Healthcare / Shift Worker,Intermediate,56,YouTube,53,0,0,37,32.2,4.32,21.0,17.7,3,5.1,Moderate Debt
USR-06621,21,Male,Healthcare / Shift Worker,Night Owl,75,YouTube,74,1,20,9,46.5,4.07,17.0,20.0,5,8.2,Moderate Debt
USR-06622,29,Female,Student,Morning Lark,24,YouTube,61,0,0,51,24.7,8.96,27.4,16.4,0,1.0,Optimal Recovery
USR-06623,32,Male,Remote Tech,Intermediate,56,TikTok / Reels,56,0,0,44,48.0,7.71,24.9,15.6,1,2.3,Mild Deficit
USR-06624,34,Male,Corporate 9-to-5,Intermediate,41,Instagram / Reddit,71,1,147,15,44.6,4.85,17.2,14.3,5,7.4,Moderate Debt
USR-06625,46,Female,Corporate 9-to-5,Intermediate,98,Streaming (Netflix/Hulu),70,1,0,40,51.4,5.76,22.2,19.7,3,4.8,Moderate Debt
USR-06626,23,Female,Student,Night Owl,8,Instagram / Reddit,74,1,0,40,12.4,6.89,24.5,19.0,1,1.0,Mild Deficit
USR-06627,45,Male,Student,Morning Lark,55,Instagram / Reddit,38,1,91,40,53.0,7.6,20.4,18.9,2,1.8,Mild Deficit
USR-06628,40,Female,Freelance / Creative,Morning Lark,37,Messaging / Chat,74,0,20,0,30.1,7.57,19.1,19.7,2,2.4,Mild Deficit
USR-06629,34,Male,Remote Tech,Intermediate,137,Streaming (Netflix/Hulu),81,1,0,67,71.4,4.25,21.5,19.9,7,8.3,Moderate Debt
USR-06630,40,Female,Student,Morning Lark,45,YouTube,100,1,0,73,34.6,7.56,28.0,22.6,1,1.9,Mild Deficit
USR-06631,29,Female,Remote Tech,Morning Lark,42,YouTube,65,0,73,13,30.4,8.09,22.2,16.2,3,2.6,Optimal Recovery
USR-06632,22,Non-Binary,Corporate 9-to-5,Intermediate,55,TikTok / Reels,77,0,0,22,37.0,6.28,20.5,18.4,1,2.9,Moderate Debt
USR-06633,38,Male,Remote Tech,Morning Lark,77,TikTok / Reels,64,1,190,61,61.1,6.91,22.6,14.2,2,4.9,Mild Deficit
USR-06634,33,Female,Remote Tech,Intermediate,12,Streaming (Netflix/Hulu),68,0,65,69,25.4,7.86,23.2,18.7,1,1.0,Optimal Recovery
USR-06635,37,Male,Freelance / Creative,Intermediate,18,Instagram / Reddit,77,0,0,20,24.5,7.61,25.0,18.3,2,1.0,Mild Deficit
USR-06636,28,Female,Remote Tech,Morning Lark,138,Instagram / Reddit,23,1,0,46,67.4,6.85,26.2,15.7,4,4.1,Mild Deficit
USR-06637,53,Female,Freelance / Creative,Intermediate,57,Streaming (Netflix/Hulu),61,1,0,40,27.3,6.92,22.9,18.9,2,1.4,Mild Deficit
USR-06638,35,Female,Remote Tech,Morning Lark,180,YouTube,62,1,35,20,80.6,5.21,14.5,21.6,4,7.3,Moderate Debt
USR-06639,20,Female,Corporate 9-to-5,Night Owl,26,YouTube,43,0,121,63,36.9,5.35,23.4,21.0,2,4.2,Moderate Debt
USR-06640,31,Male,Corporate 9-to-5,Intermediate,71,Streaming (Netflix/Hulu),24,1,20,19,26.8,6.1,23.6,17.4,2,1.8,Moderate Debt
USR-06641,42,Male,Corporate 9-to-5,Intermediate,58,TikTok / Reels,46,0,0,33,45.7,6.28,21.1,18.3,2,2.7,Moderate Debt
USR-06642,44,Non-Binary,Remote Tech,Night Owl,114,Messaging / Chat,61,1,0,2,58.3,3.94,21.8,15.8,6,9.3,Severe Sleep Debt
USR-06643,32,Male,Corporate 9-to-5,Intermediate,15,YouTube,51,0,20,24,20.7,7.95,23.7,22.0,0,1.0,Optimal Recovery
USR-06644,52,Female,Remote Tech,Night Owl,138,Streaming (Netflix/Hulu),61,0,0,46,72.9,3.28,20.1,19.3,7,10.0,Severe Sleep Debt
USR-06645,26,Male,Freelance / Creative,Night Owl,54,News / Reading,36,0,30,72,34.7,4.81,25.5,26.8,3,5.3,Moderate Debt
USR-06646,29,Non-Binary,Student,Morning Lark,47,YouTube,58,1,0,39,30.6,7.53,20.7,23.5,1,1.0,Mild Deficit
USR-06647,52,Male,Student,Night Owl,70,YouTube,62,1,65,49,45.5,4.98,19.7,17.6,3,5.6,Moderate Debt
USR-06648,52,Male,Corporate 9-to-5,Morning Lark,46,YouTube,30,1,0,49,33.3,8.54,23.7,23.4,0,1.0,Optimal Recovery
USR-06649,39,Male,Remote Tech,Morning Lark,55,TikTok / Reels,28,1,42,47,45.2,6.54,18.7,18.5,4,4.8,Moderate Debt
USR-06650,49,Female,Corporate 9-to-5,Night Owl,105,Streaming (Netflix/Hulu),71,1,0,25,70.5,4.58,21.5,18.4,5,7.5,Moderate Debt
USR-06651,21,Male,Healthcare / Shift Worker,Morning Lark,24,TikTok / Reels,58,0,0,23,23.7,6.67,21.7,19.7,2,1.2,Moderate Debt
USR-06652,49,Male,Corporate 9-to-5,Intermediate,69,TikTok / Reels,35,0,0,0,49.6,6.28,21.7,18.7,3,3.5,Moderate Debt
USR-06653,27,Male,Remote Tech,Night Owl,70,Instagram / Reddit,47,0,20,39,34.0,4.56,21.2,17.0,4,5.4,Moderate Debt
USR-06654,23,Female,Remote Tech,Night Owl,143,TikTok / Reels,64,1,66,33,88.4,3.39,16.5,17.6,5,10.0,Severe Sleep Debt
USR-06655,25,Female,Remote Tech,Intermediate,40,Instagram / Reddit,37,1,0,48,38.7,7.34,27.1,17.9,1,1.2,Mild Deficit
USR-06656,30,Male,Healthcare / Shift Worker,Night Owl,4,Instagram / Reddit,86,1,0,63,6.9,4.94,24.6,19.5,4,4.2,Moderate Debt
USR-06657,25,Female,Corporate 9-to-5,Intermediate,36,TikTok / Reels,66,0,0,28,34.4,7.24,20.9,19.3,1,1.0,Mild Deficit
USR-06658,27,Male,Remote Tech,Morning Lark,29,YouTube,72,0,0,55,27.7,7.83,24.3,19.7,1,1.0,Optimal Recovery
USR-06659,22,Female,Healthcare / Shift Worker,Intermediate,127,TikTok / Reels,58,0,59,21,86.3,4.79,21.7,21.3,5,9.1,Severe Sleep Debt
USR-06660,27,Female,Remote Tech,Intermediate,3,Streaming (Netflix/Hulu),67,0,0,23,7.7,8.14,25.1,17.1,0,1.0,Optimal Recovery
USR-06661,35,Female,Remote Tech,Intermediate,95,TikTok / Reels,97,1,105,3,67.4,5.54,15.8,16.2,5,9.4,Moderate Debt
USR-06662,30,Male,Corporate 9-to-5,Intermediate,64,TikTok / Reels,46,0,0,34,51.2,6.58,23.7,19.0,4,3.5,Moderate Debt
USR-06663,28,Female,Student,Intermediate,19,YouTube,47,0,0,54,14.9,8.82,26.8,20.1,0,1.0,Optimal Recovery
USR-06664,42,Female,Freelance / Creative,Intermediate,66,TikTok / Reels,97,1,43,31,48.0,6.5,18.6,22.7,4,3.3,Moderate Debt
USR-06665,52,Female,Student,Night Owl,11,Streaming (Netflix/Hulu),81,0,42,49,28.1,6.55,26.1,19.6,2,2.2,Moderate Debt
USR-06666,42,Female,Healthcare / Shift Worker,Intermediate,79,YouTube,52,0,0,39,46.7,4.91,21.1,19.7,4,6.4,Moderate Debt
USR-06667,28,Female,Remote Tech,Intermediate,47,TikTok / Reels,39,0,158,30,47.5,6.37,21.1,17.6,2,4.1,Moderate Debt
USR-06668,42,Female,Corporate 9-to-5,Night Owl,7,YouTube,47,1,83,53,19.1,6.41,21.4,14.2,2,1.5,Moderate Debt
USR-06669,23,Male,Corporate 9-to-5,Intermediate,17,TikTok / Reels,96,0,0,17,28.4,7.03,20.6,18.4,3,2.0,Mild Deficit
USR-06670,22,Male,Student,Night Owl,81,TikTok / Reels,57,1,0,44,52.3,4.51,22.8,16.3,3,5.6,Moderate Debt
USR-06671,28,Female,Remote Tech,Morning Lark,147,YouTube,76,1,0,36,75.1,5.68,19.3,17.9,4,6.3,Moderate Debt
USR-06672,45,Female,Healthcare / Shift Worker,Intermediate,149,Messaging / Chat,60,0,104,55,71.2,3.2,19.0,20.4,6,10.0,Severe Sleep Debt
USR-06673,25,Male,Student,Morning Lark,98,TikTok / Reels,61,1,85,31,67.8,6.29,16.8,17.1,3,5.3,Moderate Debt
USR-06674,20,Female,Freelance / Creative,Morning Lark,14,TikTok / Reels,67,0,146,19,33.4,8.11,22.7,18.5,2,1.0,Optimal Recovery
USR-06675,22,Male,Remote Tech,Intermediate,108,Instagram / Reddit,53,0,26,45,56.0,5.93,20.4,18.9,3,5.6,Moderate Debt
USR-06676,49,Male,Remote Tech,Intermediate,161,TikTok / Reels,50,1,45,55,98.5,3.5,20.4,22.1,7,10.0,Severe Sleep Debt
USR-06677,37,Female,Corporate 9-to-5,Night Owl,127,YouTube,87,0,95,65,72.2,4.08,18.6,16.7,5,9.3,Severe Sleep Debt
USR-06678,25,Female,Remote Tech,Intermediate,64,YouTube,51,0,0,34,37.0,6.84,22.0,21.0,4,2.6,Mild Deficit
USR-06679,34,Male,Healthcare / Shift Worker,Intermediate,21,Streaming (Netflix/Hulu),66,0,0,44,17.1,6.12,21.8,18.0,3,2.0,Moderate Debt
USR-06680,33,Female,Corporate 9-to-5,Night Owl,104,TikTok / Reels,77,0,143,74,82.8,3.2,22.0,16.0,7,10.0,Severe Sleep Debt
USR-06681,38,Female,Freelance / Creative,Intermediate,49,Instagram / Reddit,66,1,162,45,43.9,7.06,23.3,15.9,1,3.6,Mild Deficit
USR-06682,25,Female,Freelance / Creative,Night Owl,49,YouTube,70,1,0,69,31.4,5.07,22.2,22.1,2,4.6,Moderate Debt
USR-06683,49,Male,Remote Tech,Intermediate,51,Instagram / Reddit,22,1,33,67,49.2,6.84,22.2,15.0,3,4.1,Mild Deficit
USR-06684,27,Male,Corporate 9-to-5,Morning Lark,52,YouTube,60,0,0,68,36.2,7.14,28.0,19.8,0,1.0,Mild Deficit
USR-06685,40,Female,Corporate 9-to-5,Intermediate,20,Streaming (Netflix/Hulu),81,0,0,29,21.5,6.11,20.1,18.5,3,2.0,Moderate Debt
USR-06686,18,Male,Corporate 9-to-5,Intermediate,39,TikTok / Reels,100,0,0,20,32.8,5.71,22.4,16.9,4,3.9,Moderate Debt
USR-06687,29,Female,Corporate 9-to-5,Intermediate,138,TikTok / Reels,78,1,0,46,88.2,5.52,21.6,19.4,6,8.0,Moderate Debt
USR-06688,28,Male,Remote Tech,Night Owl,51,TikTok / Reels,60,1,0,0,51.7,4.54,20.6,20.4,2,5.3,Moderate Debt
USR-06689,34,Female,Corporate 9-to-5,Intermediate,38,Messaging / Chat,67,0,0,48,17.7,6.97,21.0,17.9,0,1.0,Mild Deficit
USR-06690,20,Male,Student,Intermediate,26,Instagram / Reddit,70,1,0,4,18.0,7.41,23.2,21.2,0,1.0,Mild Deficit
USR-06691,44,Non-Binary,Remote Tech,Intermediate,25,Streaming (Netflix/Hulu),14,0,0,41,21.3,7.34,25.2,23.5,1,1.0,Mild Deficit
USR-06692,24,Female,Corporate 9-to-5,Morning Lark,81,Messaging / Chat,32,0,0,29,38.2,9.03,18.7,19.6,0,1.0,Optimal Recovery
USR-06693,39,Female,Remote Tech,Intermediate,63,Streaming (Netflix/Hulu),58,0,0,27,38.0,7.81,19.2,26.0,1,1.0,Optimal Recovery
USR-06694,45,Female,Freelance / Creative,Intermediate,58,Streaming (Netflix/Hulu),53,0,0,16,33.0,7.79,22.0,19.6,1,1.0,Optimal Recovery
USR-06695,34,Female,Student,Intermediate,79,Streaming (Netflix/Hulu),47,1,47,38,34.4,6.62,20.5,18.8,3,2.8,Moderate Debt
USR-06696,42,Female,Remote Tech,Intermediate,95,YouTube,63,0,0,75,60.9,5.12,26.5,17.1,5,8.4,Moderate Debt
USR-06697,38,Male,Student,Night Owl,53,News / Reading,65,1,0,38,36.1,5.57,23.8,19.9,4,3.6,Moderate Debt
USR-06698,28,Male,Student,Morning Lark,87,YouTube,24,0,116,69,43.8,7.54,21.9,18.6,3,3.1,Mild Deficit
USR-06699,45,Female,Healthcare / Shift Worker,Intermediate,32,YouTube,28,0,0,40,31.4,5.1,25.0,22.8,4,4.7,Moderate Debt
USR-06700,27,Male,Corporate 9-to-5,Night Owl,104,TikTok / Reels,47,0,0,15,64.9,4.09,24.0,18.6,6,7.2,Moderate Debt
USR-06701,35,Male,Healthcare / Shift Worker,Night Owl,45,Messaging / Chat,66,0,95,36,41.0,3.56,18.3,22.3,4,7.7,Moderate Debt
USR-06702,42,Male,Corporate 9-to-5,Intermediate,149,YouTube,51,0,25,8,77.1,4.03,19.8,20.1,7,10.0,Severe Sleep Debt
USR-06703,29,Female,Freelance / Creative,Night Owl,50,TikTok / Reels,44,0,91,61,41.9,5.6,18.3,15.9,2,4.6,Moderate Debt
USR-06704,27,Female,Corporate 9-to-5,Morning Lark,22,YouTube,84,0,0,39,19.7,8.49,23.7,23.4,1,1.0,Optimal Recovery
USR-06705,31,Female,Freelance / Creative,Morning Lark,63,Messaging / Chat,68,1,92,35,40.9,8.98,17.0,21.6,1,1.0,Optimal Recovery
USR-06706,46,Female,Freelance / Creative,Night Owl,47,Instagram / Reddit,51,1,0,53,30.6,6.09,25.3,20.7,3,2.4,Moderate Debt
USR-06707,55,Male,Corporate 9-to-5,Night Owl,17,Messaging / Chat,91,1,41,23,20.3,6.26,16.4,15.7,3,3.9,Moderate Debt
USR-06708,34,Male,Freelance / Creative,Morning Lark,153,Messaging / Chat,57,1,24,53,78.7,6.35,21.7,19.1,3,5.2,Moderate Debt
USR-06709,38,Female,Corporate 9-to-5,Morning Lark,46,Messaging / Chat,74,0,0,38,23.3,7.45,24.4,21.9,1,1.0,Mild Deficit
USR-06710,53,Female,Corporate 9-to-5,Morning Lark,17,Streaming (Netflix/Hulu),36,0,0,41,19.8,7.98,26.0,18.2,1,1.0,Optimal Recovery
USR-06711,21,Male,Remote Tech,Intermediate,47,Instagram / Reddit,27,0,0,46,33.7,7.25,21.4,20.0,3,1.6,Mild Deficit
USR-06712,25,Male,Freelance / Creative,Night Owl,33,TikTok / Reels,39,0,0,40,32.7,5.66,23.0,19.9,4,3.7,Moderate Debt
USR-06713,40,Male,Remote Tech,Intermediate,37,TikTok / Reels,66,1,0,33,33.6,6.93,23.7,18.4,1,1.0,Mild Deficit
USR-06714,46,Female,Remote Tech,Intermediate,67,Instagram / Reddit,52,1,20,34,55.1,6.11,26.3,20.9,3,3.6,Moderate Debt
USR-06715,49,Male,Student,Intermediate,29,TikTok / Reels,52,0,0,45,29.8,7.83,25.0,17.3,2,1.0,Optimal Recovery
USR-06716,30,Male,Freelance / Creative,Night Owl,95,Instagram / Reddit,60,0,0,35,49.6,3.49,19.1,16.3,4,7.4,Moderate Debt
USR-06717,21,Male,Healthcare / Shift Worker,Morning Lark,32,TikTok / Reels,58,1,0,14,20.9,7.48,23.0,17.8,1,1.0,Mild Deficit
USR-06718,30,Female,Corporate 9-to-5,Intermediate,25,TikTok / Reels,80,1,0,34,36.4,7.55,22.2,24.4,1,1.5,Mild Deficit
USR-06719,25,Female,Corporate 9-to-5,Night Owl,56,Streaming (Netflix/Hulu),44,0,0,12,39.6,6.79,16.9,22.9,2,3.0,Mild Deficit
USR-06720,26,Female,Corporate 9-to-5,Morning Lark,13,Instagram / Reddit,27,0,87,83,25.3,8.73,20.9,17.2,0,1.0,Optimal Recovery
USR-06721,43,Male,Student,Night Owl,47,Streaming (Netflix/Hulu),88,0,0,66,32.7,4.9,22.7,21.0,3,4.8,Moderate Debt
USR-06722,20,Male,Corporate 9-to-5,Intermediate,42,YouTube,46,0,0,75,30.7,6.59,28.0,21.0,2,1.9,Moderate Debt
USR-06723,46,Non-Binary,Corporate 9-to-5,Morning Lark,39,Instagram / Reddit,79,1,0,27,32.0,8.42,22.4,19.3,2,1.0,Optimal Recovery
USR-06724,30,Male,Healthcare / Shift Worker,Morning Lark,20,YouTube,63,0,89,42,29.9,7.2,19.8,18.3,2,1.7,Mild Deficit
USR-06725,36,Female,Corporate 9-to-5,Intermediate,29,Instagram / Reddit,84,1,89,24,24.7,7.81,23.3,18.3,1,1.0,Optimal Recovery
USR-06726,21,Female,Remote Tech,Intermediate,95,YouTube,43,0,0,71,43.5,5.97,19.7,17.6,4,4.9,Moderate Debt
USR-06727,28,Female,Remote Tech,Intermediate,25,TikTok / Reels,72,1,0,26,26.4,7.28,28.0,19.1,2,1.0,Mild Deficit
USR-06728,21,Female,Corporate 9-to-5,Morning Lark,107,TikTok / Reels,49,0,165,39,70.1,6.91,17.5,15.4,1,3.4,Mild Deficit
USR-06729,59,Male,Remote Tech,Intermediate,83,Instagram / Reddit,42,1,20,42,42.4,4.9,21.4,17.9,5,5.7,Moderate Debt
USR-06730,45,Male,Remote Tech,Intermediate,43,YouTube,89,1,22,68,38.4,6.64,21.9,22.4,3,3.4,Moderate Debt
USR-06731,31,Female,Healthcare / Shift Worker,Intermediate,109,Messaging / Chat,40,0,52,54,60.7,3.2,19.9,21.9,7,10.0,Severe Sleep Debt
USR-06732,25,Male,Corporate 9-to-5,Intermediate,69,Streaming (Netflix/Hulu),39,1,0,35,42.8,5.89,22.1,21.7,3,3.8,Moderate Debt
USR-06733,56,Male,Remote Tech,Intermediate,44,YouTube,33,1,0,73,19.5,7.01,27.0,21.7,1,1.1,Mild Deficit
USR-06734,28,Female,Healthcare / Shift Worker,Morning Lark,27,YouTube,46,0,29,39,27.7,6.26,20.5,18.2,1,2.1,Moderate Debt
USR-06735,23,Female,Student,Morning Lark,49,News / Reading,58,0,0,62,31.2,7.19,24.0,18.6,2,1.0,Mild Deficit
USR-06736,34,Female,Healthcare / Shift Worker,Morning Lark,131,Messaging / Chat,52,0,0,11,69.7,3.86,16.1,16.6,6,10.0,Severe Sleep Debt
USR-06737,57,Female,Freelance / Creative,Morning Lark,48,YouTube,63,0,144,76,54.2,7.89,18.4,18.5,1,2.1,Optimal Recovery
USR-06738,18,Male,Healthcare / Shift Worker,Morning Lark,152,TikTok / Reels,23,1,0,35,79.6,3.45,23.0,20.4,6,9.8,Severe Sleep Debt
USR-06739,25,Female,Remote Tech,Intermediate,36,TikTok / Reels,54,1,20,49,26.4,8.36,23.3,15.4,2,1.0,Optimal Recovery
USR-06740,56,Female,Healthcare / Shift Worker,Night Owl,90,Streaming (Netflix/Hulu),26,1,0,20,41.7,3.2,23.5,23.0,6,8.3,Moderate Debt
USR-06741,23,Non-Binary,Remote Tech,Intermediate,130,TikTok / Reels,46,0,0,12,70.6,5.75,25.9,23.1,5,6.2,Moderate Debt
USR-06742,21,Male,Corporate 9-to-5,Intermediate,41,YouTube,50,0,0,39,28.1,6.99,25.0,20.1,2,1.1,Mild Deficit
USR-06743,35,Female,Corporate 9-to-5,Morning Lark,27,Streaming (Netflix/Hulu),54,0,0,47,32.7,8.71,20.7,20.8,1,1.0,Optimal Recovery
USR-06744,49,Male,Corporate 9-to-5,Night Owl,5,Messaging / Chat,62,0,0,13,6.0,7.03,21.9,19.2,1,1.0,Mild Deficit
USR-06745,32,Female,Corporate 9-to-5,Morning Lark,44,YouTube,30,1,0,37,38.0,7.62,26.1,17.8,2,1.0,Mild Deficit
USR-06746,64,Female,Corporate 9-to-5,Intermediate,78,YouTube,46,1,0,0,38.4,7.06,24.0,23.7,2,1.7,Mild Deficit
USR-06747,39,Male,Corporate 9-to-5,Night Owl,27,Messaging / Chat,100,0,108,19,32.7,5.18,19.7,19.1,2,3.8,Moderate Debt
USR-06748,20,Female,Healthcare / Shift Worker,Intermediate,34,YouTube,53,1,20,26,25.4,5.48,25.8,21.5,2,3.3,Moderate Debt
USR-06749,64,Male,Freelance / Creative,Morning Lark,63,Messaging / Chat,51,0,0,0,43.8,6.98,19.6,24.4,3,2.4,Mild Deficit
USR-06750,29,Female,Remote Tech,Intermediate,87,TikTok / Reels,17,0,0,47,60.0,6.31,21.4,17.4,2,3.4,Moderate Debt
USR-06751,26,Female,Healthcare / Shift Worker,Morning Lark,62,Messaging / Chat,58,0,0,82,45.6,7.04,21.7,21.2,3,2.9,Mild Deficit
USR-06752,34,Male,Corporate 9-to-5,Intermediate,25,Instagram / Reddit,23,0,0,57,28.2,6.63,20.8,23.4,2,2.7,Moderate Debt
USR-06753,27,Female,Freelance / Creative,Intermediate,34,TikTok / Reels,10,0,28,14,27.9,6.81,22.2,18.1,3,2.0,Mild Deficit
USR-06754,21,Male,Remote Tech,Night Owl,27,YouTube,64,1,0,35,17.6,5.8,25.1,20.6,2,2.5,Moderate Debt
USR-06755,18,Male,Corporate 9-to-5,Morning Lark,59,Streaming (Netflix/Hulu),64,0,0,39,41.7,7.22,19.8,21.9,2,2.1,Mild Deficit
USR-06756,31,Male,Corporate 9-to-5,Night Owl,32,YouTube,23,1,0,39,24.6,6.72,22.5,19.3,1,1.1,Moderate Debt
USR-06757,47,Male,Corporate 9-to-5,Night Owl,28,TikTok / Reels,27,1,0,36,23.8,5.86,23.6,18.6,2,2.9,Moderate Debt
USR-06758,35,Female,Corporate 9-to-5,Morning Lark,27,Instagram / Reddit,39,0,0,31,19.8,9.0,20.0,21.8,0,1.0,Optimal Recovery
USR-06759,65,Male,Corporate 9-to-5,Intermediate,143,Messaging / Chat,94,1,43,22,74.6,4.63,17.8,14.7,4,9.0,Severe Sleep Debt
USR-06760,26,Male,Corporate 9-to-5,Intermediate,61,TikTok / Reels,61,1,0,50,35.4,5.93,28.0,18.5,3,3.2,Moderate Debt
USR-06761,26,Male,Corporate 9-to-5,Intermediate,113,TikTok / Reels,67,1,57,66,72.3,5.18,19.2,17.8,4,6.5,Moderate Debt
USR-06762,23,Male,Corporate 9-to-5,Morning Lark,107,TikTok / Reels,80,1,0,22,69.9,5.59,19.5,22.4,5,7.7,Moderate Debt
USR-06763,23,Male,Freelance / Creative,Morning Lark,110,TikTok / Reels,85,1,68,9,85.8,4.8,14.9,14.9,5,9.5,Severe Sleep Debt
USR-06764,26,Female,Corporate 9-to-5,Night Owl,97,TikTok / Reels,58,1,0,59,64.5,4.7,21.9,19.5,6,6.4,Moderate Debt
USR-06765,44,Male,Corporate 9-to-5,Morning Lark,153,Instagram / Reddit,64,1,22,36,78.9,5.32,17.0,18.1,4,7.2,Moderate Debt
USR-06766,53,Female,Student,Morning Lark,60,Streaming (Netflix/Hulu),55,0,0,4,31.9,7.97,20.9,19.2,0,1.2,Optimal Recovery
USR-06767,61,Female,Healthcare / Shift Worker,Night Owl,61,Streaming (Netflix/Hulu),16,1,0,22,31.8,4.76,20.0,19.3,3,5.3,Moderate Debt
USR-06768,25,Male,Remote Tech,Intermediate,62,Instagram / Reddit,61,1,0,70,36.0,6.53,25.7,21.3,2,2.6,Moderate Debt
USR-06769,51,Female,Healthcare / Shift Worker,Intermediate,14,YouTube,44,1,175,33,37.2,6.36,18.6,15.1,3,4.8,Moderate Debt
USR-06770,27,Female,Corporate 9-to-5,Intermediate,34,Instagram / Reddit,10,1,80,53,23.9,7.5,21.9,19.1,1,1.0,Mild Deficit
USR-06771,21,Female,Corporate 9-to-5,Intermediate,99,YouTube,39,1,0,0,43.9,5.57,25.1,22.5,4,3.8,Moderate Debt
USR-06772,50,Male,Corporate 9-to-5,Intermediate,45,Messaging / Chat,45,0,105,18,41.9,6.74,19.9,14.2,2,2.9,Moderate Debt
USR-06773,37,Female,Student,Night Owl,98,Instagram / Reddit,73,0,0,65,64.7,3.8,21.7,22.7,5,8.9,Severe Sleep Debt
USR-06774,23,Male,Remote Tech,Morning Lark,48,TikTok / Reels,52,0,0,33,39.9,8.24,21.7,20.1,1,1.0,Optimal Recovery
USR-06775,30,Female,Student,Morning Lark,130,Streaming (Netflix/Hulu),40,0,44,53,50.5,5.87,21.3,17.7,3,5.3,Moderate Debt
USR-06776,26,Female,Corporate 9-to-5,Morning Lark,116,TikTok / Reels,29,0,0,57,82.9,6.48,21.8,23.6,4,5.7,Moderate Debt
USR-06777,41,Female,Student,Intermediate,26,News / Reading,50,1,108,34,28.7,7.91,17.6,18.1,2,2.0,Optimal Recovery
USR-06778,31,Male,Corporate 9-to-5,Intermediate,15,Streaming (Netflix/Hulu),58,0,0,38,16.7,8.99,25.7,19.6,1,1.0,Optimal Recovery
USR-06779,63,Female,Remote Tech,Morning Lark,19,Streaming (Netflix/Hulu),66,0,112,21,26.3,8.22,20.1,17.2,0,1.0,Optimal Recovery
USR-06780,19,Male,Remote Tech,Intermediate,15,Instagram / Reddit,71,1,55,0,15.8,8.32,18.5,16.1,1,1.0,Optimal Recovery
USR-06781,28,Male,Student,Morning Lark,69,TikTok / Reels,26,0,0,63,42.0,8.0,21.2,20.4,3,1.3,Optimal Recovery
USR-06782,32,Male,Corporate 9-to-5,Intermediate,65,Instagram / Reddit,60,0,0,75,33.8,7.29,22.9,19.5,2,1.8,Mild Deficit
USR-06783,32,Male,Healthcare / Shift Worker,Night Owl,66,Streaming (Netflix/Hulu),52,0,60,21,39.2,3.2,22.0,20.6,6,8.5,Moderate Debt
USR-06784,27,Female,Student,Intermediate,59,TikTok / Reels,50,1,0,77,36.3,6.45,24.4,22.7,4,3.5,Moderate Debt
USR-06785,41,Male,Corporate 9-to-5,Morning Lark,74,Streaming (Netflix/Hulu),59,1,0,54,37.2,8.14,20.4,23.0,2,1.0,Optimal Recovery
USR-06786,50,Male,Freelance / Creative,Intermediate,25,Messaging / Chat,89,0,0,0,18.3,7.01,22.3,21.9,2,1.1,Mild Deficit
USR-06787,56,Male,Student,Morning Lark,140,YouTube,49,1,68,7,73.7,6.97,22.6,22.6,3,3.1,Mild Deficit
USR-06788,45,Male,Remote Tech,Night Owl,78,YouTube,57,1,0,0,42.4,5.49,18.3,17.1,4,4.6,Moderate Debt
USR-06789,48,Male,Corporate 9-to-5,Intermediate,22,Messaging / Chat,35,1,0,50,37.0,7.03,26.3,19.1,2,1.0,Mild Deficit
USR-06790,34,Non-Binary,Remote Tech,Night Owl,31,TikTok / Reels,33,0,0,24,24.9,4.91,20.2,23.9,3,5.2,Moderate Debt
USR-06791,46,Female,Corporate 9-to-5,Night Owl,69,YouTube,32,0,42,30,40.7,5.4,25.1,17.9,3,3.8,Moderate Debt
USR-06792,27,Male,Remote Tech,Intermediate,122,YouTube,23,0,0,26,46.6,5.69,19.4,25.1,4,5.2,Moderate Debt
USR-06793,29,Male,Remote Tech,Night Owl,31,Instagram / Reddit,42,1,25,36,36.6,5.41,23.4,22.0,5,5.7,Moderate Debt
USR-06794,27,Male,Student,Night Owl,25,News / Reading,90,0,22,49,43.9,6.06,21.9,20.6,3,3.7,Moderate Debt
USR-06795,31,Female,Corporate 9-to-5,Morning Lark,93,YouTube,39,0,49,61,61.0,6.55,20.7,18.6,4,4.3,Moderate Debt
USR-06796,26,Male,Healthcare / Shift Worker,Intermediate,97,Messaging / Chat,48,0,0,21,50.2,3.2,22.0,22.9,6,8.8,Severe Sleep Debt
USR-06797,59,Male,Corporate 9-to-5,Intermediate,46,YouTube,27,0,0,11,35.1,5.95,23.3,22.1,3,3.6,Moderate Debt
USR-06798,27,Female,Remote Tech,Intermediate,27,Instagram / Reddit,51,1,0,46,20.3,7.75,23.5,21.3,1,1.0,Optimal Recovery
USR-06799,21,Male,Student,Morning Lark,36,TikTok / Reels,33,0,0,30,36.5,7.36,23.2,17.1,1,1.0,Mild Deficit
USR-06800,33,Female,Student,Morning Lark,154,Instagram / Reddit,48,0,78,39,83.6,5.71,17.8,20.3,4,7.9,Moderate Debt
USR-06801,20,Non-Binary,Corporate 9-to-5,Intermediate,171,Streaming (Netflix/Hulu),48,0,42,56,72.0,4.59,25.1,24.8,5,7.1,Moderate Debt
USR-06802,21,Female,Remote Tech,Morning Lark,92,TikTok / Reels,53,0,0,22,56.9,6.42,19.7,15.2,3,3.1,Moderate Debt
USR-06803,25,Female,Corporate 9-to-5,Night Owl,76,TikTok / Reels,77,1,66,0,49.2,5.04,21.8,19.3,5,6.5,Moderate Debt
USR-06804,31,Female,Remote Tech,Intermediate,46,Instagram / Reddit,91,1,0,28,19.5,8.87,22.9,17.9,1,1.0,Optimal Recovery
USR-06805,30,Male,Corporate 9-to-5,Intermediate,103,Instagram / Reddit,90,0,122,97,74.5,5.36,23.1,14.7,4,7.1,Moderate Debt
USR-06806,45,Female,Student,Intermediate,30,YouTube,57,1,150,34,36.5,7.66,19.0,18.9,1,1.6,Mild Deficit
USR-06807,42,Male,Remote Tech,Intermediate,41,News / Reading,58,1,82,19,38.1,7.82,22.1,19.0,1,1.0,Optimal Recovery
USR-06808,30,Male,Corporate 9-to-5,Night Owl,37,Streaming (Netflix/Hulu),57,0,0,31,34.0,5.53,21.1,22.1,3,3.5,Moderate Debt
USR-06809,28,Male,Corporate 9-to-5,Intermediate,37,TikTok / Reels,70,0,53,52,32.0,7.35,18.2,17.1,2,1.5,Mild Deficit
USR-06810,27,Female,Corporate 9-to-5,Night Owl,18,News / Reading,41,0,55,15,25.7,5.72,22.5,20.2,3,4.0,Moderate Debt
USR-06811,43,Non-Binary,Remote Tech,Intermediate,11,TikTok / Reels,35,1,82,97,24.2,7.96,22.0,19.6,2,1.2,Optimal Recovery
USR-06812,19,Male,Remote Tech,Night Owl,47,Streaming (Netflix/Hulu),15,1,0,15,25.4,6.34,20.8,20.0,3,2.6,Moderate Debt
USR-06813,18,Female,Remote Tech,Night Owl,123,TikTok / Reels,73,1,0,18,80.6,4.25,17.8,14.9,5,8.9,Severe Sleep Debt
USR-06814,44,Female,Student,Night Owl,100,YouTube,59,0,77,77,55.3,3.98,19.1,17.1,5,8.9,Severe Sleep Debt
USR-06815,32,Female,Corporate 9-to-5,Morning Lark,66,Instagram / Reddit,39,1,0,48,34.0,6.49,22.1,19.7,2,1.7,Moderate Debt
USR-06816,22,Male,Freelance / Creative,Intermediate,51,Instagram / Reddit,87,1,0,79,38.7,6.32,21.7,20.8,3,3.3,Moderate Debt
USR-06817,25,Female,Corporate 9-to-5,Morning Lark,159,Instagram / Reddit,42,1,0,72,93.2,4.89,23.1,18.9,6,8.5,Moderate Debt
USR-06818,56,Female,Corporate 9-to-5,Intermediate,72,TikTok / Reels,85,0,64,53,53.5,6.0,20.9,17.7,1,3.9,Moderate Debt
USR-06819,49,Male,Student,Intermediate,35,YouTube,38,1,189,0,43.4,6.86,14.4,16.4,2,3.9,Mild Deficit
USR-06820,40,Male,Healthcare / Shift Worker,Intermediate,53,Streaming (Netflix/Hulu),59,1,22,24,28.0,6.2,24.1,22.1,2,3.2,Moderate Debt
USR-06821,32,Male,Remote Tech,Night Owl,115,Messaging / Chat,64,1,140,12,69.9,3.93,15.5,16.8,4,10.0,Severe Sleep Debt
USR-06822,33,Male,Student,Intermediate,11,Streaming (Netflix/Hulu),44,0,55,26,18.9,7.04,16.0,21.3,0,1.0,Mild Deficit
USR-06823,61,Female,Healthcare / Shift Worker,Night Owl,106,YouTube,29,1,0,15,45.0,3.53,19.3,20.9,4,6.9,Moderate Debt
USR-06824,60,Male,Student,Morning Lark,51,Instagram / Reddit,56,0,0,18,45.8,6.16,25.3,19.7,3,4.1,Moderate Debt
USR-06825,24,Female,Corporate 9-to-5,Intermediate,45,Instagram / Reddit,39,0,0,66,27.9,7.14,24.1,20.0,2,1.1,Mild Deficit
USR-06826,45,Male,Healthcare / Shift Worker,Intermediate,30,TikTok / Reels,23,0,0,56,26.0,6.49,28.0,19.3,3,1.7,Moderate Debt
USR-06827,24,Male,Student,Intermediate,65,YouTube,19,0,65,2,41.8,6.08,19.6,20.9,2,3.9,Moderate Debt
USR-06828,24,Female,Student,Morning Lark,68,YouTube,59,1,0,45,35.3,6.55,23.3,17.5,3,2.7,Moderate Debt
USR-06829,39,Non-Binary,Student,Night Owl,54,YouTube,10,0,250,0,51.0,4.99,14.7,14.4,5,7.0,Moderate Debt
USR-06830,29,Female,Freelance / Creative,Intermediate,32,Instagram / Reddit,49,0,0,41,24.2,6.18,24.5,16.3,2,1.3,Moderate Debt
USR-06831,55,Female,Remote Tech,Night Owl,76,Streaming (Netflix/Hulu),70,0,0,14,38.1,5.05,14.1,18.1,4,6.2,Moderate Debt
USR-06832,21,Male,Corporate 9-to-5,Night Owl,126,News / Reading,25,1,171,27,63.8,4.11,16.7,17.3,6,10.0,Severe Sleep Debt
USR-06833,33,Male,Remote Tech,Intermediate,121,Instagram / Reddit,28,1,0,9,61.7,4.26,19.7,20.2,5,6.9,Moderate Debt
USR-06834,54,Male,Corporate 9-to-5,Night Owl,35,Instagram / Reddit,61,1,78,51,24.7,4.85,26.3,16.2,5,5.0,Moderate Debt
USR-06835,53,Male,Corporate 9-to-5,Night Owl,33,TikTok / Reels,10,0,0,21,37.2,6.34,23.6,20.0,2,1.7,Moderate Debt
USR-06836,23,Male,Remote Tech,Night Owl,57,YouTube,54,1,0,30,24.5,5.92,24.2,19.8,3,3.5,Moderate Debt
USR-06837,28,Female,Corporate 9-to-5,Night Owl,21,TikTok / Reels,45,0,0,14,21.6,4.59,19.1,19.5,3,5.1,Moderate Debt
USR-06838,37,Female,Student,Night Owl,71,TikTok / Reels,84,0,0,26,61.1,4.99,19.5,17.7,4,7.0,Moderate Debt
USR-06839,23,Female,Healthcare / Shift Worker,Intermediate,34,TikTok / Reels,87,0,0,42,37.0,5.9,24.8,20.1,4,4.0,Moderate Debt
USR-06840,60,Female,Remote Tech,Morning Lark,31,Streaming (Netflix/Hulu),62,0,120,24,34.4,7.98,20.7,20.8,2,1.1,Optimal Recovery
USR-06841,54,Male,Freelance / Creative,Night Owl,101,Instagram / Reddit,41,0,108,0,61.9,3.94,18.4,20.2,5,9.8,Severe Sleep Debt
USR-06842,23,Female,Corporate 9-to-5,Night Owl,23,Instagram / Reddit,57,1,0,51,35.3,5.08,24.2,19.1,5,5.0,Moderate Debt
USR-06843,22,Female,Healthcare / Shift Worker,Intermediate,78,YouTube,72,0,0,50,42.9,5.93,19.7,25.0,3,5.0,Moderate Debt
USR-06844,20,Female,Healthcare / Shift Worker,Intermediate,11,YouTube,69,0,0,25,14.9,6.35,23.2,19.8,1,1.5,Moderate Debt
USR-06845,53,Male,Corporate 9-to-5,Intermediate,136,TikTok / Reels,10,0,0,53,79.2,3.91,23.5,20.3,7,8.4,Moderate Debt
USR-06846,24,Male,Corporate 9-to-5,Intermediate,53,Instagram / Reddit,25,0,110,26,46.5,7.08,19.9,20.1,3,3.9,Mild Deficit
USR-06847,30,Female,Corporate 9-to-5,Morning Lark,17,TikTok / Reels,70,0,38,10,26.6,8.97,20.3,20.6,0,1.0,Optimal Recovery
USR-06848,31,Male,Healthcare / Shift Worker,Morning Lark,52,Instagram / Reddit,29,1,0,45,39.1,6.53,19.5,22.5,3,2.5,Moderate Debt
USR-06849,36,Female,Healthcare / Shift Worker,Night Owl,148,YouTube,62,0,0,62,68.9,3.2,20.3,22.8,6,10.0,Severe Sleep Debt
USR-06850,20,Male,Corporate 9-to-5,Intermediate,21,Instagram / Reddit,71,1,102,43,29.5,6.51,21.4,17.0,3,4.0,Moderate Debt
USR-06851,25,Female,Remote Tech,Intermediate,79,Instagram / Reddit,67,1,0,54,50.3,5.65,22.0,19.2,4,4.2,Moderate Debt
USR-06852,55,Female,Corporate 9-to-5,Night Owl,62,Streaming (Netflix/Hulu),65,1,20,27,40.9,5.89,19.6,19.9,3,3.9,Moderate Debt
USR-06853,53,Male,Remote Tech,Night Owl,34,TikTok / Reels,45,0,0,33,26.1,5.8,25.8,19.8,3,2.2,Moderate Debt
USR-06854,44,Male,Freelance / Creative,Morning Lark,54,Streaming (Netflix/Hulu),27,0,144,64,39.1,7.96,17.2,12.4,0,1.0,Optimal Recovery
USR-06855,18,Female,Corporate 9-to-5,Morning Lark,54,Instagram / Reddit,91,0,0,55,52.6,7.06,24.1,24.3,2,3.0,Mild Deficit
USR-06856,27,Male,Freelance / Creative,Intermediate,9,TikTok / Reels,16,0,20,56,14.2,8.81,25.5,20.3,0,1.0,Optimal Recovery
USR-06857,37,Male,Healthcare / Shift Worker,Night Owl,28,YouTube,57,0,0,25,23.8,4.61,22.5,19.7,4,5.4,Moderate Debt
USR-06858,26,Male,Freelance / Creative,Morning Lark,38,TikTok / Reels,44,0,0,32,23.5,7.54,23.3,16.9,2,1.1,Mild Deficit
USR-06859,53,Female,Corporate 9-to-5,Intermediate,120,Streaming (Netflix/Hulu),81,0,95,41,59.1,5.37,14.9,17.5,3,7.0,Moderate Debt
USR-06860,37,Female,Corporate 9-to-5,Night Owl,177,YouTube,56,1,0,11,75.0,3.2,19.8,18.3,7,10.0,Severe Sleep Debt
USR-06861,20,Male,Corporate 9-to-5,Night Owl,17,TikTok / Reels,37,1,0,0,21.0,6.13,22.0,19.2,1,2.4,Moderate Debt
USR-06862,53,Female,Student,Intermediate,86,TikTok / Reels,45,0,0,54,52.7,6.57,24.1,15.3,3,3.2,Moderate Debt
USR-06863,59,Female,Student,Morning Lark,15,Instagram / Reddit,73,1,113,6,27.6,8.68,22.7,22.6,1,1.0,Optimal Recovery
USR-06864,20,Female,Corporate 9-to-5,Intermediate,155,TikTok / Reels,76,0,64,32,96.1,3.94,16.5,17.5,6,10.0,Severe Sleep Debt
USR-06865,33,Male,Healthcare / Shift Worker,Morning Lark,67,Messaging / Chat,68,0,0,54,41.8,5.02,23.3,21.3,3,5.1,Moderate Debt
USR-06866,27,Female,Corporate 9-to-5,Morning Lark,45,TikTok / Reels,57,1,20,24,33.2,7.64,25.6,16.0,2,1.0,Mild Deficit
USR-06867,29,Male,Corporate 9-to-5,Intermediate,38,TikTok / Reels,35,1,129,24,26.9,7.48,18.6,18.3,1,1.0,Mild Deficit
USR-06868,23,Female,Remote Tech,Intermediate,51,Instagram / Reddit,40,0,0,56,39.5,6.83,24.7,19.9,2,1.9,Mild Deficit
USR-06869,35,Female,Corporate 9-to-5,Morning Lark,30,News / Reading,64,0,40,55,28.7,7.95,22.5,18.4,1,1.0,Optimal Recovery
USR-06870,59,Female,Corporate 9-to-5,Night Owl,41,Messaging / Chat,75,0,0,70,29.6,5.35,19.8,21.5,3,4.5,Moderate Debt
USR-06871,32,Female,Remote Tech,Intermediate,21,TikTok / Reels,25,1,0,32,18.6,7.32,21.6,18.6,2,1.0,Mild Deficit
USR-06872,20,Male,Healthcare / Shift Worker,Intermediate,73,TikTok / Reels,21,1,0,0,47.7,4.21,22.6,17.5,5,8.2,Moderate Debt
USR-06873,37,Male,Healthcare / Shift Worker,Night Owl,39,Instagram / Reddit,51,0,176,37,36.2,4.13,19.7,14.9,5,8.0,Moderate Debt
USR-06874,28,Female,Remote Tech,Intermediate,56,TikTok / Reels,59,0,65,36,42.1,6.12,19.8,16.6,3,4.7,Moderate Debt
USR-06875,48,Female,Student,Night Owl,111,Instagram / Reddit,58,1,0,10,55.9,4.02,18.9,18.7,5,8.6,Severe Sleep Debt
USR-06876,30,Male,Remote Tech,Intermediate,79,Instagram / Reddit,66,1,0,43,46.3,6.15,22.4,20.4,1,2.3,Moderate Debt
USR-06877,24,Male,Corporate 9-to-5,Morning Lark,27,YouTube,44,0,0,9,18.3,8.02,20.4,15.8,0,1.0,Optimal Recovery
USR-06878,24,Male,Student,Intermediate,74,Messaging / Chat,80,1,133,74,61.7,6.73,21.8,16.5,4,4.5,Moderate Debt
USR-06879,43,Male,Student,Intermediate,58,YouTube,85,0,0,23,36.4,6.78,19.2,21.3,3,2.2,Mild Deficit
USR-06880,26,Female,Student,Morning Lark,9,Instagram / Reddit,65,1,110,0,17.2,8.93,17.1,14.9,0,1.0,Optimal Recovery
USR-06881,43,Male,Student,Intermediate,75,Instagram / Reddit,45,0,126,49,54.0,7.56,23.3,16.8,3,2.3,Mild Deficit
USR-06882,24,Female,Student,Morning Lark,53,YouTube,10,1,0,52,33.2,7.22,21.4,23.1,3,1.1,Mild Deficit
USR-06883,27,Female,Remote Tech,Intermediate,36,Instagram / Reddit,41,0,27,17,36.7,6.64,24.5,16.0,2,2.2,Moderate Debt
USR-06884,31,Male,Healthcare / Shift Worker,Intermediate,80,News / Reading,58,0,0,7,47.8,4.96,18.3,19.5,4,6.9,Moderate Debt
USR-06885,57,Male,Corporate 9-to-5,Intermediate,30,Messaging / Chat,68,0,0,75,31.3,7.39,22.3,22.5,1,1.0,Mild Deficit
USR-06886,55,Male,Healthcare / Shift Worker,Intermediate,76,Streaming (Netflix/Hulu),48,1,0,87,38.6,4.08,24.5,23.4,4,6.2,Moderate Debt
USR-06887,24,Female,Corporate 9-to-5,Night Owl,114,YouTube,53,1,0,55,40.2,4.24,17.9,21.7,5,7.9,Moderate Debt
USR-06888,28,Female,Corporate 9-to-5,Intermediate,23,YouTube,89,0,69,30,40.2,7.54,18.4,17.9,3,2.1,Mild Deficit
USR-06889,22,Female,Student,Night Owl,73,Instagram / Reddit,33,0,0,24,37.0,5.17,20.3,20.0,3,5.0,Moderate Debt
USR-06890,33,Male,Remote Tech,Morning Lark,4,YouTube,21,1,0,43,18.0,8.89,23.4,19.0,1,1.0,Optimal Recovery
USR-06891,31,Female,Healthcare / Shift Worker,Intermediate,47,Streaming (Netflix/Hulu),10,1,0,48,19.4,5.05,22.4,21.2,3,4.5,Moderate Debt
USR-06892,52,Male,Remote Tech,Intermediate,60,Instagram / Reddit,74,0,20,30,49.7,6.01,23.5,21.9,3,3.8,Moderate Debt
USR-06893,55,Female,Student,Night Owl,35,Streaming (Netflix/Hulu),28,0,0,25,20.4,5.1,28.0,22.0,3,4.1,Moderate Debt
USR-06894,29,Male,Corporate 9-to-5,Night Owl,50,TikTok / Reels,48,1,0,24,27.8,5.29,23.2,18.6,2,3.4,Moderate Debt
USR-06895,32,Male,Corporate 9-to-5,Night Owl,36,Streaming (Netflix/Hulu),71,0,0,8,26.3,7.29,20.2,22.7,2,1.0,Mild Deficit
USR-06896,52,Female,Remote Tech,Morning Lark,24,Streaming (Netflix/Hulu),86,0,0,36,18.5,8.61,19.1,20.1,0,1.0,Optimal Recovery
USR-06897,45,Female,Student,Night Owl,88,YouTube,56,1,0,42,49.0,6.0,26.2,22.5,4,3.6,Moderate Debt
USR-06898,18,Male,Student,Morning Lark,16,YouTube,35,1,51,45,24.6,9.05,23.1,18.8,0,1.0,Optimal Recovery
USR-06899,27,Male,Remote Tech,Morning Lark,67,Instagram / Reddit,62,0,47,24,49.2,7.44,23.2,15.3,1,1.8,Mild Deficit
USR-06900,30,Male,Freelance / Creative,Morning Lark,39,News / Reading,34,0,111,58,39.3,6.67,16.3,19.9,2,3.8,Moderate Debt
USR-06901,25,Male,Student,Intermediate,50,TikTok / Reels,53,1,44,41,35.1,6.79,21.1,18.2,2,2.7,Mild Deficit
USR-06902,24,Female,Freelance / Creative,Night Owl,65,TikTok / Reels,27,0,0,57,45.6,5.9,25.1,22.8,4,4.1,Moderate Debt
USR-06903,19,Male,Corporate 9-to-5,Morning Lark,103,TikTok / Reels,38,0,34,34,62.9,6.77,22.7,21.9,3,2.5,Mild Deficit
USR-06904,37,Female,Corporate 9-to-5,Morning Lark,35,News / Reading,100,0,93,35,32.2,7.3,17.7,21.1,2,1.7,Mild Deficit
USR-06905,26,Male,Corporate 9-to-5,Intermediate,21,Instagram / Reddit,76,1,188,53,38.2,6.95,18.4,14.0,2,3.4,Mild Deficit
USR-06906,19,Female,Corporate 9-to-5,Night Owl,52,Instagram / Reddit,41,0,110,27,43.5,4.86,17.6,17.6,5,6.8,Moderate Debt
USR-06907,25,Male,Remote Tech,Intermediate,52,TikTok / Reels,46,1,0,32,43.5,7.18,20.0,15.2,3,1.7,Mild Deficit
USR-06908,45,Female,Remote Tech,Intermediate,131,Instagram / Reddit,69,1,0,32,88.5,3.46,21.0,19.7,7,9.6,Severe Sleep Debt
USR-06909,48,Female,Remote Tech,Intermediate,22,Streaming (Netflix/Hulu),47,0,65,31,38.8,6.66,16.6,16.0,2,3.1,Moderate Debt
USR-06910,32,Female,Student,Night Owl,78,Messaging / Chat,79,1,0,30,47.9,5.97,18.0,22.8,3,4.5,Moderate Debt
USR-06911,30,Male,Freelance / Creative,Night Owl,61,YouTube,23,1,0,24,32.6,5.47,24.4,21.2,4,4.7,Moderate Debt
USR-06912,61,Male,Healthcare / Shift Worker,Intermediate,98,News / Reading,54,0,0,84,38.4,4.5,28.0,22.0,4,6.8,Moderate Debt
USR-06913,24,Male,Corporate 9-to-5,Intermediate,21,TikTok / Reels,39,1,0,66,28.1,7.89,23.4,21.8,1,1.0,Optimal Recovery
USR-06914,24,Female,Corporate 9-to-5,Night Owl,49,YouTube,60,1,0,25,35.7,4.69,27.8,20.9,4,5.8,Moderate Debt
USR-06915,26,Male,Corporate 9-to-5,Night Owl,109,Streaming (Netflix/Hulu),57,0,0,30,48.3,4.03,16.6,20.8,6,7.6,Moderate Debt
USR-06916,23,Male,Corporate 9-to-5,Morning Lark,8,Instagram / Reddit,55,0,69,71,34.7,9.54,26.6,15.4,0,1.0,Optimal Recovery
USR-06917,29,Female,Remote Tech,Intermediate,18,Streaming (Netflix/Hulu),63,0,0,60,17.9,8.09,23.7,22.7,0,1.0,Optimal Recovery
USR-06918,53,Female,Remote Tech,Night Owl,75,News / Reading,60,1,0,45,23.7,5.47,27.8,21.8,3,2.6,Moderate Debt
USR-06919,36,Female,Corporate 9-to-5,Intermediate,16,Instagram / Reddit,32,0,56,39,26.1,7.7,18.9,20.4,1,1.0,Mild Deficit
USR-06920,29,Female,Student,Intermediate,51,TikTok / Reels,53,1,0,31,31.4,6.61,22.8,17.3,2,1.5,Moderate Debt
USR-06921,56,Female,Student,Intermediate,26,Streaming (Netflix/Hulu),53,1,0,36,23.0,7.04,20.7,18.8,2,1.0,Mild Deficit
USR-06922,19,Male,Corporate 9-to-5,Intermediate,60,YouTube,54,0,20,32,38.7,4.44,18.7,21.2,5,7.5,Moderate Debt
USR-06923,24,Female,Remote Tech,Intermediate,148,Instagram / Reddit,99,1,0,23,77.2,4.1,16.7,21.4,7,10.0,Severe Sleep Debt
USR-06924,35,Male,Healthcare / Shift Worker,Night Owl,31,Instagram / Reddit,56,0,0,74,37.7,3.46,24.3,23.0,5,6.6,Moderate Debt
USR-06925,36,Male,Remote Tech,Intermediate,28,Messaging / Chat,88,0,0,51,31.3,7.1,25.2,18.4,1,1.2,Mild Deficit
USR-06926,19,Male,Corporate 9-to-5,Night Owl,104,Messaging / Chat,16,0,21,50,40.8,4.74,24.2,21.1,5,6.5,Moderate Debt
USR-06927,29,Male,Corporate 9-to-5,Night Owl,22,Instagram / Reddit,43,0,0,5,23.2,5.69,22.8,20.3,3,3.7,Moderate Debt
USR-06928,38,Female,Corporate 9-to-5,Intermediate,17,Streaming (Netflix/Hulu),50,1,59,54,27.4,6.93,25.1,17.5,3,1.4,Mild Deficit
USR-06929,40,Male,Corporate 9-to-5,Night Owl,25,Streaming (Netflix/Hulu),86,0,0,0,23.3,5.83,23.7,18.8,1,1.3,Moderate Debt
USR-06930,37,Female,Healthcare / Shift Worker,Intermediate,70,Instagram / Reddit,11,1,103,9,37.4,4.97,18.9,18.7,4,5.8,Moderate Debt
USR-06931,27,Male,Corporate 9-to-5,Intermediate,27,News / Reading,74,0,0,53,30.6,7.15,18.2,23.0,3,1.5,Mild Deficit
USR-06932,21,Non-Binary,Corporate 9-to-5,Intermediate,62,Instagram / Reddit,66,1,0,52,32.6,6.02,26.5,18.7,3,3.6,Moderate Debt
USR-06933,30,Male,Corporate 9-to-5,Intermediate,76,Messaging / Chat,66,1,0,0,34.7,6.94,22.5,19.1,3,2.6,Mild Deficit
USR-06934,22,Male,Healthcare / Shift Worker,Morning Lark,40,YouTube,51,1,58,53,27.0,6.71,22.8,15.9,2,2.1,Moderate Debt
USR-06935,57,Female,Corporate 9-to-5,Intermediate,39,Instagram / Reddit,58,1,0,66,36.0,6.49,21.5,26.2,1,2.9,Moderate Debt
USR-06936,31,Female,Corporate 9-to-5,Intermediate,49,Streaming (Netflix/Hulu),54,0,0,15,29.4,6.37,21.7,19.3,3,3.0,Moderate Debt
USR-06937,27,Male,Remote Tech,Intermediate,152,Instagram / Reddit,41,0,0,52,79.9,4.8,18.7,17.4,5,9.2,Severe Sleep Debt
USR-06938,43,Female,Remote Tech,Night Owl,35,Instagram / Reddit,73,1,0,37,33.9,6.35,20.1,21.2,2,3.6,Moderate Debt
USR-06939,32,Male,Corporate 9-to-5,Night Owl,51,YouTube,57,0,0,41,26.9,5.92,23.3,19.6,3,3.5,Moderate Debt
USR-06940,27,Female,Corporate 9-to-5,Morning Lark,130,TikTok / Reels,39,1,0,41,73.8,5.71,20.5,18.4,4,6.2,Moderate Debt
USR-06941,45,Male,Healthcare / Shift Worker,Intermediate,136,Instagram / Reddit,63,0,85,30,82.3,3.2,17.5,16.1,5,10.0,Severe Sleep Debt
USR-06942,49,Female,Freelance / Creative,Morning Lark,33,YouTube,51,1,93,76,20.9,9.8,23.5,19.3,0,1.0,Optimal Recovery
USR-06943,39,Male,Corporate 9-to-5,Intermediate,22,Instagram / Reddit,46,1,0,63,29.7,6.92,25.9,17.4,2,1.0,Mild Deficit
USR-06944,19,Male,Corporate 9-to-5,Night Owl,89,Streaming (Netflix/Hulu),21,0,0,73,35.0,3.91,25.0,18.0,4,6.5,Moderate Debt
USR-06945,35,Female,Corporate 9-to-5,Night Owl,48,News / Reading,45,1,0,37,28.5,5.42,25.0,20.6,1,3.8,Moderate Debt
USR-06946,43,Female,Student,Morning Lark,127,Instagram / Reddit,44,1,0,32,53.9,5.63,21.6,18.8,4,5.2,Moderate Debt
USR-06947,22,Female,Remote Tech,Intermediate,14,TikTok / Reels,61,1,120,44,29.0,7.22,23.2,17.9,1,1.6,Mild Deficit
USR-06948,25,Female,Healthcare / Shift Worker,Morning Lark,22,YouTube,47,0,149,59,32.0,7.81,21.4,14.1,1,1.8,Optimal Recovery
USR-06949,51,Female,Student,Intermediate,51,Streaming (Netflix/Hulu),100,0,20,41,39.0,6.08,23.0,22.2,2,3.4,Moderate Debt
USR-06950,18,Female,Freelance / Creative,Night Owl,55,TikTok / Reels,24,0,36,37,42.3,5.49,20.9,20.1,4,4.6,Moderate Debt
USR-06951,42,Male,Healthcare / Shift Worker,Intermediate,29,YouTube,30,1,0,37,24.3,6.18,24.7,22.4,2,2.2,Moderate Debt
USR-06952,31,Female,Healthcare / Shift Worker,Night Owl,58,YouTube,44,0,20,51,28.3,4.01,23.9,17.1,3,6.1,Moderate Debt
USR-06953,31,Non-Binary,Remote Tech,Intermediate,93,Instagram / Reddit,62,0,0,37,51.3,6.56,23.8,17.4,1,4.1,Moderate Debt
USR-06954,18,Female,Corporate 9-to-5,Intermediate,53,TikTok / Reels,48,0,113,25,37.1,5.67,20.3,17.8,2,4.5,Moderate Debt
USR-06955,46,Female,Remote Tech,Morning Lark,92,YouTube,43,0,59,24,48.3,8.41,19.8,23.9,2,1.0,Optimal Recovery
USR-06956,28,Female,Remote Tech,Morning Lark,40,Streaming (Netflix/Hulu),31,1,0,25,40.1,8.45,24.8,20.6,2,1.0,Optimal Recovery
USR-06957,34,Male,Student,Night Owl,100,Streaming (Netflix/Hulu),64,1,0,5,50.4,4.39,18.8,21.5,4,7.2,Moderate Debt
USR-06958,39,Female,Corporate 9-to-5,Night Owl,68,TikTok / Reels,100,0,0,16,49.3,4.65,18.8,16.5,4,7.3,Moderate Debt
USR-06959,40,Male,Student,Night Owl,25,YouTube,34,0,129,75,39.4,5.39,24.9,17.9,4,7.0,Moderate Debt
USR-06960,58,Male,Remote Tech,Morning Lark,68,Instagram / Reddit,66,1,0,47,39.5,9.0,22.9,19.3,1,1.0,Optimal Recovery
USR-06961,33,Female,Student,Night Owl,51,TikTok / Reels,86,0,0,48,35.4,4.56,21.4,20.1,3,5.7,Moderate Debt
USR-06962,29,Male,Corporate 9-to-5,Morning Lark,57,Instagram / Reddit,58,1,0,27,39.9,9.25,25.4,21.4,1,1.0,Optimal Recovery
USR-06963,58,Female,Remote Tech,Morning Lark,51,YouTube,62,0,148,0,52.8,7.73,13.5,18.0,3,3.4,Mild Deficit
USR-06964,37,Female,Corporate 9-to-5,Intermediate,33,YouTube,53,0,0,48,26.5,6.79,23.6,18.9,3,3.0,Mild Deficit
USR-06965,27,Male,Healthcare / Shift Worker,Intermediate,151,TikTok / Reels,91,0,0,44,103.6,3.2,20.7,16.6,7,10.0,Severe Sleep Debt
USR-06966,22,Male,Remote Tech,Night Owl,62,TikTok / Reels,71,1,0,47,51.9,4.13,26.0,21.0,4,4.9,Moderate Debt
USR-06967,47,Male,Corporate 9-to-5,Intermediate,53,Messaging / Chat,78,0,29,40,37.9,6.82,20.3,20.8,2,1.7,Mild Deficit
USR-06968,28,Male,Corporate 9-to-5,Morning Lark,20,Instagram / Reddit,52,1,0,5,21.2,9.41,23.1,22.1,0,1.0,Optimal Recovery
USR-06969,38,Male,Student,Morning Lark,73,News / Reading,69,1,0,73,27.6,7.73,26.1,20.7,1,1.0,Mild Deficit
USR-06970,31,Male,Corporate 9-to-5,Intermediate,11,Streaming (Netflix/Hulu),54,1,55,66,28.8,8.21,22.7,16.2,0,1.0,Optimal Recovery
USR-06971,24,Female,Freelance / Creative,Morning Lark,79,YouTube,70,0,250,69,64.4,7.22,19.3,9.7,3,4.2,Mild Deficit
USR-06972,36,Male,Remote Tech,Intermediate,22,YouTube,47,1,0,0,17.0,7.53,23.7,16.6,1,1.0,Mild Deficit
USR-06973,20,Male,Corporate 9-to-5,Night Owl,23,Instagram / Reddit,78,1,0,46,29.1,4.72,24.3,17.7,5,5.7,Moderate Debt
USR-06974,30,Female,Student,Morning Lark,17,News / Reading,66,1,0,59,15.6,8.73,23.0,20.9,0,1.0,Optimal Recovery
USR-06975,34,Female,Corporate 9-to-5,Night Owl,177,TikTok / Reels,46,0,0,48,100.4,3.2,16.3,17.9,7,10.0,Severe Sleep Debt
USR-06976,30,Female,Healthcare / Shift Worker,Intermediate,113,Instagram / Reddit,73,1,0,35,72.4,3.22,20.8,20.1,5,8.0,Moderate Debt
USR-06977,42,Male,Corporate 9-to-5,Intermediate,34,TikTok / Reels,49,0,0,48,27.3,7.53,21.8,15.4,1,1.0,Mild Deficit
USR-06978,46,Male,Freelance / Creative,Intermediate,56,Messaging / Chat,30,1,0,52,43.2,6.65,26.9,22.2,3,3.3,Moderate Debt
USR-06979,43,Male,Student,Night Owl,71,Streaming (Netflix/Hulu),49,1,138,49,43.0,5.25,19.7,21.0,4,6.6,Moderate Debt
USR-06980,19,Female,Healthcare / Shift Worker,Intermediate,24,Streaming (Netflix/Hulu),50,0,198,12,38.4,6.02,17.8,16.9,4,5.5,Moderate Debt
USR-06981,24,Male,Corporate 9-to-5,Morning Lark,4,TikTok / Reels,32,1,0,68,12.4,8.95,24.6,17.8,0,1.0,Optimal Recovery
USR-06982,34,Female,Corporate 9-to-5,Night Owl,34,News / Reading,65,1,0,67,34.3,4.66,26.9,21.1,5,5.3,Moderate Debt
USR-06983,56,Male,Student,Morning Lark,19,TikTok / Reels,63,0,67,49,20.3,9.15,18.7,20.7,0,1.0,Optimal Recovery
USR-06984,47,Male,Student,Night Owl,33,YouTube,55,1,42,51,29.8,5.74,22.8,21.3,4,3.5,Moderate Debt
USR-06985,47,Male,Corporate 9-to-5,Morning Lark,56,TikTok / Reels,71,0,0,8,37.1,8.9,18.7,20.6,2,1.0,Optimal Recovery
USR-06986,27,Male,Remote Tech,Night Owl,11,TikTok / Reels,48,1,0,32,18.4,6.71,22.0,18.2,2,1.4,Moderate Debt
USR-06987,30,Male,Corporate 9-to-5,Intermediate,44,TikTok / Reels,25,0,0,6,30.4,7.09,23.3,18.5,0,1.0,Mild Deficit
USR-06988,31,Female,Student,Intermediate,46,Instagram / Reddit,42,0,0,96,32.7,6.21,21.9,17.6,3,4.1,Moderate Debt
USR-06989,23,Female,Corporate 9-to-5,Morning Lark,66,Instagram / Reddit,38,0,178,44,45.4,7.91,23.6,13.5,2,1.0,Optimal Recovery
USR-06990,19,Male,Corporate 9-to-5,Morning Lark,54,Streaming (Netflix/Hulu),48,0,0,53,40.3,8.34,17.8,20.8,2,2.3,Optimal Recovery
USR-06991,57,Female,Corporate 9-to-5,Night Owl,59,Instagram / Reddit,57,0,0,33,39.2,4.98,20.3,17.6,4,6.1,Moderate Debt
USR-06992,25,Female,Remote Tech,Night Owl,49,TikTok / Reels,95,1,0,0,39.4,5.07,18.9,15.0,3,4.3,Moderate Debt
USR-06993,25,Male,Corporate 9-to-5,Intermediate,72,TikTok / Reels,24,1,0,14,42.1,5.98,21.2,20.3,2,2.8,Moderate Debt
USR-06994,20,Female,Freelance / Creative,Intermediate,65,YouTube,73,0,105,8,49.7,6.77,16.9,16.8,2,4.6,Mild Deficit
USR-06995,55,Female,Corporate 9-to-5,Morning Lark,17,Streaming (Netflix/Hulu),35,1,0,40,22.6,8.24,20.9,21.5,0,1.0,Optimal Recovery
USR-06996,35,Male,Freelance / Creative,Intermediate,90,Streaming (Netflix/Hulu),64,0,0,23,56.2,5.41,23.2,20.7,4,5.7,Moderate Debt
USR-06997,38,Female,Remote Tech,Intermediate,43,Streaming (Netflix/Hulu),42,1,0,62,24.8,7.23,25.6,17.4,1,1.0,Mild Deficit
USR-06998,53,Female,Remote Tech,Morning Lark,95,TikTok / Reels,60,0,0,21,67.1,6.25,20.9,16.6,3,4.9,Moderate Debt
USR-06999,28,Female,Corporate 9-to-5,Intermediate,57,YouTube,88,0,63,40,58.5,6.67,17.2,19.4,3,4.3,Moderate Debt
USR-07000,37,Male,Student,Intermediate,96,Instagram / Reddit,25,1,0,19,44.3,5.51,23.9,14.6,6,5.2,Moderate Debt
USR-07001,19,Male,Student,Morning Lark,84,YouTube,61,0,198,61,65.1,6.44,14.8,14.6,2,5.1,Moderate Debt
USR-07002,24,Male,Remote Tech,Morning Lark,26,TikTok / Reels,62,1,0,50,26.0,9.8,22.7,17.4,0,1.0,Optimal Recovery
USR-07003,47,Female,Corporate 9-to-5,Intermediate,29,YouTube,75,0,0,15,34.2,7.13,19.3,21.5,2,2.4,Mild Deficit
USR-07004,43,Male,Freelance / Creative,Morning Lark,106,News / Reading,56,0,0,34,44.2,7.18,19.4,21.1,2,2.4,Mild Deficit
USR-07005,28,Male,Freelance / Creative,Night Owl,76,YouTube,100,0,46,19,52.6,4.63,18.4,24.8,5,8.7,Severe Sleep Debt
USR-07006,29,Male,Remote Tech,Intermediate,109,Instagram / Reddit,79,1,0,66,63.0,5.73,18.2,20.7,4,5.4,Moderate Debt
USR-07007,33,Male,Student,Morning Lark,23,YouTube,68,1,105,20,29.9,8.69,19.0,16.9,1,1.0,Optimal Recovery
USR-07008,18,Female,Remote Tech,Night Owl,36,YouTube,62,0,0,53,32.0,4.91,21.5,19.7,3,4.5,Moderate Debt
USR-07009,25,Female,Corporate 9-to-5,Intermediate,43,TikTok / Reels,67,1,0,41,27.8,7.64,22.3,14.4,2,1.0,Mild Deficit
USR-07010,24,Female,Corporate 9-to-5,Intermediate,67,TikTok / Reels,58,0,0,22,48.0,5.76,19.1,18.2,2,4.3,Moderate Debt
USR-07011,25,Female,Remote Tech,Intermediate,31,YouTube,58,1,55,70,32.1,6.92,24.8,16.5,3,2.6,Mild Deficit
USR-07012,45,Male,Healthcare / Shift Worker,Morning Lark,89,Instagram / Reddit,25,0,149,30,60.6,6.44,18.0,14.7,2,4.2,Moderate Debt
USR-07013,26,Male,Corporate 9-to-5,Intermediate,60,TikTok / Reels,67,0,23,6,41.9,4.6,16.3,17.3,5,6.8,Moderate Debt
USR-07014,24,Male,Remote Tech,Intermediate,60,TikTok / Reels,66,0,0,36,41.8,4.87,22.4,22.2,3,6.1,Moderate Debt
USR-07015,32,Female,Healthcare / Shift Worker,Night Owl,61,Streaming (Netflix/Hulu),62,0,0,21,29.7,3.83,24.6,23.1,4,7.2,Moderate Debt
USR-07016,49,Female,Corporate 9-to-5,Intermediate,43,YouTube,63,0,0,77,32.0,7.38,21.8,18.3,1,1.2,Mild Deficit
USR-07017,25,Female,Corporate 9-to-5,Intermediate,63,TikTok / Reels,70,1,142,53,52.6,5.82,24.3,11.5,2,5.0,Moderate Debt
USR-07018,20,Female,Student,Night Owl,74,Instagram / Reddit,64,1,127,62,64.5,4.35,24.1,16.2,6,9.3,Severe Sleep Debt
USR-07019,28,Female,Corporate 9-to-5,Intermediate,38,Instagram / Reddit,57,0,102,4,40.5,5.77,16.7,14.2,2,4.2,Moderate Debt
USR-07020,42,Male,Corporate 9-to-5,Intermediate,31,Messaging / Chat,62,1,0,71,19.9,7.61,28.0,19.1,2,1.0,Mild Deficit
USR-07021,34,Female,Remote Tech,Intermediate,47,Instagram / Reddit,80,0,0,30,30.9,6.09,18.3,18.2,3,3.6,Moderate Debt
USR-07022,46,Non-Binary,Remote Tech,Morning Lark,47,YouTube,84,0,22,16,44.4,6.98,21.2,21.6,2,3.2,Mild Deficit
USR-07023,59,Female,Healthcare / Shift Worker,Night Owl,82,Messaging / Chat,35,1,71,49,37.0,3.98,22.2,20.5,2,7.0,Moderate Debt
USR-07024,44,Male,Student,Night Owl,39,YouTube,47,0,0,27,48.4,4.16,18.3,19.4,5,7.5,Moderate Debt
USR-07025,36,Male,Remote Tech,Morning Lark,87,Streaming (Netflix/Hulu),74,0,0,24,64.9,7.08,20.4,20.8,3,3.9,Mild Deficit
USR-07026,32,Female,Remote Tech,Night Owl,98,YouTube,66,0,0,62,57.5,5.37,23.5,20.7,4,6.1,Moderate Debt
USR-07027,19,Male,Freelance / Creative,Intermediate,49,Instagram / Reddit,42,1,0,2,43.7,7.45,17.6,17.6,2,1.9,Mild Deficit
USR-07028,62,Male,Corporate 9-to-5,Intermediate,59,Messaging / Chat,56,1,105,22,55.3,8.48,21.3,12.9,2,1.1,Optimal Recovery
USR-07029,29,Male,Corporate 9-to-5,Morning Lark,86,YouTube,71,0,0,44,61.1,6.9,20.6,22.1,3,3.9,Mild Deficit
USR-07030,23,Male,Freelance / Creative,Intermediate,108,YouTube,93,1,108,47,64.1,5.56,18.0,19.4,4,8.4,Moderate Debt
USR-07031,38,Female,Freelance / Creative,Intermediate,55,News / Reading,100,0,0,2,30.0,6.46,19.1,21.9,2,3.5,Moderate Debt
USR-07032,26,Male,Corporate 9-to-5,Morning Lark,32,TikTok / Reels,19,1,72,50,40.2,8.15,25.5,19.0,0,1.0,Optimal Recovery
USR-07033,35,Male,Corporate 9-to-5,Intermediate,85,YouTube,72,0,72,47,58.6,6.44,18.0,16.8,3,4.8,Moderate Debt
USR-07034,35,Female,Remote Tech,Night Owl,50,News / Reading,42,1,0,13,26.6,5.19,25.2,19.8,3,3.0,Moderate Debt
USR-07035,31,Female,Corporate 9-to-5,Night Owl,29,Streaming (Netflix/Hulu),78,0,243,0,39.1,5.19,17.0,12.9,5,6.2,Moderate Debt
USR-07036,47,Male,Student,Intermediate,108,Instagram / Reddit,28,0,0,9,45.8,5.09,23.6,20.5,4,6.0,Moderate Debt
USR-07037,26,Female,Corporate 9-to-5,Intermediate,61,Instagram / Reddit,41,0,62,56,43.5,6.69,26.0,18.7,3,3.4,Moderate Debt
USR-07038,31,Male,Corporate 9-to-5,Morning Lark,115,YouTube,52,0,54,33,58.6,7.81,21.3,18.8,1,2.1,Optimal Recovery
USR-07039,34,Male,Remote Tech,Night Owl,81,TikTok / Reels,68,0,0,17,48.2,3.76,16.6,18.8,6,9.2,Severe Sleep Debt
USR-07040,38,Male,Freelance / Creative,Night Owl,51,YouTube,48,0,46,55,42.6,4.25,22.3,16.4,4,6.2,Moderate Debt
USR-07041,44,Female,Remote Tech,Intermediate,92,YouTube,40,1,136,23,57.5,5.36,16.2,15.5,3,6.9,Moderate Debt
USR-07042,29,Female,Remote Tech,Morning Lark,85,YouTube,21,1,43,57,39.5,6.13,23.5,17.1,3,3.5,Moderate Debt
USR-07043,38,Female,Freelance / Creative,Morning Lark,26,YouTube,42,1,0,36,21.5,8.14,18.6,22.0,0,1.0,Optimal Recovery
USR-07044,23,Male,Remote Tech,Morning Lark,80,YouTube,69,0,0,0,50.6,7.11,15.2,17.2,1,3.9,Mild Deficit
USR-07045,56,Male,Remote Tech,Intermediate,143,YouTube,85,1,0,51,75.5,4.62,23.7,20.0,6,8.5,Moderate Debt
USR-07046,29,Male,Remote Tech,Morning Lark,51,TikTok / Reels,34,1,81,39,45.9,8.08,20.5,19.1,2,1.0,Optimal Recovery
USR-07047,41,Male,Corporate 9-to-5,Intermediate,85,YouTube,36,0,0,46,53.8,6.35,20.9,19.1,4,4.0,Moderate Debt
USR-07048,18,Female,Remote Tech,Intermediate,162,YouTube,40,0,184,27,85.0,4.42,17.2,18.8,5,10.0,Severe Sleep Debt
USR-07049,24,Female,Remote Tech,Morning Lark,44,TikTok / Reels,53,1,0,16,28.2,8.54,19.7,17.7,1,1.0,Optimal Recovery
USR-07050,32,Male,Corporate 9-to-5,Night Owl,64,Instagram / Reddit,59,0,79,57,44.4,4.87,18.3,20.9,3,7.2,Moderate Debt
USR-07051,50,Female,Corporate 9-to-5,Morning Lark,62,YouTube,49,0,0,45,40.1,7.79,23.2,20.4,2,2.1,Optimal Recovery
USR-07052,33,Female,Corporate 9-to-5,Night Owl,57,TikTok / Reels,23,0,0,30,38.2,4.5,28.0,19.5,4,4.9,Moderate Debt
USR-07053,55,Female,Remote Tech,Intermediate,161,Messaging / Chat,14,1,77,39,72.5,4.71,20.1,17.6,4,7.6,Moderate Debt
USR-07054,32,Female,Corporate 9-to-5,Intermediate,18,YouTube,45,1,55,20,24.1,7.78,19.6,17.9,1,1.0,Optimal Recovery
USR-07055,32,Female,Corporate 9-to-5,Morning Lark,52,News / Reading,66,1,0,42,31.2,8.07,21.6,20.5,1,1.0,Optimal Recovery
USR-07056,22,Male,Freelance / Creative,Night Owl,49,News / Reading,55,1,0,57,26.9,4.89,22.9,22.0,3,4.9,Moderate Debt
USR-07057,45,Male,Remote Tech,Intermediate,49,Streaming (Netflix/Hulu),89,1,0,94,24.0,8.0,27.5,19.4,0,1.0,Optimal Recovery
USR-07058,25,Male,Corporate 9-to-5,Intermediate,27,YouTube,25,1,0,37,23.2,8.45,18.4,19.2,1,1.0,Optimal Recovery
USR-07059,52,Male,Student,Morning Lark,101,Messaging / Chat,57,0,52,56,45.4,7.23,18.5,16.4,3,3.3,Mild Deficit
USR-07060,53,Male,Corporate 9-to-5,Intermediate,80,Messaging / Chat,83,0,0,50,48.5,6.24,18.4,20.5,2,4.4,Moderate Debt
USR-07061,57,Male,Student,Intermediate,34,Streaming (Netflix/Hulu),49,0,0,44,24.0,7.04,21.6,20.6,3,1.6,Mild Deficit
USR-07062,33,Female,Student,Night Owl,39,TikTok / Reels,29,1,50,27,32.7,5.29,25.3,20.7,3,4.2,Moderate Debt
USR-07063,39,Male,Student,Night Owl,24,TikTok / Reels,10,1,0,18,10.4,7.1,24.8,21.6,0,1.0,Mild Deficit
USR-07064,43,Female,Student,Night Owl,42,YouTube,49,1,125,25,33.4,6.19,20.8,19.1,3,3.6,Moderate Debt
USR-07065,22,Female,Corporate 9-to-5,Night Owl,64,TikTok / Reels,45,1,0,33,49.2,4.93,19.4,16.0,4,5.7,Moderate Debt
USR-07066,36,Female,Student,Morning Lark,20,YouTube,42,0,59,26,25.4,9.18,23.1,17.6,0,1.0,Optimal Recovery
USR-07067,19,Male,Corporate 9-to-5,Intermediate,45,YouTube,61,0,0,8,30.9,6.93,25.1,19.0,1,1.0,Mild Deficit
USR-07068,32,Female,Corporate 9-to-5,Intermediate,151,Instagram / Reddit,91,0,0,49,84.1,5.17,17.9,21.8,5,8.1,Moderate Debt
USR-07069,23,Female,Freelance / Creative,Morning Lark,15,Instagram / Reddit,28,0,0,14,18.0,8.04,24.1,22.1,1,1.0,Optimal Recovery
USR-07070,23,Female,Remote Tech,Night Owl,36,TikTok / Reels,36,0,25,56,31.9,6.07,25.7,18.6,4,3.0,Moderate Debt
USR-07071,28,Male,Freelance / Creative,Morning Lark,66,TikTok / Reels,52,0,0,26,42.7,6.07,23.4,15.5,5,5.2,Moderate Debt
USR-07072,30,Male,Corporate 9-to-5,Night Owl,44,Streaming (Netflix/Hulu),69,0,0,8,27.6,5.2,16.1,23.2,3,4.6,Moderate Debt
USR-07073,37,Male,Remote Tech,Night Owl,19,Instagram / Reddit,47,0,0,11,14.3,5.28,23.1,16.3,2,3.0,Moderate Debt
USR-07074,20,Female,Corporate 9-to-5,Intermediate,64,Instagram / Reddit,67,1,104,37,47.6,6.41,19.4,16.5,4,3.5,Moderate Debt
USR-07075,32,Female,Student,Morning Lark,49,YouTube,26,1,38,35,32.7,7.71,20.2,21.0,1,1.4,Mild Deficit
USR-07076,23,Male,Corporate 9-to-5,Morning Lark,36,Instagram / Reddit,56,0,35,10,31.0,8.82,21.3,21.4,0,1.0,Optimal Recovery
USR-07077,35,Female,Corporate 9-to-5,Morning Lark,43,Streaming (Netflix/Hulu),55,1,0,23,22.6,7.5,24.6,20.8,1,1.0,Mild Deficit
USR-07078,37,Male,Corporate 9-to-5,Intermediate,43,Streaming (Netflix/Hulu),86,1,0,49,20.2,7.8,28.0,19.8,0,1.0,Optimal Recovery
USR-07079,34,Male,Student,Intermediate,29,TikTok / Reels,78,1,35,42,33.2,7.86,23.8,15.8,0,1.0,Optimal Recovery
USR-07080,42,Male,Corporate 9-to-5,Intermediate,104,Messaging / Chat,57,0,0,26,52.2,5.47,19.2,18.7,4,4.8,Moderate Debt
USR-07081,28,Male,Healthcare / Shift Worker,Night Owl,112,TikTok / Reels,36,0,152,65,79.7,3.2,12.5,14.4,5,10.0,Severe Sleep Debt
USR-07082,43,Female,Corporate 9-to-5,Intermediate,7,TikTok / Reels,10,0,30,0,21.8,8.18,20.8,15.6,2,1.0,Optimal Recovery
USR-07083,30,Female,Corporate 9-to-5,Morning Lark,52,Streaming (Netflix/Hulu),37,1,0,12,31.2,6.85,20.5,20.8,3,2.3,Mild Deficit
USR-07084,32,Male,Remote Tech,Night Owl,124,Instagram / Reddit,99,0,0,15,82.2,3.2,14.4,17.2,6,10.0,Severe Sleep Debt
USR-07085,38,Female,Freelance / Creative,Intermediate,40,TikTok / Reels,19,0,0,61,37.7,6.19,28.0,16.7,3,2.2,Moderate Debt
USR-07086,18,Female,Corporate 9-to-5,Intermediate,93,Instagram / Reddit,37,1,0,51,45.7,5.5,23.4,16.0,4,4.3,Moderate Debt
USR-07087,38,Female,Corporate 9-to-5,Night Owl,82,Instagram / Reddit,58,0,0,89,50.1,4.75,20.2,21.0,5,6.3,Moderate Debt
USR-07088,37,Female,Student,Night Owl,29,Streaming (Netflix/Hulu),80,0,54,47,28.3,6.37,21.4,19.0,2,2.7,Moderate Debt
USR-07089,27,Female,Corporate 9-to-5,Night Owl,50,Instagram / Reddit,29,1,0,34,28.0,5.39,20.6,19.8,2,2.7,Moderate Debt
USR-07090,20,Female,Student,Morning Lark,54,TikTok / Reels,64,1,0,83,32.0,7.72,21.9,19.1,2,1.0,Mild Deficit
USR-07091,21,Male,Corporate 9-to-5,Intermediate,37,Instagram / Reddit,39,1,114,14,37.4,7.34,20.7,15.8,2,2.8,Mild Deficit
USR-07092,55,Male,Remote Tech,Morning Lark,72,YouTube,31,0,0,18,40.3,7.52,21.0,17.7,2,1.0,Mild Deficit
USR-07093,39,Male,Corporate 9-to-5,Night Owl,83,Instagram / Reddit,43,0,20,5,54.9,3.92,22.3,23.0,5,8.0,Moderate Debt
USR-07094,22,Male,Remote Tech,Morning Lark,58,TikTok / Reels,54,1,20,51,37.9,8.05,21.5,17.5,1,1.2,Optimal Recovery
USR-07095,28,Female,Student,Morning Lark,88,YouTube,30,1,0,38,47.8,7.15,24.8,18.6,4,3.2,Mild Deficit
USR-07096,36,Female,Student,Night Owl,59,Streaming (Netflix/Hulu),77,1,40,32,40.1,5.99,22.9,26.1,3,4.4,Moderate Debt
USR-07097,47,Female,Remote Tech,Night Owl,53,News / Reading,84,1,82,37,23.5,5.47,23.0,18.2,3,4.2,Moderate Debt
USR-07098,19,Male,Freelance / Creative,Intermediate,13,TikTok / Reels,41,0,56,36,35.9,7.32,20.1,17.2,2,1.6,Mild Deficit
USR-07099,25,Male,Corporate 9-to-5,Morning Lark,21,TikTok / Reels,71,0,0,0,18.5,7.79,21.1,16.9,1,1.0,Optimal Recovery
USR-07100,51,Female,Corporate 9-to-5,Intermediate,137,YouTube,24,0,85,67,65.9,4.7,19.6,20.8,6,7.6,Moderate Debt
USR-07101,18,Female,Student,Night Owl,76,TikTok / Reels,51,0,70,21,50.7,5.15,16.9,16.1,5,6.7,Moderate Debt
USR-07102,24,Male,Student,Intermediate,122,YouTube,72,1,0,45,52.4,5.0,28.0,20.9,4,5.1,Moderate Debt
USR-07103,59,Male,Corporate 9-to-5,Morning Lark,48,News / Reading,69,1,0,20,37.6,7.63,24.7,23.2,2,1.0,Mild Deficit
USR-07104,36,Male,Student,Morning Lark,180,YouTube,58,1,49,25,81.0,5.04,20.5,20.1,6,8.4,Moderate Debt
USR-07105,26,Female,Remote Tech,Night Owl,51,YouTube,79,0,37,28,34.4,5.57,21.1,16.9,4,5.0,Moderate Debt
USR-07106,20,Female,Student,Intermediate,48,YouTube,40,0,0,37,42.1,7.09,23.6,22.0,3,2.6,Mild Deficit
USR-07107,19,Male,Healthcare / Shift Worker,Night Owl,14,TikTok / Reels,57,0,0,56,24.7,4.85,26.1,19.6,2,4.2,Moderate Debt
USR-07108,25,Male,Remote Tech,Intermediate,89,TikTok / Reels,56,1,0,24,61.3,5.79,18.8,18.8,4,5.8,Moderate Debt
USR-07109,51,Male,Corporate 9-to-5,Intermediate,121,News / Reading,63,1,57,26,43.5,5.36,20.9,20.5,4,5.8,Moderate Debt
USR-07110,30,Male,Student,Night Owl,157,YouTube,67,0,0,25,77.4,3.2,19.8,16.7,7,10.0,Severe Sleep Debt
USR-07111,41,Male,Student,Intermediate,55,Streaming (Netflix/Hulu),29,0,0,19,44.0,6.84,18.0,24.8,2,1.7,Mild Deficit
USR-07112,54,Male,Corporate 9-to-5,Intermediate,33,TikTok / Reels,69,0,125,43,30.5,7.57,18.1,19.4,0,1.2,Mild Deficit
USR-07113,29,Female,Remote Tech,Morning Lark,50,Instagram / Reddit,31,1,0,64,35.6,8.35,25.7,22.2,0,1.0,Optimal Recovery
USR-07114,24,Female,Freelance / Creative,Morning Lark,75,TikTok / Reels,73,0,0,45,56.4,6.67,17.6,18.3,3,5.2,Moderate Debt
USR-07115,33,Male,Corporate 9-to-5,Night Owl,44,YouTube,90,1,0,31,29.0,5.83,26.6,20.0,1,2.4,Moderate Debt
USR-07116,53,Female,Corporate 9-to-5,Night Owl,49,TikTok / Reels,45,1,42,74,36.0,4.87,24.8,20.1,4,4.9,Moderate Debt
USR-07117,45,Male,Corporate 9-to-5,Intermediate,54,TikTok / Reels,36,1,123,20,45.9,6.21,15.0,16.9,4,4.5,Moderate Debt
USR-07118,20,Male,Remote Tech,Morning Lark,56,Messaging / Chat,88,1,0,38,28.8,7.26,22.5,17.9,2,1.3,Mild Deficit
USR-07119,39,Non-Binary,Freelance / Creative,Morning Lark,22,Instagram / Reddit,54,0,48,69,20.6,8.34,27.2,15.9,0,1.0,Optimal Recovery
USR-07120,35,Female,Student,Night Owl,64,Streaming (Netflix/Hulu),28,1,0,7,31.7,5.52,20.1,17.5,2,3.3,Moderate Debt
USR-07121,53,Female,Corporate 9-to-5,Intermediate,31,News / Reading,37,0,0,31,40.2,7.91,21.6,19.2,2,1.0,Optimal Recovery
USR-07122,22,Male,Student,Night Owl,59,TikTok / Reels,38,1,76,44,41.6,4.94,21.6,15.6,2,5.9,Moderate Debt
USR-07123,33,Male,Student,Intermediate,16,Messaging / Chat,79,1,20,42,17.9,7.52,25.2,19.7,0,1.0,Mild Deficit
USR-07124,50,Male,Remote Tech,Night Owl,107,Streaming (Netflix/Hulu),35,0,0,26,50.6,4.42,21.6,23.4,5,5.9,Moderate Debt
USR-07125,29,Female,Corporate 9-to-5,Night Owl,54,YouTube,10,0,20,72,35.7,5.95,20.4,18.3,2,3.7,Moderate Debt
USR-07126,32,Female,Student,Morning Lark,47,Messaging / Chat,54,1,0,25,35.6,7.15,20.6,21.7,3,1.3,Mild Deficit
USR-07127,20,Male,Remote Tech,Night Owl,100,TikTok / Reels,61,1,0,19,60.6,3.79,18.7,18.6,6,8.0,Moderate Debt
USR-07128,26,Male,Corporate 9-to-5,Morning Lark,75,TikTok / Reels,66,0,0,32,68.9,6.99,23.0,17.8,3,3.3,Mild Deficit
USR-07129,27,Male,Remote Tech,Morning Lark,44,TikTok / Reels,10,0,0,11,38.2,7.96,24.0,19.7,2,1.0,Optimal Recovery
USR-07130,57,Female,Freelance / Creative,Intermediate,115,Messaging / Chat,51,0,120,0,62.5,5.55,15.6,17.2,5,7.8,Moderate Debt
USR-07131,26,Female,Corporate 9-to-5,Intermediate,54,TikTok / Reels,46,0,127,52,51.8,6.43,20.3,16.6,2,3.6,Moderate Debt
USR-07132,31,Female,Freelance / Creative,Intermediate,52,News / Reading,63,0,0,36,33.9,6.56,26.0,16.4,2,1.0,Moderate Debt
USR-07133,39,Non-Binary,Corporate 9-to-5,Intermediate,60,TikTok / Reels,15,0,0,25,38.9,5.91,20.2,17.9,3,4.2,Moderate Debt
USR-07134,23,Male,Student,Morning Lark,164,Instagram / Reddit,58,1,129,58,93.0,5.83,19.9,18.0,5,7.7,Moderate Debt
USR-07135,32,Female,Corporate 9-to-5,Morning Lark,15,Streaming (Netflix/Hulu),59,0,0,39,17.0,6.78,24.5,22.6,2,1.0,Mild Deficit
USR-07136,42,Female,Corporate 9-to-5,Intermediate,172,News / Reading,78,0,0,29,75.5,4.92,16.8,23.9,5,8.8,Severe Sleep Debt
USR-07137,49,Male,Remote Tech,Intermediate,98,YouTube,62,1,0,17,55.6,6.26,17.8,23.2,2,3.6,Moderate Debt
USR-07138,37,Female,Remote Tech,Intermediate,45,YouTube,69,1,0,28,31.6,6.12,25.4,21.2,3,3.0,Moderate Debt
USR-07139,39,Male,Student,Intermediate,40,Messaging / Chat,30,1,34,30,31.7,7.88,19.9,20.8,2,1.0,Optimal Recovery
USR-07140,22,Male,Student,Night Owl,65,News / Reading,53,1,0,56,35.6,4.58,25.4,20.1,4,5.0,Moderate Debt
USR-07141,57,Female,Remote Tech,Intermediate,74,TikTok / Reels,81,0,68,21,50.7,6.12,14.2,18.2,1,4.9,Moderate Debt
USR-07142,22,Female,Freelance / Creative,Morning Lark,110,Instagram / Reddit,45,1,64,40,60.7,5.6,20.1,20.8,3,5.9,Moderate Debt
USR-07143,43,Male,Remote Tech,Intermediate,52,YouTube,70,0,32,32,27.0,6.03,18.0,23.5,2,2.9,Moderate Debt
USR-07144,26,Female,Corporate 9-to-5,Intermediate,52,Instagram / Reddit,36,0,20,22,33.1,6.79,20.4,17.1,3,2.5,Mild Deficit
USR-07145,56,Female,Corporate 9-to-5,Intermediate,9,Streaming (Netflix/Hulu),50,1,0,41,13.0,8.86,26.6,19.8,0,1.0,Optimal Recovery
USR-07146,41,Male,Remote Tech,Intermediate,38,Streaming (Netflix/Hulu),23,1,0,43,20.6,7.1,22.6,21.3,2,1.5,Mild Deficit
USR-07147,42,Male,Student,Intermediate,138,Instagram / Reddit,53,0,0,22,75.7,4.99,16.9,19.6,6,9.1,Severe Sleep Debt
USR-07148,25,Male,Corporate 9-to-5,Morning Lark,77,TikTok / Reels,38,0,34,24,51.8,7.95,18.9,14.8,3,1.0,Optimal Recovery
USR-07149,30,Female,Corporate 9-to-5,Intermediate,76,Streaming (Netflix/Hulu),78,0,163,17,52.2,5.78,19.0,19.0,3,5.4,Moderate Debt
USR-07150,36,Female,Corporate 9-to-5,Morning Lark,41,Messaging / Chat,96,0,25,58,28.9,7.58,25.4,18.1,1,1.0,Mild Deficit
USR-07151,43,Female,Remote Tech,Intermediate,38,News / Reading,20,1,63,66,32.8,6.27,24.8,19.0,2,3.5,Moderate Debt
USR-07152,21,Female,Corporate 9-to-5,Intermediate,77,YouTube,30,1,101,28,51.1,5.86,21.4,14.6,2,4.9,Moderate Debt
USR-07153,59,Male,Corporate 9-to-5,Intermediate,67,YouTube,73,0,20,51,42.9,5.97,20.8,15.7,3,4.6,Moderate Debt
USR-07154,51,Female,Remote Tech,Intermediate,78,TikTok / Reels,40,1,160,18,58.1,7.01,22.7,16.8,4,3.6,Mild Deficit
USR-07155,26,Male,Student,Morning Lark,59,Instagram / Reddit,53,0,0,29,30.2,7.15,20.4,16.6,1,1.1,Mild Deficit
USR-07156,46,Female,Corporate 9-to-5,Night Owl,67,Instagram / Reddit,85,1,35,52,57.1,4.45,26.0,18.4,6,8.5,Moderate Debt
USR-07157,33,Female,Remote Tech,Night Owl,21,Streaming (Netflix/Hulu),86,1,144,24,40.0,5.61,20.3,18.9,3,4.8,Moderate Debt
USR-07158,31,Non-Binary,Corporate 9-to-5,Intermediate,150,TikTok / Reels,29,1,50,27,87.2,4.51,16.6,19.1,6,8.7,Severe Sleep Debt
USR-07159,27,Female,Freelance / Creative,Morning Lark,42,TikTok / Reels,94,0,196,14,55.2,8.1,14.4,11.2,2,3.5,Optimal Recovery
USR-07160,35,Female,Corporate 9-to-5,Morning Lark,61,News / Reading,68,0,125,25,39.0,7.09,16.2,20.2,1,2.6,Mild Deficit
USR-07161,41,Female,Freelance / Creative,Intermediate,10,Messaging / Chat,75,0,0,47,20.6,8.27,25.2,18.1,0,1.0,Optimal Recovery
USR-07162,29,Female,Freelance / Creative,Intermediate,37,YouTube,42,1,78,47,37.8,6.49,22.0,20.9,2,3.1,Moderate Debt
USR-07163,37,Female,Student,Morning Lark,58,Instagram / Reddit,39,1,123,22,42.1,6.9,20.8,19.2,4,3.3,Mild Deficit
USR-07164,40,Female,Corporate 9-to-5,Intermediate,75,News / Reading,20,0,49,11,25.9,6.99,19.1,19.6,1,2.1,Mild Deficit
USR-07165,40,Male,Remote Tech,Intermediate,12,YouTube,30,1,0,49,14.3,8.39,21.2,20.6,0,1.0,Optimal Recovery
USR-07166,19,Male,Corporate 9-to-5,Intermediate,58,Streaming (Netflix/Hulu),69,1,59,0,43.1,7.29,18.2,17.7,3,3.5,Mild Deficit
USR-07167,49,Male,Healthcare / Shift Worker,Intermediate,110,TikTok / Reels,64,0,0,54,79.9,3.2,21.3,19.9,6,10.0,Severe Sleep Debt
USR-07168,31,Female,Healthcare / Shift Worker,Night Owl,70,Messaging / Chat,71,0,28,69,39.2,3.2,21.3,20.5,5,7.6,Moderate Debt
USR-07169,26,Male,Freelance / Creative,Morning Lark,117,YouTube,60,1,0,59,64.3,4.89,22.9,19.5,6,8.0,Moderate Debt
USR-07170,25,Female,Student,Intermediate,75,YouTube,54,0,0,46,52.3,6.24,21.7,23.9,3,4.7,Moderate Debt
USR-07171,32,Male,Remote Tech,Morning Lark,40,Streaming (Netflix/Hulu),41,1,0,41,30.6,7.85,27.0,16.6,1,1.0,Optimal Recovery
USR-07172,51,Male,Remote Tech,Intermediate,50,TikTok / Reels,49,0,93,28,44.5,6.51,19.1,16.1,2,3.2,Moderate Debt
USR-07173,29,Female,Remote Tech,Intermediate,62,TikTok / Reels,73,0,0,23,40.9,6.08,27.2,17.3,4,3.7,Moderate Debt
USR-07174,42,Male,Remote Tech,Morning Lark,80,Instagram / Reddit,71,0,0,30,63.2,7.29,16.0,17.7,4,4.0,Mild Deficit
USR-07175,21,Male,Student,Intermediate,83,Instagram / Reddit,60,1,0,8,50.4,6.57,21.3,18.7,2,2.8,Moderate Debt
USR-07176,31,Male,Freelance / Creative,Night Owl,44,TikTok / Reels,36,0,0,0,27.6,6.61,20.6,14.7,2,2.5,Moderate Debt
USR-07177,64,Female,Remote Tech,Morning Lark,43,YouTube,45,0,189,18,45.3,7.75,10.8,12.6,1,2.0,Optimal Recovery
USR-07178,43,Male,Healthcare / Shift Worker,Intermediate,39,YouTube,28,0,0,31,32.7,5.85,23.8,19.7,4,3.2,Moderate Debt
USR-07179,24,Male,Healthcare / Shift Worker,Night Owl,18,Instagram / Reddit,48,0,114,17,20.4,5.03,24.1,16.9,4,4.8,Moderate Debt
USR-07180,32,Female,Remote Tech,Intermediate,95,News / Reading,22,1,59,31,48.2,6.12,22.3,19.8,3,4.9,Moderate Debt
USR-07181,25,Male,Corporate 9-to-5,Night Owl,44,TikTok / Reels,48,0,0,39,44.5,4.68,23.7,14.3,4,4.6,Moderate Debt
USR-07182,29,Female,Student,Night Owl,26,TikTok / Reels,42,0,38,69,23.1,5.79,24.7,16.0,3,2.4,Moderate Debt
USR-07183,44,Female,Remote Tech,Morning Lark,74,Streaming (Netflix/Hulu),55,1,0,31,40.3,7.08,20.5,20.3,1,2.6,Mild Deficit
USR-07184,43,Male,Corporate 9-to-5,Morning Lark,79,Instagram / Reddit,39,0,20,33,45.2,7.26,22.4,14.7,3,2.8,Mild Deficit
USR-07185,25,Male,Remote Tech,Night Owl,22,Instagram / Reddit,70,0,0,13,26.4,6.06,23.6,17.5,2,2.6,Moderate Debt
USR-07186,54,Male,Freelance / Creative,Night Owl,109,YouTube,22,0,0,35,51.0,4.2,24.8,20.9,7,7.8,Moderate Debt
USR-07187,36,Male,Corporate 9-to-5,Morning Lark,100,Instagram / Reddit,23,0,0,48,45.8,6.89,23.7,19.6,1,1.0,Mild Deficit
USR-07188,29,Female,Student,Intermediate,60,YouTube,50,1,0,51,36.2,6.02,25.3,21.3,3,3.3,Moderate Debt
USR-07189,32,Female,Healthcare / Shift Worker,Intermediate,59,YouTube,60,0,75,32,45.7,4.41,20.5,19.0,4,6.3,Moderate Debt
USR-07190,36,Male,Student,Night Owl,94,Streaming (Netflix/Hulu),47,1,0,29,44.1,4.88,20.2,18.1,4,6.7,Moderate Debt
USR-07191,34,Female,Remote Tech,Intermediate,42,Messaging / Chat,48,1,0,20,25.9,7.52,23.8,19.7,1,1.0,Mild Deficit
USR-07192,32,Male,Student,Night Owl,109,YouTube,57,0,0,37,47.9,4.73,24.2,20.6,5,7.4,Moderate Debt
USR-07193,32,Male,Remote Tech,Night Owl,13,Streaming (Netflix/Hulu),65,1,116,57,27.2,6.65,24.0,13.9,4,2.9,Moderate Debt
USR-07194,23,Female,Corporate 9-to-5,Night Owl,64,TikTok / Reels,46,0,0,55,55.9,4.26,22.8,19.4,4,5.8,Moderate Debt
USR-07195,45,Female,Freelance / Creative,Intermediate,53,Messaging / Chat,59,1,0,45,28.4,6.97,24.0,20.5,2,3.1,Mild Deficit
USR-07196,34,Male,Remote Tech,Intermediate,21,YouTube,75,0,169,42,33.3,7.99,21.6,20.0,1,1.0,Optimal Recovery
USR-07197,22,Male,Student,Morning Lark,96,TikTok / Reels,28,1,83,38,60.8,5.32,22.2,12.2,4,6.8,Moderate Debt
USR-07198,43,Male,Remote Tech,Intermediate,38,News / Reading,80,1,0,11,31.6,7.0,22.5,23.1,2,1.7,Mild Deficit
USR-07199,56,Male,Corporate 9-to-5,Intermediate,88,Instagram / Reddit,79,0,0,60,64.8,4.81,21.7,21.0,4,5.9,Moderate Debt
USR-07200,57,Female,Freelance / Creative,Intermediate,77,Streaming (Netflix/Hulu),38,0,88,51,44.8,7.67,20.5,12.9,1,1.0,Mild Deficit
USR-07201,28,Female,Healthcare / Shift Worker,Intermediate,31,Streaming (Netflix/Hulu),65,0,0,5,32.7,5.6,21.1,18.7,3,3.0,Moderate Debt
USR-07202,22,Female,Corporate 9-to-5,Intermediate,13,Instagram / Reddit,24,0,87,30,26.8,8.5,21.7,20.2,1,1.0,Optimal Recovery
USR-07203,33,Female,Freelance / Creative,Night Owl,70,Instagram / Reddit,61,1,51,17,38.3,3.99,24.8,18.0,7,8.6,Severe Sleep Debt
USR-07204,21,Female,Student,Intermediate,79,TikTok / Reels,82,0,0,79,63.3,6.88,23.7,19.2,2,4.4,Mild Deficit
USR-07205,56,Female,Remote Tech,Morning Lark,65,News / Reading,34,0,48,7,33.7,5.85,20.6,18.1,2,3.0,Moderate Debt
USR-07206,23,Female,Student,Intermediate,31,TikTok / Reels,40,1,91,38,29.5,7.51,19.6,19.1,2,2.0,Mild Deficit
USR-07207,25,Female,Corporate 9-to-5,Night Owl,163,Streaming (Netflix/Hulu),62,1,20,49,64.5,3.2,19.4,20.7,7,9.3,Severe Sleep Debt
USR-07208,29,Female,Remote Tech,Night Owl,53,Instagram / Reddit,48,1,78,8,41.4,5.59,24.0,16.1,3,4.5,Moderate Debt
USR-07209,29,Male,Corporate 9-to-5,Morning Lark,15,YouTube,59,0,104,59,34.5,8.04,18.0,19.6,2,1.0,Optimal Recovery
USR-07210,44,Male,Remote Tech,Intermediate,97,YouTube,100,0,250,16,84.9,5.54,15.3,17.7,6,9.8,Moderate Debt
USR-07211,31,Female,Remote Tech,Night Owl,34,TikTok / Reels,47,1,45,15,36.6,5.22,24.0,18.4,3,4.2,Moderate Debt
USR-07212,23,Male,Healthcare / Shift Worker,Morning Lark,81,YouTube,24,1,92,50,42.9,5.08,22.9,22.4,3,5.8,Moderate Debt
USR-07213,26,Female,Student,Intermediate,30,Instagram / Reddit,42,0,61,32,32.8,7.78,24.8,17.0,1,1.0,Optimal Recovery
USR-07214,33,Male,Corporate 9-to-5,Intermediate,55,Streaming (Netflix/Hulu),59,1,0,11,28.5,6.55,23.2,22.4,2,1.5,Moderate Debt
USR-07215,22,Female,Healthcare / Shift Worker,Intermediate,24,Instagram / Reddit,29,1,0,13,27.4,6.3,23.9,19.6,3,2.6,Moderate Debt
USR-07216,36,Male,Remote Tech,Intermediate,52,News / Reading,41,0,0,10,21.8,6.87,18.3,17.8,4,3.4,Mild Deficit
USR-07217,35,Female,Student,Morning Lark,32,News / Reading,79,1,65,19,26.4,7.76,22.4,20.2,0,1.0,Optimal Recovery
USR-07218,40,Male,Corporate 9-to-5,Intermediate,46,Instagram / Reddit,88,0,0,21,32.5,6.43,24.1,20.3,2,1.3,Moderate Debt
USR-07219,56,Female,Healthcare / Shift Worker,Morning Lark,38,YouTube,47,0,0,69,26.3,5.28,24.7,19.2,3,3.3,Moderate Debt
USR-07220,53,Male,Freelance / Creative,Intermediate,99,Instagram / Reddit,48,1,20,75,49.6,5.75,25.2,16.6,3,4.5,Moderate Debt
USR-07221,57,Female,Student,Intermediate,121,Messaging / Chat,30,0,0,29,46.4,5.75,18.9,18.7,3,4.3,Moderate Debt
USR-07222,25,Female,Freelance / Creative,Intermediate,37,YouTube,60,0,29,11,32.9,7.52,21.0,20.7,3,2.1,Mild Deficit
USR-07223,22,Male,Corporate 9-to-5,Morning Lark,105,TikTok / Reels,100,1,0,73,68.4,6.57,23.8,17.7,3,4.9,Moderate Debt
USR-07224,27,Female,Healthcare / Shift Worker,Intermediate,158,Instagram / Reddit,48,0,0,50,93.8,3.2,18.3,17.9,7,10.0,Severe Sleep Debt
USR-07225,52,Male,Remote Tech,Intermediate,22,Streaming (Netflix/Hulu),48,1,0,46,7.3,9.58,23.3,20.2,0,1.0,Optimal Recovery
USR-07226,60,Female,Corporate 9-to-5,Intermediate,49,News / Reading,65,1,67,20,20.5,6.93,22.5,16.6,1,1.0,Mild Deficit
USR-07227,49,Female,Student,Intermediate,41,Instagram / Reddit,46,1,0,33,36.4,6.64,25.0,19.4,1,1.6,Moderate Debt
USR-07228,21,Male,Student,Intermediate,154,Messaging / Chat,46,1,85,17,80.9,4.5,16.0,17.7,6,10.0,Severe Sleep Debt
USR-07229,57,Female,Corporate 9-to-5,Morning Lark,63,YouTube,83,0,0,26,40.2,8.18,21.1,19.9,1,1.0,Optimal Recovery
USR-07230,30,Female,Corporate 9-to-5,Morning Lark,158,Messaging / Chat,29,1,0,76,65.7,5.47,23.2,16.3,4,7.0,Moderate Debt
USR-07231,18,Male,Corporate 9-to-5,Morning Lark,86,TikTok / Reels,33,0,0,63,52.8,7.36,22.8,17.8,1,1.6,Mild Deficit
USR-07232,30,Male,Remote Tech,Intermediate,93,Messaging / Chat,68,1,53,3,46.6,6.03,18.7,19.3,2,4.6,Moderate Debt
USR-07233,19,Male,Corporate 9-to-5,Intermediate,54,Messaging / Chat,52,1,0,43,39.7,6.06,25.1,20.5,1,2.0,Moderate Debt
USR-07234,34,Female,Corporate 9-to-5,Night Owl,75,Streaming (Netflix/Hulu),33,1,0,17,36.8,3.76,25.0,20.6,5,7.4,Moderate Debt
USR-07235,28,Female,Remote Tech,Night Owl,71,Instagram / Reddit,61,1,20,11,43.4,5.36,20.1,18.1,4,5.7,Moderate Debt
USR-07236,31,Female,Freelance / Creative,Night Owl,76,News / Reading,48,0,83,30,38.0,4.43,15.7,18.8,5,7.9,Moderate Debt
USR-07237,36,Female,Student,Intermediate,12,YouTube,58,0,107,9,31.6,7.32,19.3,21.0,0,2.3,Mild Deficit
USR-07238,50,Male,Corporate 9-to-5,Intermediate,137,Instagram / Reddit,49,0,0,55,68.5,4.64,18.9,20.4,5,7.8,Moderate Debt
USR-07239,38,Female,Freelance / Creative,Night Owl,78,Messaging / Chat,25,0,120,49,56.1,5.01,25.2,15.0,4,6.0,Moderate Debt
USR-07240,30,Female,Student,Morning Lark,49,Streaming (Netflix/Hulu),76,1,0,19,31.7,7.38,22.6,20.6,2,1.0,Mild Deficit
USR-07241,46,Female,Remote Tech,Intermediate,95,Messaging / Chat,89,0,238,83,74.7,5.07,18.8,18.9,5,8.5,Moderate Debt
USR-07242,53,Male,Remote Tech,Morning Lark,51,Streaming (Netflix/Hulu),37,1,141,61,34.9,7.74,19.5,20.0,2,1.2,Mild Deficit
USR-07243,22,Male,Remote Tech,Night Owl,106,Instagram / Reddit,87,1,0,21,60.7,3.2,17.1,18.8,7,10.0,Severe Sleep Debt
USR-07244,33,Male,Corporate 9-to-5,Intermediate,37,TikTok / Reels,53,1,0,93,35.5,6.37,28.0,16.8,2,1.1,Moderate Debt
USR-07245,26,Female,Remote Tech,Morning Lark,140,TikTok / Reels,10,1,205,29,93.8,5.38,19.8,13.1,6,9.5,Severe Sleep Debt
USR-07246,19,Male,Remote Tech,Intermediate,63,Instagram / Reddit,64,0,119,7,56.6,5.71,17.6,16.8,3,5.7,Moderate Debt
USR-07247,38,Male,Remote Tech,Morning Lark,139,Instagram / Reddit,11,1,29,13,69.2,5.1,25.3,18.9,5,5.6,Moderate Debt
USR-07248,49,Female,Student,Night Owl,172,YouTube,45,0,65,37,85.9,3.2,17.2,19.5,7,10.0,Severe Sleep Debt
USR-07249,23,Female,Remote Tech,Intermediate,41,Messaging / Chat,69,1,33,40,34.5,6.66,27.1,17.1,1,2.2,Moderate Debt
USR-07250,45,Female,Student,Intermediate,5,Instagram / Reddit,65,1,0,33,21.0,7.27,23.5,21.6,1,1.0,Mild Deficit
USR-07251,48,Female,Remote Tech,Intermediate,4,YouTube,41,0,140,21,28.6,7.83,19.4,16.0,1,1.0,Optimal Recovery
USR-07252,54,Male,Freelance / Creative,Night Owl,23,Instagram / Reddit,68,0,78,74,32.6,4.91,23.2,18.5,4,6.1,Moderate Debt
USR-07253,26,Female,Remote Tech,Night Owl,20,YouTube,73,0,0,27,20.2,5.11,20.5,22.1,3,4.3,Moderate Debt
USR-07254,53,Female,Freelance / Creative,Night Owl,41,News / Reading,43,1,32,27,25.4,5.9,24.6,19.9,2,2.3,Moderate Debt
USR-07255,27,Male,Healthcare / Shift Worker,Night Owl,105,Instagram / Reddit,48,1,209,0,68.8,3.2,17.3,16.7,6,10.0,Severe Sleep Debt
USR-07256,34,Male,Student,Morning Lark,46,Instagram / Reddit,59,0,0,7,44.7,8.95,23.2,18.3,2,1.0,Optimal Recovery
USR-07257,19,Male,Student,Night Owl,71,YouTube,32,0,0,67,39.8,4.57,21.5,19.6,5,5.7,Moderate Debt
USR-07258,19,Female,Corporate 9-to-5,Intermediate,89,Messaging / Chat,39,0,25,20,62.6,5.75,21.6,22.0,4,5.3,Moderate Debt
USR-07259,41,Female,Freelance / Creative,Night Owl,83,Streaming (Netflix/Hulu),75,1,0,61,43.6,5.67,21.4,19.5,3,4.7,Moderate Debt
USR-07260,30,Female,Corporate 9-to-5,Intermediate,22,YouTube,100,1,0,20,21.4,8.01,22.2,21.8,0,1.0,Optimal Recovery
USR-07261,26,Female,Remote Tech,Morning Lark,27,YouTube,67,0,0,18,24.9,7.57,18.8,18.1,2,1.0,Mild Deficit
USR-07262,24,Female,Corporate 9-to-5,Intermediate,31,TikTok / Reels,60,0,0,40,29.6,6.03,21.0,16.6,3,1.6,Moderate Debt
USR-07263,39,Male,Remote Tech,Morning Lark,29,News / Reading,92,0,0,43,17.5,8.8,25.5,22.0,0,1.0,Optimal Recovery
USR-07264,18,Female,Student,Intermediate,60,Instagram / Reddit,36,0,0,7,35.9,6.79,22.7,16.9,3,2.2,Mild Deficit
USR-07265,45,Female,Freelance / Creative,Intermediate,31,YouTube,57,0,0,24,24.9,8.27,20.7,19.8,0,1.0,Optimal Recovery
USR-07266,20,Female,Remote Tech,Morning Lark,46,TikTok / Reels,72,0,0,33,39.7,7.77,20.3,17.3,1,1.0,Optimal Recovery
USR-07267,24,Male,Freelance / Creative,Night Owl,65,TikTok / Reels,38,0,0,38,52.2,4.13,19.8,17.0,6,7.2,Moderate Debt
USR-07268,29,Male,Remote Tech,Night Owl,7,YouTube,22,1,0,44,19.4,7.07,22.5,21.1,1,1.0,Mild Deficit
USR-07269,32,Male,Corporate 9-to-5,Night Owl,35,Instagram / Reddit,71,0,0,35,23.3,6.29,20.2,20.7,4,3.1,Moderate Debt
USR-07270,28,Female,Corporate 9-to-5,Night Owl,30,YouTube,74,1,0,58,18.4,6.1,27.6,19.1,3,2.3,Moderate Debt
USR-07271,27,Female,Student,Intermediate,54,Streaming (Netflix/Hulu),72,0,0,86,28.2,6.98,24.1,21.7,1,1.9,Mild Deficit
USR-07272,59,Female,Corporate 9-to-5,Intermediate,61,News / Reading,72,1,0,12,23.3,6.66,19.7,23.6,3,1.9,Moderate Debt
USR-07273,37,Female,Remote Tech,Morning Lark,109,YouTube,57,1,120,30,68.1,7.12,20.3,20.1,3,4.4,Mild Deficit
USR-07274,18,Male,Corporate 9-to-5,Night Owl,97,TikTok / Reels,58,1,0,17,58.5,4.24,20.9,17.1,5,8.3,Moderate Debt
USR-07275,30,Non-Binary,Remote Tech,Night Owl,37,Streaming (Netflix/Hulu),60,1,0,15,18.8,6.84,22.1,16.8,1,1.0,Mild Deficit
USR-07276,50,Male,Student,Night Owl,43,Instagram / Reddit,77,1,61,28,36.8,6.04,21.6,19.6,3,3.6,Moderate Debt
USR-07277,27,Male,Remote Tech,Night Owl,46,TikTok / Reels,61,1,199,13,43.1,5.36,16.1,14.2,4,7.0,Moderate Debt
USR-07278,21,Male,Corporate 9-to-5,Intermediate,87,TikTok / Reels,57,1,113,50,65.9,6.29,22.5,16.5,3,4.7,Moderate Debt
USR-07279,42,Female,Corporate 9-to-5,Intermediate,117,YouTube,62,0,0,83,78.6,5.64,22.6,20.2,6,8.2,Moderate Debt
USR-07280,36,Non-Binary,Remote Tech,Night Owl,75,TikTok / Reels,64,0,0,34,60.6,4.29,19.8,17.7,5,8.3,Moderate Debt
USR-07281,35,Female,Corporate 9-to-5,Intermediate,62,News / Reading,34,1,0,23,28.4,6.86,24.2,25.4,2,1.0,Mild Deficit
USR-07282,19,Male,Remote Tech,Intermediate,17,YouTube,83,1,0,0,31.4,7.33,22.5,20.6,1,1.2,Mild Deficit
USR-07283,22,Female,Student,Intermediate,51,TikTok / Reels,42,1,0,23,31.1,7.68,22.7,19.5,1,1.0,Mild Deficit
USR-07284,37,Female,Corporate 9-to-5,Intermediate,94,TikTok / Reels,56,0,0,46,58.0,6.01,17.2,18.8,3,5.2,Moderate Debt
USR-07285,24,Male,Remote Tech,Night Owl,52,TikTok / Reels,36,1,0,39,36.1,5.27,25.0,20.7,3,4.9,Moderate Debt
USR-07286,32,Female,Remote Tech,Intermediate,51,Instagram / Reddit,51,1,0,15,27.6,6.71,20.2,17.3,1,1.0,Moderate Debt
USR-07287,34,Female,Corporate 9-to-5,Intermediate,17,Streaming (Netflix/Hulu),66,0,0,47,22.8,8.15,24.0,19.1,0,1.0,Optimal Recovery
USR-07288,26,Female,Remote Tech,Intermediate,121,TikTok / Reels,61,1,0,14,85.6,4.67,20.6,18.8,6,9.0,Severe Sleep Debt
USR-07289,57,Female,Corporate 9-to-5,Intermediate,19,News / Reading,44,0,31,44,15.4,7.81,22.9,23.0,2,1.0,Optimal Recovery
USR-07290,47,Male,Remote Tech,Night Owl,124,Streaming (Netflix/Hulu),41,1,74,47,62.6,4.23,20.4,19.2,4,7.5,Moderate Debt
USR-07291,41,Male,Healthcare / Shift Worker,Morning Lark,61,Messaging / Chat,60,0,0,36,40.7,6.97,23.0,18.3,4,2.7,Mild Deficit
USR-07292,20,Female,Corporate 9-to-5,Morning Lark,145,TikTok / Reels,77,0,0,66,104.4,5.08,19.2,21.8,6,10.0,Severe Sleep Debt
USR-07293,21,Female,Student,Morning Lark,88,YouTube,84,1,126,15,65.9,6.64,16.3,15.8,4,5.3,Moderate Debt
USR-07294,32,Male,Remote Tech,Night Owl,95,Instagram / Reddit,95,1,87,85,71.6,4.62,23.0,18.0,5,8.3,Moderate Debt
USR-07295,23,Female,Corporate 9-to-5,Intermediate,48,YouTube,41,1,0,3,48.2,6.23,22.2,19.4,3,3.2,Moderate Debt
USR-07296,61,Female,Student,Night Owl,53,YouTube,40,0,0,6,36.3,5.12,21.0,20.0,5,4.6,Moderate Debt
USR-07297,23,Female,Remote Tech,Intermediate,48,News / Reading,53,0,0,0,24.4,7.65,16.0,18.9,1,1.4,Mild Deficit
USR-07298,32,Male,Remote Tech,Intermediate,30,Messaging / Chat,52,1,0,25,18.4,7.3,21.5,21.1,2,1.0,Mild Deficit
USR-07299,28,Female,Student,Night Owl,62,TikTok / Reels,26,1,20,0,53.9,3.48,19.7,19.6,7,9.0,Severe Sleep Debt
USR-07300,37,Female,Healthcare / Shift Worker,Morning Lark,26,Messaging / Chat,72,0,0,37,28.5,8.43,22.4,21.3,1,1.0,Optimal Recovery
USR-07301,22,Female,Freelance / Creative,Intermediate,36,YouTube,39,0,0,37,21.1,6.78,19.5,19.5,3,2.0,Mild Deficit
USR-07302,30,Female,Student,Intermediate,35,TikTok / Reels,42,1,0,18,36.6,8.4,21.2,21.6,0,1.0,Optimal Recovery
USR-07303,26,Male,Healthcare / Shift Worker,Intermediate,38,TikTok / Reels,64,0,0,28,35.1,4.93,21.7,19.1,3,4.8,Moderate Debt
USR-07304,51,Female,Corporate 9-to-5,Intermediate,32,TikTok / Reels,31,0,169,32,41.8,7.09,20.2,17.7,2,2.6,Mild Deficit
USR-07305,19,Female,Remote Tech,Morning Lark,15,TikTok / Reels,50,0,0,35,20.9,7.89,21.4,19.2,1,1.0,Optimal Recovery
USR-07306,54,Female,Corporate 9-to-5,Morning Lark,25,TikTok / Reels,70,1,43,25,30.8,8.8,25.0,19.0,0,1.0,Optimal Recovery
USR-07307,47,Female,Corporate 9-to-5,Intermediate,71,Instagram / Reddit,56,1,76,26,44.7,7.04,21.9,18.9,1,1.8,Mild Deficit
USR-07308,27,Male,Remote Tech,Night Owl,42,YouTube,70,0,0,40,33.9,6.38,25.3,18.5,2,2.9,Moderate Debt
USR-07309,44,Male,Student,Morning Lark,45,TikTok / Reels,75,1,0,10,33.2,6.77,23.3,21.3,2,1.0,Mild Deficit
USR-07310,19,Female,Remote Tech,Intermediate,117,YouTube,53,1,0,25,61.1,5.5,21.2,20.4,5,6.5,Moderate Debt
USR-07311,60,Female,Student,Morning Lark,155,YouTube,10,0,0,58,74.8,5.51,23.7,21.1,3,4.9,Moderate Debt
USR-07312,33,Female,Remote Tech,Intermediate,130,Instagram / Reddit,80,0,26,16,78.7,4.44,19.1,18.6,5,9.5,Severe Sleep Debt
USR-07313,27,Male,Remote Tech,Intermediate,124,TikTok / Reels,54,1,47,13,95.6,3.6,18.5,15.8,7,10.0,Severe Sleep Debt
USR-07314,28,Male,Corporate 9-to-5,Night Owl,86,Instagram / Reddit,71,1,102,10,56.7,3.56,18.3,11.5,6,10.0,Severe Sleep Debt
USR-07315,20,Female,Remote Tech,Night Owl,105,TikTok / Reels,82,1,0,17,74.0,4.83,18.7,18.7,6,8.6,Severe Sleep Debt
USR-07316,63,Male,Corporate 9-to-5,Intermediate,110,YouTube,18,0,0,52,46.3,4.82,26.1,22.1,4,5.1,Moderate Debt
USR-07317,19,Male,Student,Morning Lark,113,Streaming (Netflix/Hulu),55,1,0,53,48.8,5.89,18.4,22.4,4,4.2,Moderate Debt
USR-07318,38,Male,Corporate 9-to-5,Morning Lark,24,Instagram / Reddit,86,0,62,52,30.2,8.33,24.9,20.1,0,1.0,Optimal Recovery
USR-07319,30,Female,Corporate 9-to-5,Night Owl,48,Instagram / Reddit,51,0,0,45,31.3,5.8,25.9,14.8,3,4.3,Moderate Debt
USR-07320,57,Female,Student,Intermediate,60,TikTok / Reels,75,1,41,43,44.1,6.02,22.3,18.5,3,4.6,Moderate Debt
USR-07321,25,Female,Remote Tech,Morning Lark,19,Instagram / Reddit,33,1,0,55,15.2,7.83,28.0,16.4,0,1.0,Optimal Recovery
USR-07322,33,Male,Remote Tech,Morning Lark,15,News / Reading,65,1,0,25,12.4,8.55,18.7,23.4,0,1.0,Optimal Recovery
USR-07323,32,Male,Corporate 9-to-5,Intermediate,65,YouTube,30,0,110,53,37.3,6.01,23.0,17.4,3,3.6,Moderate Debt
USR-07324,40,Male,Remote Tech,Morning Lark,28,YouTube,73,1,80,63,22.5,9.21,20.4,22.3,0,1.0,Optimal Recovery
USR-07325,20,Female,Healthcare / Shift Worker,Night Owl,72,YouTube,46,0,0,0,39.6,3.2,22.7,20.6,6,8.4,Moderate Debt
USR-07326,24,Female,Healthcare / Shift Worker,Intermediate,74,TikTok / Reels,84,1,0,28,52.5,5.07,17.1,21.2,4,6.2,Moderate Debt
USR-07327,24,Female,Student,Intermediate,49,Messaging / Chat,84,0,0,27,24.0,6.72,24.5,20.6,1,1.2,Moderate Debt
USR-07328,42,Male,Corporate 9-to-5,Intermediate,50,Instagram / Reddit,43,0,56,34,38.6,6.37,20.0,19.1,2,2.4,Moderate Debt
USR-07329,24,Female,Student,Intermediate,36,TikTok / Reels,89,1,0,45,31.8,8.03,20.6,20.7,1,1.0,Optimal Recovery
USR-07330,35,Female,Corporate 9-to-5,Intermediate,21,YouTube,43,0,85,81,19.6,6.88,20.5,18.3,2,1.6,Mild Deficit
USR-07331,24,Male,Corporate 9-to-5,Night Owl,67,TikTok / Reels,69,0,0,5,43.4,4.45,20.0,19.1,4,6.8,Moderate Debt
USR-07332,49,Female,Corporate 9-to-5,Intermediate,49,YouTube,54,0,0,8,29.3,6.99,24.2,21.5,2,1.9,Mild Deficit
USR-07333,57,Female,Student,Intermediate,25,Streaming (Netflix/Hulu),47,1,27,54,20.0,7.41,24.7,23.4,2,1.0,Mild Deficit
USR-07334,33,Female,Student,Night Owl,45,YouTube,71,1,0,44,27.3,5.08,17.0,17.9,4,4.4,Moderate Debt
USR-07335,28,Male,Student,Morning Lark,98,TikTok / Reels,45,1,107,25,79.0,6.17,21.2,14.1,4,5.9,Moderate Debt
USR-07336,25,Male,Student,Intermediate,14,TikTok / Reels,44,1,54,27,18.3,7.37,18.4,18.6,2,2.1,Mild Deficit
USR-07337,19,Male,Corporate 9-to-5,Intermediate,55,Instagram / Reddit,55,0,0,33,38.7,7.81,23.5,19.1,3,1.1,Optimal Recovery
USR-07338,26,Female,Remote Tech,Night Owl,23,TikTok / Reels,73,0,70,45,25.1,5.54,23.3,18.8,4,3.9,Moderate Debt
USR-07339,38,Male,Student,Morning Lark,45,TikTok / Reels,60,0,36,50,38.1,7.22,24.6,18.4,3,1.1,Mild Deficit
USR-07340,33,Male,Student,Intermediate,10,YouTube,48,1,0,55,8.0,6.86,24.4,18.5,1,1.0,Mild Deficit
USR-07341,57,Male,Healthcare / Shift Worker,Morning Lark,16,YouTube,45,0,0,64,17.1,6.83,22.7,22.0,2,1.8,Mild Deficit
USR-07342,29,Male,Corporate 9-to-5,Morning Lark,15,Messaging / Chat,51,1,0,56,19.1,8.49,26.1,21.5,0,1.0,Optimal Recovery
USR-07343,40,Female,Student,Night Owl,144,Instagram / Reddit,66,0,0,30,81.4,4.2,24.2,17.1,5,8.8,Severe Sleep Debt
USR-07344,32,Female,Remote Tech,Intermediate,65,YouTube,34,0,0,5,33.5,5.95,17.8,19.5,2,4.5,Moderate Debt
USR-07345,33,Female,Student,Night Owl,28,News / Reading,42,1,109,18,27.2,7.31,16.9,21.3,3,2.8,Mild Deficit
USR-07346,26,Male,Remote Tech,Intermediate,29,TikTok / Reels,71,1,0,0,36.6,7.06,20.3,19.6,3,1.3,Mild Deficit
USR-07347,31,Male,Freelance / Creative,Intermediate,83,Streaming (Netflix/Hulu),38,1,60,83,42.0,5.59,23.8,18.2,5,5.0,Moderate Debt
USR-07348,31,Male,Corporate 9-to-5,Night Owl,73,Streaming (Netflix/Hulu),43,1,232,63,55.7,5.43,15.7,19.3,4,6.8,Moderate Debt
USR-07349,40,Female,Student,Intermediate,51,Instagram / Reddit,54,1,94,24,33.9,6.43,22.1,21.2,2,2.5,Moderate Debt
USR-07350,56,Female,Remote Tech,Morning Lark,123,Instagram / Reddit,39,0,171,49,71.4,6.15,20.3,18.1,2,6.1,Moderate Debt
USR-07351,27,Female,Corporate 9-to-5,Morning Lark,29,Streaming (Netflix/Hulu),46,0,106,32,21.1,8.58,19.3,20.4,1,1.0,Optimal Recovery
USR-07352,19,Male,Corporate 9-to-5,Morning Lark,15,YouTube,58,1,92,52,27.9,8.86,24.5,14.9,0,1.0,Optimal Recovery
USR-07353,32,Female,Healthcare / Shift Worker,Intermediate,118,YouTube,69,1,48,48,64.1,3.2,26.2,15.3,6,9.8,Severe Sleep Debt
USR-07354,34,Male,Corporate 9-to-5,Night Owl,37,YouTube,40,0,88,32,34.8,5.1,19.5,16.8,3,4.7,Moderate Debt
USR-07355,23,Female,Corporate 9-to-5,Night Owl,16,TikTok / Reels,39,0,47,38,22.7,6.17,17.0,17.8,3,2.5,Moderate Debt
USR-07356,43,Female,Freelance / Creative,Night Owl,52,Instagram / Reddit,78,1,0,23,39.3,4.62,20.8,14.6,4,4.9,Moderate Debt
USR-07357,63,Male,Student,Night Owl,59,TikTok / Reels,42,1,0,47,42.8,4.39,26.5,21.0,5,6.8,Moderate Debt
USR-07358,57,Female,Corporate 9-to-5,Intermediate,51,TikTok / Reels,40,1,0,0,41.0,6.82,19.1,22.7,2,1.8,Mild Deficit
USR-07359,24,Female,Remote Tech,Morning Lark,114,YouTube,15,0,0,45,58.5,6.38,19.7,18.9,3,3.9,Moderate Debt
USR-07360,50,Female,Remote Tech,Intermediate,150,Instagram / Reddit,77,1,0,2,81.3,4.37,21.7,20.8,4,8.5,Moderate Debt
USR-07361,40,Female,Healthcare / Shift Worker,Night Owl,37,TikTok / Reels,82,0,94,35,34.5,3.63,17.2,19.2,4,8.2,Moderate Debt
USR-07362,31,Non-Binary,Student,Intermediate,90,TikTok / Reels,55,1,0,37,53.3,5.75,21.2,20.2,5,5.3,Moderate Debt
USR-07363,34,Male,Healthcare / Shift Worker,Intermediate,41,TikTok / Reels,59,0,0,41,32.2,4.24,28.0,20.0,5,5.7,Moderate Debt
USR-07364,48,Female,Corporate 9-to-5,Morning Lark,117,YouTube,55,0,0,17,69.5,6.12,19.4,22.6,4,5.5,Moderate Debt
USR-07365,32,Male,Student,Intermediate,19,Instagram / Reddit,33,0,0,18,16.1,7.46,23.6,22.2,1,1.0,Mild Deficit
USR-07366,29,Female,Corporate 9-to-5,Intermediate,57,TikTok / Reels,67,1,20,45,39.3,6.58,22.4,18.0,3,2.5,Moderate Debt
USR-07367,32,Male,Corporate 9-to-5,Intermediate,77,Streaming (Netflix/Hulu),82,1,0,23,38.6,6.23,19.6,21.3,2,3.5,Moderate Debt
USR-07368,35,Male,Student,Night Owl,79,YouTube,55,1,0,56,51.0,3.71,22.4,23.7,6,8.1,Moderate Debt
USR-07369,24,Male,Corporate 9-to-5,Morning Lark,39,TikTok / Reels,69,1,0,34,37.0,7.21,21.5,17.6,2,2.2,Mild Deficit
USR-07370,52,Female,Remote Tech,Night Owl,48,News / Reading,37,0,0,35,28.1,4.29,23.0,22.4,5,6.7,Moderate Debt
USR-07371,39,Female,Healthcare / Shift Worker,Morning Lark,74,Instagram / Reddit,36,0,25,33,50.9,5.09,24.3,16.3,4,6.1,Moderate Debt
USR-07372,37,Female,Remote Tech,Night Owl,58,TikTok / Reels,64,0,0,43,45.0,6.55,21.7,16.7,5,5.1,Moderate Debt
USR-07373,21,Male,Corporate 9-to-5,Intermediate,56,Streaming (Netflix/Hulu),86,0,53,35,33.4,6.55,22.1,17.5,2,2.8,Moderate Debt
USR-07374,36,Male,Student,Night Owl,38,YouTube,43,0,177,42,33.1,6.16,21.8,15.7,3,4.2,Moderate Debt
USR-07375,22,Female,Freelance / Creative,Morning Lark,26,Messaging / Chat,51,0,210,73,39.1,7.18,22.2,14.4,2,2.4,Mild Deficit
USR-07376,20,Male,Student,Intermediate,102,TikTok / Reels,66,1,0,72,61.4,6.11,21.8,19.8,3,3.9,Moderate Debt
USR-07377,33,Female,Remote Tech,Night Owl,24,Messaging / Chat,46,1,0,50,21.8,6.24,26.4,21.5,2,2.7,Moderate Debt
USR-07378,29,Female,Corporate 9-to-5,Morning Lark,114,TikTok / Reels,65,0,0,0,67.4,6.61,14.1,16.9,3,4.7,Moderate Debt
USR-07379,35,Female,Corporate 9-to-5,Morning Lark,128,News / Reading,36,0,63,18,44.4,6.21,18.4,21.7,3,4.8,Moderate Debt
USR-07380,21,Female,Student,Intermediate,87,YouTube,64,1,0,38,48.4,5.1,20.8,16.6,5,5.8,Moderate Debt
USR-07381,30,Female,Corporate 9-to-5,Morning Lark,40,YouTube,50,0,62,22,34.9,8.05,24.6,16.3,0,1.0,Optimal Recovery
USR-07382,23,Female,Healthcare / Shift Worker,Morning Lark,14,Streaming (Netflix/Hulu),23,1,20,43,21.1,7.17,27.6,19.5,2,1.0,Mild Deficit
USR-07383,63,Female,Remote Tech,Intermediate,78,YouTube,34,0,0,35,41.7,6.09,23.7,18.0,2,2.5,Moderate Debt
USR-07384,34,Female,Remote Tech,Morning Lark,20,Streaming (Netflix/Hulu),62,0,20,33,27.7,7.05,20.9,20.8,1,1.0,Mild Deficit
USR-07385,39,Male,Student,Intermediate,32,Streaming (Netflix/Hulu),82,1,0,31,29.6,7.42,22.3,23.3,1,1.0,Mild Deficit
USR-07386,27,Female,Student,Night Owl,37,Instagram / Reddit,29,0,85,7,42.6,5.92,19.5,19.8,4,6.1,Moderate Debt
USR-07387,21,Male,Student,Intermediate,26,TikTok / Reels,75,0,0,30,18.8,7.55,25.0,17.7,0,1.0,Mild Deficit
USR-07388,61,Female,Freelance / Creative,Morning Lark,30,News / Reading,63,0,65,60,26.7,7.66,23.8,19.2,3,1.0,Mild Deficit
USR-07389,26,Male,Freelance / Creative,Intermediate,58,YouTube,74,1,0,39,24.5,6.3,22.7,20.6,0,1.0,Moderate Debt
USR-07390,30,Male,Freelance / Creative,Intermediate,180,TikTok / Reels,52,0,0,55,112.3,3.2,18.3,18.6,7,10.0,Severe Sleep Debt
USR-07391,38,Female,Healthcare / Shift Worker,Intermediate,73,TikTok / Reels,68,1,0,41,40.0,5.3,21.5,17.2,2,4.7,Moderate Debt
USR-07392,18,Female,Student,Intermediate,103,Instagram / Reddit,92,0,20,48,78.3,5.03,16.0,20.5,4,7.3,Moderate Debt
USR-07393,45,Male,Student,Night Owl,35,Messaging / Chat,59,1,0,60,31.6,5.61,26.9,20.2,3,4.1,Moderate Debt
USR-07394,34,Male,Corporate 9-to-5,Night Owl,159,Streaming (Netflix/Hulu),35,0,0,20,50.0,4.01,19.2,18.1,5,9.0,Severe Sleep Debt
USR-07395,26,Female,Corporate 9-to-5,Morning Lark,149,TikTok / Reels,84,0,0,59,91.7,4.54,17.2,22.0,4,9.7,Severe Sleep Debt
USR-07396,20,Female,Corporate 9-to-5,Intermediate,40,TikTok / Reels,66,1,0,0,35.4,6.97,23.1,19.1,1,1.5,Mild Deficit
USR-07397,23,Male,Corporate 9-to-5,Intermediate,155,YouTube,60,0,0,28,69.6,4.16,19.4,14.4,4,8.5,Moderate Debt
USR-07398,52,Male,Remote Tech,Night Owl,30,YouTube,91,1,112,84,37.9,5.73,21.4,19.3,3,5.1,Moderate Debt
USR-07399,39,Female,Corporate 9-to-5,Night Owl,46,YouTube,83,1,0,34,23.9,6.67,19.3,20.0,1,1.3,Moderate Debt
USR-07400,25,Female,Freelance / Creative,Intermediate,49,Instagram / Reddit,65,1,49,60,34.5,6.89,23.5,18.0,2,3.1,Mild Deficit
USR-07401,20,Female,Healthcare / Shift Worker,Intermediate,39,TikTok / Reels,37,0,79,42,31.4,6.07,19.1,13.8,2,2.2,Moderate Debt
USR-07402,39,Female,Corporate 9-to-5,Intermediate,12,YouTube,48,1,50,45,28.7,7.77,22.6,21.9,1,1.0,Optimal Recovery
USR-07403,35,Female,Corporate 9-to-5,Intermediate,13,YouTube,59,0,0,10,25.1,7.11,26.2,19.5,2,1.0,Mild Deficit
USR-07404,29,Female,Healthcare / Shift Worker,Morning Lark,43,YouTube,54,1,0,33,28.1,7.69,20.4,14.8,2,1.0,Mild Deficit
USR-07405,28,Female,Healthcare / Shift Worker,Intermediate,108,Instagram / Reddit,46,0,29,17,58.2,3.2,17.0,16.7,6,10.0,Severe Sleep Debt
USR-07406,24,Female,Freelance / Creative,Intermediate,50,Instagram / Reddit,51,0,159,58,51.5,6.8,21.2,16.4,2,3.2,Mild Deficit
USR-07407,39,Male,Freelance / Creative,Intermediate,32,Streaming (Netflix/Hulu),76,1,0,63,21.4,7.08,25.5,20.6,1,1.0,Mild Deficit
USR-07408,60,Female,Freelance / Creative,Intermediate,90,TikTok / Reels,59,0,158,26,76.2,4.99,19.5,14.0,6,9.9,Severe Sleep Debt
USR-07409,23,Female,Remote Tech,Night Owl,77,Streaming (Netflix/Hulu),46,1,169,29,54.8,5.1,23.1,18.3,4,6.3,Moderate Debt
USR-07410,36,Female,Corporate 9-to-5,Intermediate,64,Streaming (Netflix/Hulu),68,0,57,62,42.1,7.71,23.0,16.7,1,1.0,Mild Deficit
USR-07411,30,Male,Student,Intermediate,31,News / Reading,66,1,94,0,22.3,6.78,18.4,19.2,1,2.2,Mild Deficit
USR-07412,31,Male,Corporate 9-to-5,Night Owl,55,News / Reading,54,1,20,60,33.6,5.48,26.3,21.2,3,4.3,Moderate Debt
USR-07413,25,Male,Healthcare / Shift Worker,Intermediate,4,YouTube,33,0,73,35,23.4,8.2,22.8,16.5,0,1.0,Optimal Recovery
USR-07414,46,Female,Remote Tech,Morning Lark,111,News / Reading,53,0,52,38,49.6,6.21,21.2,22.4,3,5.5,Moderate Debt
USR-07415,32,Male,Healthcare / Shift Worker,Morning Lark,78,YouTube,55,0,0,36,33.3,6.66,18.7,22.6,1,2.8,Moderate Debt
USR-07416,34,Female,Corporate 9-to-5,Morning Lark,36,YouTube,73,1,0,74,26.4,7.82,25.3,20.2,2,1.0,Optimal Recovery
USR-07417,27,Female,Remote Tech,Morning Lark,57,TikTok / Reels,41,1,46,34,44.8,8.16,27.0,18.3,2,1.0,Optimal Recovery
USR-07418,23,Male,Remote Tech,Night Owl,44,YouTube,49,0,56,7,46.8,5.22,20.0,20.7,3,4.7,Moderate Debt
USR-07419,20,Male,Freelance / Creative,Intermediate,57,Instagram / Reddit,86,0,0,34,33.3,7.42,20.2,20.5,2,2.3,Mild Deficit
USR-07420,40,Male,Corporate 9-to-5,Morning Lark,180,News / Reading,50,1,57,31,87.2,6.02,25.4,20.0,4,5.1,Moderate Debt
USR-07421,24,Male,Freelance / Creative,Night Owl,113,YouTube,54,1,0,29,41.6,4.29,23.5,21.9,5,6.6,Moderate Debt
USR-07422,39,Male,Healthcare / Shift Worker,Intermediate,94,Streaming (Netflix/Hulu),92,0,0,61,45.5,4.77,23.1,24.2,5,6.1,Moderate Debt
USR-07423,29,Female,Student,Intermediate,94,Streaming (Netflix/Hulu),37,0,0,41,54.5,6.05,21.3,20.0,4,4.5,Moderate Debt
USR-07424,30,Female,Healthcare / Shift Worker,Morning Lark,118,Instagram / Reddit,81,1,20,50,66.2,4.55,22.9,18.2,4,7.1,Moderate Debt
USR-07425,31,Female,Student,Morning Lark,121,TikTok / Reels,47,0,0,0,65.8,5.58,19.5,21.5,3,6.6,Moderate Debt
USR-07426,28,Male,Corporate 9-to-5,Intermediate,84,Streaming (Netflix/Hulu),59,1,0,32,44.3,5.89,26.4,19.0,4,4.6,Moderate Debt
USR-07427,21,Female,Corporate 9-to-5,Night Owl,53,YouTube,61,0,0,29,34.1,4.9,25.2,17.6,4,4.7,Moderate Debt
USR-07428,27,Male,Healthcare / Shift Worker,Morning Lark,23,Instagram / Reddit,50,1,41,66,21.1,6.64,25.2,18.4,0,1.0,Moderate Debt
USR-07429,38,Female,Student,Intermediate,69,Streaming (Netflix/Hulu),36,0,209,64,45.1,5.99,20.7,18.4,4,5.3,Moderate Debt
USR-07430,38,Female,Corporate 9-to-5,Night Owl,48,TikTok / Reels,42,0,0,58,38.2,5.68,22.4,22.4,4,3.7,Moderate Debt
USR-07431,26,Female,Student,Intermediate,25,TikTok / Reels,51,1,91,30,37.2,7.97,21.1,17.2,2,1.0,Optimal Recovery
USR-07432,31,Female,Remote Tech,Intermediate,58,YouTube,39,0,0,15,51.7,5.94,23.4,20.5,3,2.9,Moderate Debt
USR-07433,24,Male,Corporate 9-to-5,Night Owl,17,TikTok / Reels,55,1,51,25,19.2,4.89,24.1,18.2,2,3.3,Moderate Debt
USR-07434,24,Female,Remote Tech,Night Owl,41,Streaming (Netflix/Hulu),40,1,0,33,32.0,5.21,22.8,20.3,2,3.6,Moderate Debt
USR-07435,18,Female,Corporate 9-to-5,Intermediate,96,YouTube,37,0,96,40,53.2,5.07,22.2,18.2,4,6.5,Moderate Debt
USR-07436,52,Female,Corporate 9-to-5,Night Owl,53,TikTok / Reels,23,0,58,39,54.0,4.75,25.2,19.0,4,4.4,Moderate Debt
USR-07437,24,Female,Remote Tech,Intermediate,79,YouTube,89,0,0,37,44.5,6.66,24.9,21.9,2,3.5,Moderate Debt
USR-07438,25,Female,Remote Tech,Night Owl,77,YouTube,53,0,77,35,39.9,5.06,24.8,23.1,5,5.9,Moderate Debt
USR-07439,26,Female,Corporate 9-to-5,Night Owl,50,TikTok / Reels,42,0,0,57,46.5,5.45,19.4,20.9,4,5.4,Moderate Debt
USR-07440,22,Male,Remote Tech,Intermediate,86,TikTok / Reels,35,1,50,40,59.5,6.67,18.9,18.4,4,4.1,Moderate Debt
USR-07441,37,Female,Corporate 9-to-5,Intermediate,55,YouTube,44,1,0,25,26.2,6.6,21.9,19.7,2,2.2,Moderate Debt
USR-07442,20,Female,Corporate 9-to-5,Intermediate,21,YouTube,18,0,66,43,39.6,6.68,19.5,15.2,4,4.0,Moderate Debt
USR-07443,22,Male,Corporate 9-to-5,Night Owl,49,Messaging / Chat,43,1,55,52,30.1,5.89,23.0,14.0,3,3.8,Moderate Debt
USR-07444,38,Female,Corporate 9-to-5,Night Owl,158,News / Reading,69,0,0,79,61.0,5.31,23.7,19.7,4,7.8,Moderate Debt
USR-07445,28,Female,Corporate 9-to-5,Morning Lark,29,YouTube,42,0,0,25,27.3,8.79,24.4,24.5,1,1.0,Optimal Recovery
USR-07446,40,Male,Healthcare / Shift Worker,Night Owl,152,Instagram / Reddit,67,0,0,18,82.0,3.2,16.7,20.0,7,10.0,Severe Sleep Debt
USR-07447,34,Female,Remote Tech,Night Owl,6,Streaming (Netflix/Hulu),73,1,0,42,11.1,6.86,22.3,18.5,2,1.0,Mild Deficit
USR-07448,26,Male,Corporate 9-to-5,Night Owl,17,TikTok / Reels,68,1,50,16,26.4,6.16,19.2,18.4,2,3.4,Moderate Debt
USR-07449,38,Female,Corporate 9-to-5,Night Owl,27,YouTube,56,0,58,41,32.8,6.4,19.8,17.2,4,3.6,Moderate Debt
USR-07450,21,Male,Corporate 9-to-5,Morning Lark,19,TikTok / Reels,79,1,0,69,15.8,8.74,23.7,20.9,0,1.0,Optimal Recovery
USR-07451,34,Male,Healthcare / Shift Worker,Intermediate,98,TikTok / Reels,77,1,93,15,80.6,4.36,21.5,23.0,5,8.7,Severe Sleep Debt
USR-07452,30,Female,Remote Tech,Night Owl,15,TikTok / Reels,41,1,0,30,18.0,6.75,24.0,18.3,3,1.6,Mild Deficit
USR-07453,26,Female,Corporate 9-to-5,Night Owl,29,Instagram / Reddit,38,0,250,37,39.1,6.19,17.9,14.2,4,5.2,Moderate Debt
USR-07454,36,Female,Remote Tech,Morning Lark,86,YouTube,46,0,0,49,44.8,6.99,19.7,19.6,3,3.1,Mild Deficit
USR-07455,50,Female,Remote Tech,Intermediate,64,TikTok / Reels,49,1,179,19,52.1,5.72,20.5,16.9,4,6.5,Moderate Debt
USR-07456,65,Male,Corporate 9-to-5,Night Owl,51,Streaming (Netflix/Hulu),78,1,74,70,51.0,6.17,23.4,16.7,3,4.8,Moderate Debt
USR-07457,36,Male,Student,Night Owl,46,Streaming (Netflix/Hulu),71,1,0,50,31.8,5.19,21.1,20.0,3,3.9,Moderate Debt
USR-07458,29,Female,Remote Tech,Intermediate,83,TikTok / Reels,58,1,0,43,60.0,6.29,24.0,17.0,3,4.4,Moderate Debt
USR-07459,25,Male,Corporate 9-to-5,Morning Lark,20,Instagram / Reddit,58,1,167,26,31.8,8.04,19.1,15.6,0,1.0,Optimal Recovery
USR-07460,26,Female,Student,Night Owl,27,Instagram / Reddit,33,1,0,0,26.3,5.14,22.1,22.9,3,4.3,Moderate Debt
USR-07461,32,Male,Student,Night Owl,72,YouTube,77,0,0,20,43.5,4.51,16.8,17.9,4,6.7,Moderate Debt
USR-07462,28,Male,Student,Night Owl,29,News / Reading,59,1,0,38,14.9,7.17,24.6,24.1,2,1.0,Mild Deficit
USR-07463,54,Male,Corporate 9-to-5,Night Owl,56,TikTok / Reels,34,0,0,57,38.8,4.79,25.1,17.9,6,6.2,Moderate Debt
USR-07464,28,Female,Remote Tech,Intermediate,42,YouTube,21,0,20,58,20.3,7.6,26.1,18.6,0,1.0,Mild Deficit
USR-07465,29,Male,Remote Tech,Night Owl,32,TikTok / Reels,30,1,126,47,24.7,6.38,19.1,15.5,1,2.0,Moderate Debt
USR-07466,29,Female,Student,Night Owl,50,TikTok / Reels,56,1,0,23,41.6,5.21,22.7,22.6,5,5.4,Moderate Debt
USR-07467,47,Male,Remote Tech,Intermediate,8,TikTok / Reels,10,1,0,103,17.9,7.12,27.9,19.6,0,1.0,Mild Deficit
USR-07468,38,Female,Corporate 9-to-5,Night Owl,71,Streaming (Netflix/Hulu),32,0,167,26,50.7,5.18,20.6,14.1,3,4.9,Moderate Debt
USR-07469,36,Female,Student,Night Owl,69,Instagram / Reddit,65,1,138,66,46.0,4.82,17.1,18.5,4,6.8,Moderate Debt
USR-07470,28,Male,Student,Night Owl,121,News / Reading,46,0,0,40,39.3,3.61,21.0,20.5,6,7.9,Moderate Debt
USR-07471,46,Male,Remote Tech,Intermediate,26,Streaming (Netflix/Hulu),19,0,250,20,48.0,7.55,18.0,16.0,3,3.4,Mild Deficit
USR-07472,19,Female,Healthcare / Shift Worker,Intermediate,108,Messaging / Chat,42,0,81,37,55.1,3.46,20.6,15.9,5,8.8,Severe Sleep Debt
USR-07473,50,Male,Healthcare / Shift Worker,Intermediate,27,YouTube,53,0,20,25,25.0,6.04,16.6,16.6,4,4.0,Moderate Debt
USR-07474,33,Male,Corporate 9-to-5,Intermediate,88,YouTube,74,0,0,0,54.8,5.46,17.0,20.5,3,6.0,Moderate Debt
USR-07475,29,Male,Freelance / Creative,Intermediate,18,TikTok / Reels,64,1,0,37,28.6,8.28,22.6,17.6,0,1.0,Optimal Recovery
USR-07476,32,Male,Remote Tech,Intermediate,29,Messaging / Chat,63,1,52,22,22.5,8.03,20.3,18.7,1,1.0,Optimal Recovery
USR-07477,38,Female,Student,Morning Lark,31,YouTube,69,1,0,0,21.5,7.84,21.3,20.1,2,1.0,Optimal Recovery
USR-07478,18,Male,Healthcare / Shift Worker,Night Owl,57,Messaging / Chat,22,0,0,0,32.0,3.47,18.1,18.2,3,6.4,Moderate Debt
USR-07479,50,Female,Remote Tech,Intermediate,66,TikTok / Reels,80,1,0,28,40.2,5.67,19.8,23.5,4,4.6,Moderate Debt
USR-07480,31,Female,Remote Tech,Intermediate,14,Messaging / Chat,80,0,0,0,25.7,8.11,18.7,23.7,1,1.0,Optimal Recovery
USR-07481,28,Male,Freelance / Creative,Intermediate,61,YouTube,43,0,20,13,37.4,6.43,22.0,22.0,2,2.7,Moderate Debt
USR-07482,22,Male,Corporate 9-to-5,Morning Lark,56,YouTube,10,0,0,11,28.1,8.74,20.5,22.0,1,1.0,Optimal Recovery
USR-07483,30,Male,Corporate 9-to-5,Night Owl,65,News / Reading,82,1,0,74,36.4,5.75,28.0,22.4,4,3.2,Moderate Debt
USR-07484,32,Male,Remote Tech,Intermediate,66,Messaging / Chat,10,0,156,49,40.4,7.36,15.1,16.4,1,1.0,Mild Deficit
USR-07485,29,Male,Healthcare / Shift Worker,Intermediate,128,Messaging / Chat,63,1,88,29,67.8,3.6,19.1,17.8,7,10.0,Severe Sleep Debt
USR-07486,39,Female,Freelance / Creative,Intermediate,33,Streaming (Netflix/Hulu),46,1,0,28,21.5,6.8,24.1,21.1,2,1.0,Mild Deficit
USR-07487,30,Non-Binary,Corporate 9-to-5,Intermediate,111,News / Reading,43,1,127,29,47.4,5.72,16.7,18.9,4,4.9,Moderate Debt
USR-07488,59,Female,Healthcare / Shift Worker,Intermediate,72,Streaming (Netflix/Hulu),46,0,0,27,35.2,4.85,23.8,17.7,3,5.5,Moderate Debt
USR-07489,36,Male,Corporate 9-to-5,Morning Lark,41,Messaging / Chat,58,0,0,41,30.0,7.0,19.2,20.5,2,1.0,Mild Deficit
USR-07490,45,Male,Freelance / Creative,Intermediate,36,Streaming (Netflix/Hulu),12,0,73,16,25.4,6.68,22.8,16.9,1,1.3,Moderate Debt
USR-07491,21,Male,Remote Tech,Intermediate,82,Instagram / Reddit,51,1,0,6,44.5,5.77,18.9,19.7,3,4.4,Moderate Debt
USR-07492,29,Female,Corporate 9-to-5,Night Owl,27,Instagram / Reddit,26,0,51,57,32.3,4.98,24.6,18.3,2,5.4,Moderate Debt
USR-07493,28,Male,Corporate 9-to-5,Intermediate,74,Instagram / Reddit,45,0,49,15,55.5,6.53,19.3,17.3,2,3.8,Moderate Debt
USR-07494,35,Male,Corporate 9-to-5,Morning Lark,36,Instagram / Reddit,58,0,0,49,37.7,7.88,19.1,18.0,1,1.0,Optimal Recovery
USR-07495,49,Male,Corporate 9-to-5,Morning Lark,84,Streaming (Netflix/Hulu),73,1,0,13,41.3,6.95,23.0,19.9,2,2.2,Mild Deficit
USR-07496,20,Female,Student,Intermediate,32,TikTok / Reels,40,1,170,52,32.9,7.5,24.0,16.9,2,1.0,Mild Deficit
USR-07497,20,Male,Corporate 9-to-5,Intermediate,46,Instagram / Reddit,91,1,182,25,38.1,8.06,19.1,17.4,1,1.3,Optimal Recovery
USR-07498,48,Male,Freelance / Creative,Morning Lark,38,Instagram / Reddit,37,0,0,27,33.8,9.05,24.7,20.2,1,1.0,Optimal Recovery
USR-07499,24,Male,Student,Intermediate,122,Streaming (Netflix/Hulu),38,0,0,49,49.6,5.53,24.7,16.7,3,4.2,Moderate Debt
USR-07500,38,Male,Student,Morning Lark,150,Streaming (Netflix/Hulu),76,1,0,62,69.5,3.99,20.6,23.8,5,8.7,Severe Sleep Debt
USR-07501,34,Female,Corporate 9-to-5,Intermediate,38,Streaming (Netflix/Hulu),50,1,0,44,35.4,6.31,23.1,19.1,3,2.1,Moderate Debt
USR-07502,47,Female,Healthcare / Shift Worker,Intermediate,65,YouTube,59,1,0,38,25.9,4.62,20.8,22.3,3,5.8,Moderate Debt
USR-07503,22,Female,Student,Night Owl,53,Streaming (Netflix/Hulu),45,0,122,18,45.9,5.09,21.0,18.2,4,6.5,Moderate Debt
USR-07504,22,Female,Healthcare / Shift Worker,Morning Lark,36,TikTok / Reels,48,1,184,34,40.3,5.68,19.5,14.3,3,6.1,Moderate Debt
USR-07505,34,Non-Binary,Freelance / Creative,Intermediate,26,Messaging / Chat,62,0,31,39,25.4,6.29,23.3,19.2,2,1.3,Moderate Debt
USR-07506,57,Female,Corporate 9-to-5,Night Owl,23,Streaming (Netflix/Hulu),80,0,0,54,15.4,6.25,21.9,17.8,3,1.7,Moderate Debt
USR-07507,30,Female,Corporate 9-to-5,Intermediate,30,YouTube,58,1,0,49,28.1,6.25,24.5,16.9,2,2.4,Moderate Debt
USR-07508,27,Female,Healthcare / Shift Worker,Intermediate,39,Messaging / Chat,64,1,250,46,41.9,5.65,16.7,13.4,3,7.3,Moderate Debt
USR-07509,36,Male,Healthcare / Shift Worker,Intermediate,44,YouTube,75,0,100,4,30.8,5.33,15.7,17.7,3,5.2,Moderate Debt
USR-07510,55,Female,Remote Tech,Morning Lark,10,TikTok / Reels,46,1,113,67,21.7,8.96,20.5,14.6,0,1.0,Optimal Recovery
USR-07511,47,Female,Remote Tech,Intermediate,95,YouTube,35,0,20,18,42.5,4.86,18.1,23.4,4,5.4,Moderate Debt
USR-07512,65,Female,Student,Night Owl,114,News / Reading,35,0,0,28,42.4,4.06,23.9,18.2,5,7.2,Moderate Debt
USR-07513,18,Female,Corporate 9-to-5,Intermediate,127,Instagram / Reddit,37,0,218,27,75.1,4.29,13.8,18.3,6,10.0,Severe Sleep Debt
USR-07514,21,Non-Binary,Corporate 9-to-5,Intermediate,17,Messaging / Chat,34,0,0,26,14.2,6.96,24.4,19.8,1,1.0,Mild Deficit
USR-07515,36,Female,Remote Tech,Intermediate,46,YouTube,77,1,197,21,39.0,6.78,16.1,18.2,2,3.6,Mild Deficit
USR-07516,46,Male,Corporate 9-to-5,Intermediate,100,TikTok / Reels,17,1,0,47,55.0,5.5,19.1,18.2,4,4.7,Moderate Debt
USR-07517,26,Non-Binary,Remote Tech,Intermediate,8,YouTube,67,1,0,21,22.9,8.88,24.3,21.8,0,1.0,Optimal Recovery
USR-07518,25,Male,Freelance / Creative,Intermediate,21,YouTube,30,0,50,0,18.3,6.97,20.6,17.5,1,1.0,Mild Deficit
USR-07519,44,Non-Binary,Healthcare / Shift Worker,Intermediate,86,Streaming (Netflix/Hulu),91,0,0,62,48.6,5.54,24.1,21.2,3,6.0,Moderate Debt
USR-07520,20,Male,Freelance / Creative,Intermediate,41,YouTube,63,0,112,48,42.4,6.63,24.7,13.9,1,3.5,Moderate Debt
USR-07521,28,Female,Healthcare / Shift Worker,Night Owl,47,YouTube,37,0,0,22,27.7,4.24,23.1,21.6,4,5.3,Moderate Debt
USR-07522,32,Male,Remote Tech,Intermediate,31,TikTok / Reels,44,1,91,13,33.5,7.74,17.4,19.1,1,2.1,Mild Deficit
USR-07523,34,Female,Healthcare / Shift Worker,Intermediate,63,Instagram / Reddit,53,0,0,78,39.4,5.13,24.2,20.9,4,6.0,Moderate Debt
USR-07524,41,Female,Freelance / Creative,Morning Lark,58,TikTok / Reels,68,1,0,30,44.2,7.23,23.3,19.2,2,1.6,Mild Deficit
USR-07525,28,Male,Freelance / Creative,Intermediate,23,Messaging / Chat,62,0,74,62,18.6,7.8,21.9,19.4,0,1.0,Optimal Recovery
USR-07526,36,Female,Student,Intermediate,107,News / Reading,55,0,50,27,48.3,6.35,14.2,20.2,1,3.3,Moderate Debt
USR-07527,35,Male,Corporate 9-to-5,Night Owl,6,Messaging / Chat,41,0,84,52,19.4,5.28,26.0,15.1,3,2.9,Moderate Debt
USR-07528,34,Male,Corporate 9-to-5,Intermediate,69,TikTok / Reels,49,1,0,0,39.0,6.99,21.0,20.8,3,3.4,Mild Deficit
USR-07529,37,Female,Corporate 9-to-5,Intermediate,58,TikTok / Reels,82,0,117,0,56.6,7.03,14.7,19.3,2,4.1,Mild Deficit
USR-07530,26,Male,Freelance / Creative,Night Owl,129,YouTube,98,0,0,62,79.7,3.74,18.7,23.9,4,10.0,Severe Sleep Debt
USR-07531,20,Female,Remote Tech,Morning Lark,38,Instagram / Reddit,77,0,0,52,24.2,8.19,24.9,17.7,1,1.0,Optimal Recovery
USR-07532,22,Female,Healthcare / Shift Worker,Night Owl,33,Messaging / Chat,36,0,187,48,41.9,3.42,21.7,17.6,5,8.1,Moderate Debt
USR-07533,25,Male,Remote Tech,Intermediate,100,Streaming (Netflix/Hulu),84,0,199,30,74.9,5.91,15.9,17.1,4,6.9,Moderate Debt
USR-07534,32,Female,Student,Intermediate,30,TikTok / Reels,48,0,0,85,24.6,7.14,24.7,18.7,1,1.0,Mild Deficit
USR-07535,47,Male,Corporate 9-to-5,Night Owl,21,News / Reading,55,1,0,5,21.6,6.36,18.3,22.9,1,2.3,Moderate Debt
USR-07536,40,Male,Corporate 9-to-5,Night Owl,91,TikTok / Reels,30,0,0,56,53.6,4.21,24.2,22.1,6,8.2,Moderate Debt
USR-07537,44,Female,Remote Tech,Intermediate,88,Messaging / Chat,57,0,0,40,37.8,6.36,21.4,17.6,4,5.0,Moderate Debt
USR-07538,28,Male,Student,Intermediate,76,YouTube,39,1,0,12,42.6,6.96,27.2,21.1,3,1.0,Mild Deficit
USR-07539,29,Male,Corporate 9-to-5,Intermediate,28,Instagram / Reddit,83,0,35,65,28.4,7.09,22.0,19.8,3,1.9,Mild Deficit
USR-07540,29,Female,Student,Morning Lark,105,Instagram / Reddit,100,0,0,48,69.5,6.14,16.9,19.6,3,6.6,Moderate Debt
USR-07541,24,Female,Remote Tech,Night Owl,57,Streaming (Netflix/Hulu),55,0,0,42,28.7,5.2,23.0,19.9,3,3.9,Moderate Debt
USR-07542,20,Male,Healthcare / Shift Worker,Morning Lark,56,Instagram / Reddit,65,0,26,39,41.1,5.59,21.9,17.9,3,4.4,Moderate Debt
USR-07543,35,Female,Corporate 9-to-5,Intermediate,153,Messaging / Chat,49,0,0,25,70.0,5.7,20.8,20.1,4,6.4,Moderate Debt
USR-07544,63,Male,Student,Night Owl,19,TikTok / Reels,57,1,0,36,23.4,5.82,21.1,17.7,3,2.7,Moderate Debt
USR-07545,23,Female,Corporate 9-to-5,Night Owl,85,Streaming (Netflix/Hulu),43,1,0,41,27.9,4.76,19.9,20.4,4,4.9,Moderate Debt
USR-07546,19,Male,Healthcare / Shift Worker,Intermediate,136,News / Reading,61,0,198,78,69.9,3.2,13.9,15.5,5,10.0,Severe Sleep Debt
USR-07547,44,Male,Remote Tech,Night Owl,21,Streaming (Netflix/Hulu),63,0,0,1,23.3,5.17,20.2,23.6,2,2.8,Moderate Debt
USR-07548,25,Female,Student,Intermediate,66,News / Reading,61,1,0,3,24.4,6.46,22.2,19.6,2,1.9,Moderate Debt
USR-07549,46,Male,Freelance / Creative,Night Owl,30,YouTube,70,1,81,30,23.1,6.19,18.1,17.4,1,2.3,Moderate Debt
USR-07550,40,Male,Corporate 9-to-5,Intermediate,74,Messaging / Chat,48,1,0,14,44.8,6.53,24.0,18.9,3,3.4,Moderate Debt
USR-07551,57,Male,Corporate 9-to-5,Night Owl,69,TikTok / Reels,100,1,51,12,57.9,5.54,19.9,14.0,4,6.7,Moderate Debt
USR-07552,29,Male,Student,Morning Lark,83,YouTube,42,0,69,61,54.7,6.88,28.0,19.2,3,3.1,Mild Deficit
USR-07553,38,Male,Student,Intermediate,30,Streaming (Netflix/Hulu),42,0,0,43,30.7,8.02,26.1,23.8,0,1.0,Optimal Recovery
USR-07554,31,Male,Corporate 9-to-5,Intermediate,64,Streaming (Netflix/Hulu),10,0,121,36,30.3,7.12,22.0,19.0,2,1.1,Mild Deficit
USR-07555,37,Male,Remote Tech,Night Owl,86,Streaming (Netflix/Hulu),70,1,0,21,32.2,5.0,20.6,15.9,4,5.7,Moderate Debt
USR-07556,31,Male,Corporate 9-to-5,Night Owl,35,YouTube,10,1,0,47,33.2,5.95,24.2,17.2,3,2.4,Moderate Debt
USR-07557,24,Female,Corporate 9-to-5,Morning Lark,68,News / Reading,48,1,126,36,38.1,6.94,21.4,16.8,1,1.4,Mild Deficit
USR-07558,33,Non-Binary,Remote Tech,Morning Lark,42,TikTok / Reels,40,1,47,26,30.1,7.93,21.4,19.5,2,1.0,Optimal Recovery
USR-07559,33,Female,Healthcare / Shift Worker,Intermediate,102,Streaming (Netflix/Hulu),26,1,50,61,58.6,4.63,22.4,20.2,6,7.7,Moderate Debt
USR-07560,45,Female,Remote Tech,Intermediate,17,Messaging / Chat,56,0,0,70,6.0,7.94,25.5,23.2,0,1.0,Optimal Recovery
USR-07561,41,Female,Remote Tech,Intermediate,64,Messaging / Chat,90,0,175,60,53.9,5.37,18.8,13.2,5,6.6,Moderate Debt
USR-07562,38,Female,Healthcare / Shift Worker,Intermediate,123,Streaming (Netflix/Hulu),70,1,0,49,62.4,3.2,22.8,18.9,5,9.3,Severe Sleep Debt
USR-07563,21,Female,Corporate 9-to-5,Intermediate,43,YouTube,40,1,0,41,21.9,6.16,19.4,21.6,3,3.3,Moderate Debt
USR-07564,41,Female,Student,Intermediate,15,Instagram / Reddit,95,1,0,4,21.1,8.56,24.4,19.3,0,1.0,Optimal Recovery
USR-07565,32,Female,Healthcare / Shift Worker,Night Owl,62,Instagram / Reddit,40,0,121,44,39.3,5.19,22.7,21.5,5,5.4,Moderate Debt
USR-07566,52,Male,Corporate 9-to-5,Intermediate,121,Instagram / Reddit,77,0,46,7,72.6,6.45,13.2,18.8,4,5.7,Moderate Debt
USR-07567,54,Female,Remote Tech,Intermediate,51,Streaming (Netflix/Hulu),20,0,0,50,33.2,7.76,22.1,16.3,2,1.0,Optimal Recovery
USR-07568,19,Female,Freelance / Creative,Intermediate,53,Instagram / Reddit,50,0,0,41,45.7,6.12,21.4,17.9,2,4.2,Moderate Debt
USR-07569,46,Female,Freelance / Creative,Intermediate,15,Instagram / Reddit,31,1,148,15,32.1,7.28,20.5,16.0,1,2.3,Mild Deficit
USR-07570,19,Female,Corporate 9-to-5,Intermediate,100,Instagram / Reddit,97,1,0,53,63.7,5.95,25.1,17.4,4,4.9,Moderate Debt
USR-07571,28,Female,Corporate 9-to-5,Intermediate,45,YouTube,41,1,0,4,38.2,7.43,21.8,18.4,2,1.6,Mild Deficit
USR-07572,34,Male,Corporate 9-to-5,Morning Lark,99,TikTok / Reels,35,1,35,28,57.1,6.18,18.8,18.7,3,5.5,Moderate Debt
USR-07573,22,Male,Remote Tech,Intermediate,88,Streaming (Netflix/Hulu),64,0,0,41,52.4,5.97,20.3,23.6,4,5.1,Moderate Debt
USR-07574,42,Male,Remote Tech,Intermediate,29,Messaging / Chat,50,1,0,36,33.9,7.86,21.9,20.9,2,1.0,Optimal Recovery
USR-07575,18,Male,Student,Morning Lark,69,TikTok / Reels,98,1,0,18,41.1,8.26,19.3,15.7,2,1.0,Optimal Recovery
USR-07576,23,Female,Healthcare / Shift Worker,Intermediate,89,Instagram / Reddit,61,0,40,0,57.3,3.79,18.4,20.9,5,9.1,Severe Sleep Debt
USR-07577,35,Female,Corporate 9-to-5,Intermediate,113,Instagram / Reddit,56,0,0,48,59.1,4.22,23.1,22.7,4,7.5,Moderate Debt
USR-07578,40,Female,Healthcare / Shift Worker,Morning Lark,40,TikTok / Reels,69,1,54,101,44.3,6.04,25.4,18.7,3,4.1,Moderate Debt
USR-07579,54,Male,Corporate 9-to-5,Morning Lark,54,YouTube,51,0,153,46,39.8,7.94,17.5,18.4,1,1.1,Optimal Recovery
USR-07580,40,Female,Corporate 9-to-5,Intermediate,9,TikTok / Reels,60,1,115,21,21.2,7.33,24.4,15.8,0,1.0,Mild Deficit
USR-07581,39,Male,Remote Tech,Night Owl,130,Messaging / Chat,38,0,0,43,55.4,3.98,24.2,20.5,5,8.7,Severe Sleep Debt
USR-07582,29,Female,Corporate 9-to-5,Night Owl,80,TikTok / Reels,43,0,0,47,60.3,5.94,26.5,22.2,5,5.1,Moderate Debt
USR-07583,18,Female,Remote Tech,Morning Lark,71,TikTok / Reels,37,1,61,40,44.5,7.0,21.0,20.2,2,1.5,Mild Deficit
USR-07584,22,Non-Binary,Healthcare / Shift Worker,Morning Lark,9,TikTok / Reels,63,0,0,29,13.3,9.05,19.1,16.6,0,1.0,Optimal Recovery
USR-07585,33,Male,Corporate 9-to-5,Morning Lark,75,YouTube,42,1,146,44,40.1,8.24,16.9,14.0,2,2.1,Optimal Recovery
USR-07586,39,Male,Student,Intermediate,62,Streaming (Netflix/Hulu),71,1,0,36,32.8,7.48,21.3,20.9,2,1.1,Mild Deficit
USR-07587,30,Male,Corporate 9-to-5,Intermediate,50,Streaming (Netflix/Hulu),38,1,0,77,21.0,8.08,24.6,22.3,1,1.0,Optimal Recovery
USR-07588,41,Male,Corporate 9-to-5,Intermediate,66,TikTok / Reels,36,1,0,27,36.5,6.21,22.8,16.3,3,3.5,Moderate Debt
USR-07589,33,Male,Remote Tech,Night Owl,56,Streaming (Netflix/Hulu),60,0,63,35,37.2,4.71,20.1,21.5,5,6.6,Moderate Debt
USR-07590,20,Male,Healthcare / Shift Worker,Intermediate,77,TikTok / Reels,58,0,0,15,53.7,4.47,18.3,19.6,4,9.0,Severe Sleep Debt
USR-07591,24,Female,Remote Tech,Night Owl,65,YouTube,72,1,0,36,32.0,4.57,25.8,24.0,4,5.0,Moderate Debt
USR-07592,47,Male,Student,Morning Lark,48,TikTok / Reels,31,1,0,51,36.2,7.53,27.1,18.0,1,1.0,Mild Deficit
USR-07593,41,Male,Freelance / Creative,Morning Lark,74,Streaming (Netflix/Hulu),24,0,20,31,35.5,7.08,22.1,20.2,2,1.6,Mild Deficit
USR-07594,52,Female,Healthcare / Shift Worker,Intermediate,33,YouTube,79,1,0,57,32.5,5.38,24.3,23.0,4,4.8,Moderate Debt
USR-07595,21,Male,Corporate 9-to-5,Morning Lark,65,Instagram / Reddit,28,0,72,56,51.5,6.1,25.7,17.5,5,4.9,Moderate Debt
USR-07596,63,Non-Binary,Student,Night Owl,69,Instagram / Reddit,72,0,0,49,40.8,5.51,26.6,21.1,3,3.1,Moderate Debt
USR-07597,24,Female,Remote Tech,Intermediate,70,TikTok / Reels,10,1,0,61,46.9,6.15,24.9,16.1,2,1.5,Moderate Debt
USR-07598,18,Female,Student,Intermediate,68,Instagram / Reddit,66,1,0,39,46.2,7.24,19.4,22.7,2,2.5,Mild Deficit
USR-07599,65,Female,Remote Tech,Intermediate,93,Instagram / Reddit,55,0,183,23,66.2,5.0,17.8,18.9,6,8.4,Moderate Debt
USR-07600,26,Male,Corporate 9-to-5,Morning Lark,75,YouTube,63,1,23,45,61.0,7.16,17.1,20.1,3,3.3,Mild Deficit
USR-07601,38,Male,Remote Tech,Morning Lark,89,YouTube,70,1,0,5,40.0,6.19,22.2,21.3,3,4.1,Moderate Debt
USR-07602,23,Female,Remote Tech,Intermediate,38,Instagram / Reddit,74,0,25,20,33.0,7.82,22.6,18.0,1,1.3,Optimal Recovery
USR-07603,35,Male,Remote Tech,Intermediate,45,YouTube,64,0,0,42,28.9,6.52,23.8,21.6,2,1.9,Moderate Debt
USR-07604,53,Female,Healthcare / Shift Worker,Night Owl,117,Instagram / Reddit,72,0,20,1,64.7,3.2,14.0,19.2,7,10.0,Severe Sleep Debt
USR-07605,27,Male,Healthcare / Shift Worker,Intermediate,24,TikTok / Reels,77,0,84,31,38.6,6.26,26.5,17.9,2,2.2,Moderate Debt
USR-07606,39,Female,Remote Tech,Intermediate,86,Streaming (Netflix/Hulu),80,1,0,97,50.7,5.93,22.2,23.9,4,5.1,Moderate Debt
USR-07607,24,Female,Remote Tech,Morning Lark,108,TikTok / Reels,65,0,93,53,75.6,6.65,22.1,17.1,4,5.4,Moderate Debt
USR-07608,37,Male,Remote Tech,Night Owl,51,Messaging / Chat,36,1,0,31,42.2,4.22,20.5,23.5,5,6.3,Moderate Debt
USR-07609,28,Female,Remote Tech,Morning Lark,27,Streaming (Netflix/Hulu),50,0,0,19,11.1,8.77,22.4,21.7,0,1.0,Optimal Recovery
USR-07610,24,Female,Freelance / Creative,Night Owl,55,News / Reading,53,1,0,45,45.1,5.71,21.3,24.0,3,4.3,Moderate Debt
USR-07611,27,Female,Student,Intermediate,14,Messaging / Chat,41,1,53,18,19.2,7.94,23.0,17.3,2,1.0,Optimal Recovery
USR-07612,23,Female,Corporate 9-to-5,Morning Lark,41,News / Reading,32,0,0,70,18.3,7.95,27.3,22.2,1,1.0,Optimal Recovery
USR-07613,52,Female,Remote Tech,Intermediate,47,Messaging / Chat,74,0,0,11,38.1,7.17,21.8,20.5,2,1.6,Mild Deficit
USR-07614,29,Non-Binary,Student,Night Owl,72,TikTok / Reels,61,1,250,26,67.7,4.49,15.3,11.1,4,9.5,Severe Sleep Debt
USR-07615,25,Male,Student,Intermediate,38,YouTube,42,1,97,30,36.4,7.31,24.8,19.8,3,1.3,Mild Deficit
USR-07616,31,Male,Remote Tech,Intermediate,46,TikTok / Reels,56,1,20,58,31.7,8.15,18.9,21.7,0,1.0,Optimal Recovery
USR-07617,27,Male,Corporate 9-to-5,Morning Lark,111,YouTube,61,0,138,44,75.3,5.48,20.1,14.6,3,6.6,Moderate Debt
USR-07618,42,Female,Corporate 9-to-5,Intermediate,29,Instagram / Reddit,32,0,50,7,39.2,5.69,17.0,17.4,2,3.7,Moderate Debt
USR-07619,60,Female,Corporate 9-to-5,Morning Lark,113,News / Reading,39,0,0,0,42.1,7.29,22.6,18.2,1,3.2,Mild Deficit
USR-07620,30,Female,Remote Tech,Night Owl,67,News / Reading,49,0,0,47,48.7,5.18,25.2,16.6,4,5.9,Moderate Debt
USR-07621,49,Male,Corporate 9-to-5,Night Owl,92,YouTube,52,0,0,0,59.2,4.5,18.6,19.7,5,7.6,Moderate Debt
USR-07622,35,Male,Healthcare / Shift Worker,Night Owl,26,Streaming (Netflix/Hulu),23,0,0,30,32.0,5.37,22.9,21.4,4,4.9,Moderate Debt
USR-07623,23,Female,Corporate 9-to-5,Morning Lark,51,YouTube,70,0,0,29,36.1,8.68,20.0,20.1,1,1.0,Optimal Recovery
USR-07624,39,Female,Freelance / Creative,Intermediate,51,Instagram / Reddit,56,1,0,27,27.8,5.17,21.1,17.5,2,3.8,Moderate Debt
USR-07625,33,Female,Corporate 9-to-5,Morning Lark,49,Instagram / Reddit,50,0,0,43,32.6,7.42,23.8,17.3,3,1.8,Mild Deficit
USR-07626,38,Male,Corporate 9-to-5,Intermediate,59,News / Reading,41,0,0,77,23.6,4.8,27.6,19.5,4,4.7,Moderate Debt
USR-07627,51,Male,Remote Tech,Night Owl,36,Messaging / Chat,35,0,0,31,32.5,5.37,24.7,19.9,2,2.8,Moderate Debt
USR-07628,30,Female,Corporate 9-to-5,Intermediate,35,TikTok / Reels,55,0,0,30,31.5,6.91,24.9,17.5,1,1.0,Mild Deficit
USR-07629,52,Male,Freelance / Creative,Night Owl,38,YouTube,58,1,0,6,29.8,5.39,25.5,20.0,3,3.7,Moderate Debt
USR-07630,42,Female,Corporate 9-to-5,Night Owl,94,Streaming (Netflix/Hulu),94,0,38,37,58.3,3.59,20.1,25.6,5,9.5,Severe Sleep Debt
USR-07631,32,Male,Remote Tech,Intermediate,22,Streaming (Netflix/Hulu),96,1,141,24,33.2,6.92,22.2,19.2,2,1.6,Mild Deficit
USR-07632,36,Male,Freelance / Creative,Intermediate,37,Streaming (Netflix/Hulu),44,0,0,41,48.0,6.56,21.8,21.8,3,2.2,Moderate Debt
USR-07633,27,Male,Remote Tech,Morning Lark,82,News / Reading,36,1,0,43,27.1,6.72,24.2,21.7,1,1.0,Moderate Debt
USR-07634,62,Female,Corporate 9-to-5,Intermediate,121,YouTube,30,0,0,40,57.3,5.4,22.4,22.6,4,5.1,Moderate Debt
USR-07635,38,Female,Corporate 9-to-5,Morning Lark,119,Instagram / Reddit,57,0,0,1,74.0,6.9,17.7,18.1,3,5.6,Mild Deficit
USR-07636,19,Female,Remote Tech,Night Owl,89,News / Reading,30,1,0,32,26.0,3.63,21.7,19.8,5,6.6,Moderate Debt
USR-07637,27,Female,Corporate 9-to-5,Intermediate,107,Instagram / Reddit,27,0,20,30,49.2,5.93,24.6,20.9,3,3.5,Moderate Debt
USR-07638,37,Male,Remote Tech,Intermediate,44,Streaming (Netflix/Hulu),40,1,66,20,35.2,7.2,23.8,19.0,3,1.9,Mild Deficit
USR-07639,20,Male,Healthcare / Shift Worker,Night Owl,37,TikTok / Reels,43,0,45,31,45.1,3.77,26.0,17.7,5,7.7,Moderate Debt
USR-07640,18,Female,Healthcare / Shift Worker,Night Owl,7,TikTok / Reels,40,0,96,42,24.6,5.11,20.4,19.5,3,4.9,Moderate Debt
USR-07641,31,Female,Corporate 9-to-5,Night Owl,38,YouTube,23,0,241,29,42.3,6.31,16.3,18.7,3,5.1,Moderate Debt
USR-07642,28,Female,Corporate 9-to-5,Intermediate,42,YouTube,53,0,90,50,33.0,7.86,19.8,16.5,2,1.9,Optimal Recovery
USR-07643,30,Male,Corporate 9-to-5,Intermediate,11,Instagram / Reddit,53,0,0,34,34.4,7.84,25.9,15.7,0,1.0,Optimal Recovery
USR-07644,26,Male,Remote Tech,Intermediate,26,Messaging / Chat,82,1,0,45,16.9,7.91,24.9,18.2,0,1.0,Optimal Recovery
USR-07645,23,Female,Remote Tech,Intermediate,150,TikTok / Reels,30,1,211,15,113.4,3.67,17.5,13.2,7,10.0,Severe Sleep Debt
USR-07646,39,Female,Healthcare / Shift Worker,Morning Lark,50,YouTube,66,0,0,51,29.8,5.98,16.0,19.6,2,4.4,Moderate Debt
USR-07647,33,Male,Student,Intermediate,26,TikTok / Reels,91,1,67,51,33.9,7.91,17.3,14.6,0,1.2,Optimal Recovery
USR-07648,24,Male,Corporate 9-to-5,Night Owl,46,Instagram / Reddit,26,0,85,21,37.7,5.45,21.0,19.2,3,4.6,Moderate Debt
USR-07649,27,Female,Student,Intermediate,62,News / Reading,33,0,0,46,25.8,7.78,26.5,22.7,1,1.0,Optimal Recovery
USR-07650,36,Male,Corporate 9-to-5,Intermediate,52,Messaging / Chat,30,0,0,56,33.2,7.07,26.4,18.2,2,1.0,Mild Deficit
USR-07651,20,Non-Binary,Corporate 9-to-5,Morning Lark,32,Instagram / Reddit,64,1,40,32,29.6,7.25,21.1,18.9,2,2.0,Mild Deficit
USR-07652,22,Male,Corporate 9-to-5,Morning Lark,84,TikTok / Reels,63,1,0,0,47.9,6.68,22.6,21.8,2,2.9,Moderate Debt
USR-07653,20,Male,Corporate 9-to-5,Morning Lark,180,TikTok / Reels,74,0,97,59,109.4,4.36,19.8,16.3,5,10.0,Severe Sleep Debt
USR-07654,45,Female,Student,Intermediate,101,Messaging / Chat,57,1,0,36,54.4,5.14,22.5,23.6,4,5.8,Moderate Debt
USR-07655,42,Male,Remote Tech,Night Owl,46,Streaming (Netflix/Hulu),91,1,0,32,35.4,6.43,24.2,22.4,2,1.4,Moderate Debt
USR-07656,42,Female,Corporate 9-to-5,Intermediate,49,YouTube,66,1,0,32,33.4,6.3,24.1,19.8,4,3.3,Moderate Debt
USR-07657,41,Female,Freelance / Creative,Intermediate,74,Instagram / Reddit,80,0,70,39,50.9,6.35,25.6,19.6,3,5.5,Moderate Debt
USR-07658,39,Female,Remote Tech,Intermediate,59,TikTok / Reels,58,0,0,19,53.2,6.34,20.9,15.5,4,3.6,Moderate Debt
USR-07659,32,Female,Corporate 9-to-5,Intermediate,99,Instagram / Reddit,47,0,106,94,66.8,4.75,20.1,15.5,4,8.1,Moderate Debt
USR-07660,37,Female,Corporate 9-to-5,Night Owl,109,News / Reading,51,0,0,34,40.7,5.44,15.7,20.0,4,5.6,Moderate Debt
USR-07661,19,Male,Remote Tech,Intermediate,15,TikTok / Reels,82,0,0,69,27.5,7.58,20.3,19.8,2,1.0,Mild Deficit
USR-07662,37,Male,Freelance / Creative,Intermediate,71,Streaming (Netflix/Hulu),71,0,0,42,38.7,6.51,21.1,22.1,2,4.5,Moderate Debt
USR-07663,43,Male,Remote Tech,Intermediate,7,YouTube,70,0,0,33,20.7,7.31,22.1,19.5,0,1.0,Mild Deficit
USR-07664,32,Female,Freelance / Creative,Night Owl,134,News / Reading,75,0,97,23,61.7,3.7,20.4,20.8,6,10.0,Severe Sleep Debt
USR-07665,28,Female,Remote Tech,Intermediate,43,TikTok / Reels,60,1,0,37,34.6,7.72,21.4,16.9,2,1.0,Mild Deficit
USR-07666,26,Male,Remote Tech,Morning Lark,16,Instagram / Reddit,100,1,0,37,18.2,9.62,23.2,22.5,0,1.0,Optimal Recovery
USR-07667,37,Female,Remote Tech,Morning Lark,63,YouTube,51,1,0,0,42.6,7.51,15.1,19.6,3,1.8,Mild Deficit
USR-07668,40,Non-Binary,Student,Night Owl,118,Messaging / Chat,57,1,0,13,52.8,5.46,11.7,20.3,4,5.9,Moderate Debt
USR-07669,50,Female,Remote Tech,Night Owl,116,TikTok / Reels,46,0,28,34,60.1,3.45,21.8,19.5,5,10.0,Severe Sleep Debt
USR-07670,28,Male,Healthcare / Shift Worker,Morning Lark,70,YouTube,65,0,0,35,39.2,5.45,27.9,18.3,3,5.2,Moderate Debt
USR-07671,43,Female,Corporate 9-to-5,Night Owl,37,YouTube,20,0,0,0,18.8,6.15,23.3,19.6,3,1.2,Moderate Debt
USR-07672,34,Male,Remote Tech,Intermediate,45,Messaging / Chat,10,1,0,33,27.4,7.19,25.1,17.5,1,1.0,Mild Deficit
USR-07673,51,Male,Remote Tech,Intermediate,24,YouTube,42,1,66,59,22.1,6.73,21.9,20.8,1,1.0,Moderate Debt
USR-07674,33,Male,Student,Morning Lark,57,YouTube,67,0,0,40,36.2,8.9,21.7,17.5,1,1.0,Optimal Recovery
USR-07675,33,Non-Binary,Corporate 9-to-5,Night Owl,59,Streaming (Netflix/Hulu),76,1,0,43,25.0,5.55,20.2,22.5,3,4.3,Moderate Debt
USR-07676,35,Female,Remote Tech,Morning Lark,19,Messaging / Chat,30,0,161,63,25.5,7.99,18.0,18.4,1,1.0,Optimal Recovery
USR-07677,42,Male,Remote Tech,Night Owl,95,Instagram / Reddit,22,1,0,68,42.2,5.05,23.6,20.6,3,4.9,Moderate Debt
USR-07678,59,Female,Student,Morning Lark,4,YouTube,41,1,34,26,26.4,7.75,24.3,19.7,1,1.0,Optimal Recovery
USR-07679,20,Male,Student,Night Owl,75,Instagram / Reddit,40,1,20,72,46.7,6.11,24.7,18.9,4,3.6,Moderate Debt
USR-07680,19,Female,Student,Morning Lark,90,Instagram / Reddit,59,1,0,4,58.8,7.08,19.5,17.4,2,3.4,Mild Deficit
USR-07681,56,Male,Corporate 9-to-5,Morning Lark,100,Streaming (Netflix/Hulu),58,1,99,26,66.1,5.42,18.3,18.2,3,5.8,Moderate Debt
USR-07682,33,Male,Freelance / Creative,Intermediate,55,YouTube,84,0,0,75,34.1,7.22,20.9,21.9,2,1.0,Mild Deficit
USR-07683,36,Female,Healthcare / Shift Worker,Morning Lark,59,News / Reading,47,0,0,47,16.3,6.06,21.8,21.9,3,3.3,Moderate Debt
USR-07684,32,Female,Corporate 9-to-5,Intermediate,93,YouTube,28,0,0,16,56.7,6.0,19.5,18.1,3,4.8,Moderate Debt
USR-07685,21,Female,Corporate 9-to-5,Intermediate,62,TikTok / Reels,61,0,57,18,51.1,6.07,19.5,15.9,4,5.8,Moderate Debt
USR-07686,43,Male,Corporate 9-to-5,Night Owl,32,YouTube,36,1,20,42,30.6,5.42,25.0,17.4,1,3.8,Moderate Debt
USR-07687,42,Female,Remote Tech,Intermediate,62,News / Reading,36,0,0,27,24.8,5.93,25.6,23.4,3,2.5,Moderate Debt
USR-07688,27,Male,Healthcare / Shift Worker,Intermediate,141,Streaming (Netflix/Hulu),89,0,0,65,66.2,3.43,21.9,20.6,7,10.0,Severe Sleep Debt
USR-07689,27,Male,Student,Morning Lark,38,Streaming (Netflix/Hulu),74,0,0,0,37.4,8.12,21.1,21.3,2,1.4,Optimal Recovery
USR-07690,47,Male,Healthcare / Shift Worker,Intermediate,33,TikTok / Reels,46,1,0,76,27.2,5.74,24.6,19.5,2,2.6,Moderate Debt
USR-07691,20,Male,Corporate 9-to-5,Morning Lark,46,Instagram / Reddit,91,0,0,44,42.0,7.43,17.8,16.1,2,2.4,Mild Deficit
USR-07692,51,Female,Remote Tech,Night Owl,66,YouTube,72,0,0,3,37.7,4.4,23.7,21.5,6,7.4,Moderate Debt
USR-07693,26,Male,Corporate 9-to-5,Intermediate,29,Messaging / Chat,63,1,71,49,29.1,7.37,24.4,14.6,2,2.7,Mild Deficit
USR-07694,36,Male,Corporate 9-to-5,Night Owl,15,Instagram / Reddit,41,1,0,2,26.5,7.47,22.6,21.2,0,1.0,Mild Deficit
USR-07695,56,Non-Binary,Student,Intermediate,62,Instagram / Reddit,14,0,0,6,33.4,7.64,22.2,20.4,1,1.0,Mild Deficit
USR-07696,39,Male,Corporate 9-to-5,Night Owl,57,YouTube,38,0,0,29,38.8,5.79,22.7,19.5,4,3.2,Moderate Debt
USR-07697,30,Male,Student,Morning Lark,15,Instagram / Reddit,45,1,0,67,18.1,8.03,21.6,17.1,0,1.0,Optimal Recovery
USR-07698,39,Female,Student,Morning Lark,20,Streaming (Netflix/Hulu),31,0,121,15,42.5,9.08,18.2,16.8,0,1.0,Optimal Recovery
USR-07699,28,Male,Healthcare / Shift Worker,Intermediate,54,YouTube,57,0,82,59,48.6,5.24,22.1,18.8,3,4.4,Moderate Debt
USR-07700,26,Male,Corporate 9-to-5,Night Owl,39,Instagram / Reddit,14,1,0,78,34.2,5.58,26.0,19.6,3,4.2,Moderate Debt
USR-07701,65,Male,Healthcare / Shift Worker,Intermediate,29,Instagram / Reddit,82,0,0,43,33.9,6.98,22.9,21.3,3,2.5,Mild Deficit
USR-07702,42,Male,Freelance / Creative,Morning Lark,39,Streaming (Netflix/Hulu),46,1,0,54,33.9,8.71,21.5,19.6,0,1.0,Optimal Recovery
USR-07703,38,Female,Healthcare / Shift Worker,Intermediate,30,Messaging / Chat,70,1,27,10,24.2,6.12,23.5,16.0,3,3.4,Moderate Debt
USR-07704,28,Non-Binary,Student,Night Owl,47,TikTok / Reels,70,1,0,42,29.8,5.41,21.6,18.9,3,4.7,Moderate Debt
USR-07705,19,Non-Binary,Student,Morning Lark,84,TikTok / Reels,30,1,0,63,42.4,8.03,23.1,21.2,2,1.0,Optimal Recovery
USR-07706,19,Female,Remote Tech,Morning Lark,92,Instagram / Reddit,20,0,20,47,48.1,5.87,18.1,25.2,2,3.6,Moderate Debt
USR-07707,34,Male,Student,Night Owl,31,YouTube,42,1,66,25,30.0,5.71,21.7,22.9,3,4.6,Moderate Debt
USR-07708,43,Female,Student,Night Owl,58,YouTube,63,1,38,44,33.3,5.3,24.5,23.1,3,3.8,Moderate Debt
USR-07709,34,Male,Student,Night Owl,58,TikTok / Reels,58,1,75,29,62.0,5.4,22.5,14.2,3,6.5,Moderate Debt
USR-07710,47,Female,Healthcare / Shift Worker,Night Owl,17,Instagram / Reddit,78,1,104,65,23.4,4.63,27.1,13.8,3,5.4,Moderate Debt
USR-07711,19,Male,Remote Tech,Morning Lark,9,TikTok / Reels,63,0,95,14,27.1,8.47,19.4,18.6,1,1.0,Optimal Recovery
USR-07712,28,Female,Corporate 9-to-5,Intermediate,110,YouTube,64,0,127,34,72.0,4.55,17.0,19.8,5,10.0,Severe Sleep Debt
USR-07713,25,Female,Remote Tech,Intermediate,74,Messaging / Chat,39,0,20,74,41.7,5.9,23.2,17.7,2,3.2,Moderate Debt
USR-07714,31,Female,Corporate 9-to-5,Night Owl,108,Streaming (Netflix/Hulu),50,0,175,26,61.5,3.98,11.0,18.0,6,10.0,Severe Sleep Debt
USR-07715,20,Female,Remote Tech,Night Owl,91,Instagram / Reddit,50,1,0,58,50.8,4.99,23.8,18.3,5,6.4,Moderate Debt
USR-07716,58,Male,Corporate 9-to-5,Night Owl,74,TikTok / Reels,67,1,0,40,50.9,5.58,22.4,22.3,3,4.7,Moderate Debt
USR-07717,25,Female,Remote Tech,Intermediate,92,TikTok / Reels,70,1,0,60,50.5,5.25,27.3,18.3,4,6.3,Moderate Debt
USR-07718,54,Male,Healthcare / Shift Worker,Morning Lark,47,TikTok / Reels,50,0,38,34,45.3,6.52,20.7,16.1,1,3.5,Moderate Debt
USR-07719,30,Non-Binary,Remote Tech,Intermediate,78,News / Reading,51,0,29,22,32.1,5.59,21.6,20.9,3,3.3,Moderate Debt
USR-07720,63,Male,Corporate 9-to-5,Intermediate,90,Streaming (Netflix/Hulu),62,0,68,22,49.8,6.34,22.6,20.7,3,4.1,Moderate Debt
USR-07721,34,Male,Remote Tech,Morning Lark,76,TikTok / Reels,94,1,107,52,59.0,7.75,17.0,18.4,2,2.3,Optimal Recovery
USR-07722,55,Female,Corporate 9-to-5,Night Owl,28,Instagram / Reddit,20,0,0,26,29.1,7.47,28.0,18.8,2,1.0,Mild Deficit
USR-07723,18,Female,Remote Tech,Morning Lark,23,TikTok / Reels,37,1,52,74,29.9,8.54,24.4,15.7,0,1.0,Optimal Recovery
USR-07724,42,Male,Remote Tech,Morning Lark,72,Instagram / Reddit,37,1,59,50,42.9,8.96,24.5,19.7,1,1.0,Optimal Recovery
USR-07725,53,Female,Freelance / Creative,Intermediate,30,TikTok / Reels,29,1,0,28,34.8,7.42,27.6,19.7,1,1.5,Mild Deficit
USR-07726,22,Male,Corporate 9-to-5,Night Owl,31,TikTok / Reels,39,0,0,71,24.7,5.88,27.3,18.8,2,2.0,Moderate Debt
USR-07727,21,Female,Student,Intermediate,39,TikTok / Reels,63,0,64,32,49.3,6.87,24.5,17.9,2,2.7,Mild Deficit
USR-07728,30,Male,Healthcare / Shift Worker,Night Owl,43,YouTube,74,0,0,0,39.8,3.2,23.6,19.3,5,7.6,Moderate Debt
USR-07729,56,Female,Freelance / Creative,Intermediate,40,Streaming (Netflix/Hulu),60,1,0,27,34.3,6.17,24.5,22.3,2,1.8,Moderate Debt
USR-07730,34,Male,Corporate 9-to-5,Morning Lark,38,Instagram / Reddit,59,1,41,6,38.4,8.24,20.8,15.1,0,1.0,Optimal Recovery
USR-07731,33,Female,Remote Tech,Morning Lark,47,YouTube,37,1,138,43,42.6,6.65,18.7,18.9,2,4.2,Moderate Debt
USR-07732,22,Female,Corporate 9-to-5,Night Owl,20,YouTube,10,0,0,18,13.9,6.52,23.7,19.2,2,1.6,Moderate Debt
USR-07733,18,Male,Remote Tech,Intermediate,15,TikTok / Reels,62,0,49,54,31.0,7.66,24.1,19.9,1,1.9,Mild Deficit
USR-07734,45,Female,Corporate 9-to-5,Night Owl,126,Streaming (Netflix/Hulu),82,0,0,28,58.9,3.29,16.6,23.4,6,10.0,Severe Sleep Debt
USR-07735,21,Male,Healthcare / Shift Worker,Intermediate,26,TikTok / Reels,74,1,0,96,26.5,5.55,23.0,21.3,3,3.1,Moderate Debt
USR-07736,37,Male,Corporate 9-to-5,Intermediate,3,YouTube,53,0,39,43,14.1,6.15,21.1,18.7,3,1.0,Moderate Debt
USR-07737,54,Female,Remote Tech,Intermediate,34,YouTube,57,1,98,46,26.4,8.37,27.7,22.1,2,1.0,Optimal Recovery
USR-07738,24,Male,Remote Tech,Morning Lark,10,YouTube,83,1,0,48,9.3,7.4,22.8,18.7,0,1.0,Mild Deficit
USR-07739,38,Female,Freelance / Creative,Intermediate,16,News / Reading,41,1,0,41,12.6,7.62,21.2,21.5,1,1.0,Mild Deficit
USR-07740,20,Male,Student,Intermediate,49,TikTok / Reels,46,0,0,63,33.5,7.01,23.6,19.1,2,1.0,Mild Deficit
USR-07741,36,Female,Corporate 9-to-5,Night Owl,18,YouTube,19,0,0,43,20.8,6.27,22.0,17.8,2,3.1,Moderate Debt
USR-07742,23,Male,Corporate 9-to-5,Morning Lark,109,TikTok / Reels,64,0,47,43,67.8,7.08,17.0,18.2,3,3.9,Mild Deficit
USR-07743,41,Female,Corporate 9-to-5,Intermediate,79,YouTube,45,1,0,44,48.0,6.71,26.6,20.8,3,2.6,Moderate Debt
USR-07744,27,Female,Student,Morning Lark,6,TikTok / Reels,49,1,90,61,28.2,9.06,23.3,16.8,1,1.0,Optimal Recovery
USR-07745,31,Male,Student,Intermediate,92,TikTok / Reels,69,1,27,24,65.1,6.2,16.9,16.0,3,6.3,Moderate Debt
USR-07746,36,Female,Student,Intermediate,52,Messaging / Chat,40,0,0,0,32.8,6.48,17.6,19.2,2,1.8,Moderate Debt
USR-07747,23,Female,Corporate 9-to-5,Night Owl,21,TikTok / Reels,65,1,0,42,35.6,5.98,21.4,23.6,3,3.3,Moderate Debt
USR-07748,42,Male,Student,Intermediate,38,Streaming (Netflix/Hulu),66,1,0,49,25.7,7.11,25.0,18.5,2,1.0,Mild Deficit
USR-07749,27,Male,Student,Night Owl,59,TikTok / Reels,48,0,129,13,41.5,4.58,18.2,14.6,3,7.3,Moderate Debt
USR-07750,38,Female,Freelance / Creative,Intermediate,99,TikTok / Reels,72,1,0,11,63.0,5.8,23.9,16.6,5,6.5,Moderate Debt
USR-07751,23,Female,Remote Tech,Morning Lark,22,Instagram / Reddit,53,1,0,15,18.0,8.69,20.2,18.5,1,1.0,Optimal Recovery
USR-07752,39,Female,Corporate 9-to-5,Intermediate,50,Streaming (Netflix/Hulu),69,0,0,2,29.6,6.87,18.9,20.8,1,1.9,Mild Deficit
USR-07753,22,Female,Remote Tech,Intermediate,89,TikTok / Reels,43,0,0,48,59.1,6.12,24.7,17.2,4,4.7,Moderate Debt
USR-07754,30,Female,Corporate 9-to-5,Intermediate,61,TikTok / Reels,67,0,20,61,44.6,5.66,20.9,16.7,4,6.1,Moderate Debt
USR-07755,25,Female,Student,Intermediate,126,TikTok / Reels,48,0,0,12,87.1,4.67,18.7,18.2,5,8.8,Severe Sleep Debt
USR-07756,42,Non-Binary,Student,Night Owl,36,YouTube,62,1,0,46,15.8,7.51,20.9,26.2,1,1.0,Mild Deficit
USR-07757,26,Male,Corporate 9-to-5,Night Owl,37,Messaging / Chat,62,0,20,40,42.5,6.52,20.0,21.2,2,3.0,Moderate Debt
USR-07758,51,Female,Corporate 9-to-5,Intermediate,8,Instagram / Reddit,47,0,0,22,20.8,6.74,26.6,16.8,0,1.0,Moderate Debt
USR-07759,51,Female,Corporate 9-to-5,Night Owl,47,News / Reading,46,0,139,59,31.1,5.0,20.8,18.4,3,5.9,Moderate Debt
USR-07760,24,Male,Freelance / Creative,Intermediate,70,TikTok / Reels,51,0,0,88,42.5,6.81,23.1,18.0,2,2.5,Mild Deficit
USR-07761,36,Female,Corporate 9-to-5,Morning Lark,96,Instagram / Reddit,56,0,0,7,54.8,7.65,13.4,20.8,2,2.8,Mild Deficit
USR-07762,21,Male,Corporate 9-to-5,Night Owl,51,TikTok / Reels,66,1,0,39,29.3,4.58,24.1,20.0,3,4.7,Moderate Debt
USR-07763,29,Male,Corporate 9-to-5,Morning Lark,100,Streaming (Netflix/Hulu),60,0,0,34,54.0,6.8,22.2,22.8,3,3.7,Mild Deficit
USR-07764,40,Male,Remote Tech,Night Owl,73,TikTok / Reels,10,1,129,37,54.7,4.4,19.9,12.5,6,7.0,Moderate Debt
USR-07765,38,Female,Student,Intermediate,147,Streaming (Netflix/Hulu),72,1,37,29,68.2,4.19,22.0,19.0,6,8.6,Severe Sleep Debt
USR-07766,37,Male,Healthcare / Shift Worker,Intermediate,62,YouTube,63,0,43,49,41.5,4.45,18.0,20.4,4,7.7,Moderate Debt
USR-07767,26,Male,Corporate 9-to-5,Intermediate,78,YouTube,79,0,0,39,39.5,6.0,23.5,20.4,2,2.4,Moderate Debt
USR-07768,29,Male,Student,Night Owl,71,YouTube,72,1,0,5,34.9,5.74,18.7,21.3,3,3.3,Moderate Debt
USR-07769,21,Male,Remote Tech,Morning Lark,96,Instagram / Reddit,47,1,0,34,63.5,5.44,23.1,21.4,3,3.9,Moderate Debt
USR-07770,41,Female,Freelance / Creative,Morning Lark,64,YouTube,32,0,0,42,41.8,8.3,22.7,22.1,0,1.0,Optimal Recovery
USR-07771,32,Female,Corporate 9-to-5,Intermediate,2,Instagram / Reddit,91,1,41,63,8.3,8.07,25.1,16.6,2,1.0,Optimal Recovery
USR-07772,40,Male,Corporate 9-to-5,Morning Lark,41,Instagram / Reddit,81,1,0,26,31.0,7.74,22.6,20.6,1,1.0,Mild Deficit
USR-07773,25,Male,Remote Tech,Intermediate,20,TikTok / Reels,70,1,173,39,46.0,7.36,19.6,21.1,1,1.7,Mild Deficit
USR-07774,27,Male,Corporate 9-to-5,Night Owl,35,YouTube,39,0,56,16,26.8,5.85,22.4,20.2,3,3.5,Moderate Debt
USR-07775,28,Male,Corporate 9-to-5,Night Owl,39,Messaging / Chat,29,0,82,66,31.9,5.88,26.4,21.0,4,4.6,Moderate Debt
USR-07776,18,Female,Student,Night Owl,103,Messaging / Chat,46,1,0,38,38.7,3.87,24.7,19.5,4,6.6,Moderate Debt
USR-07777,28,Female,Student,Night Owl,85,TikTok / Reels,72,0,0,72,60.9,3.94,23.8,23.1,5,8.6,Severe Sleep Debt
USR-07778,45,Male,Remote Tech,Night Owl,178,Messaging / Chat,10,0,0,31,65.9,3.2,22.8,20.9,7,10.0,Severe Sleep Debt
USR-07779,52,Female,Student,Night Owl,50,Messaging / Chat,40,1,0,32,30.3,5.61,16.1,19.5,2,4.5,Moderate Debt
USR-07780,33,Male,Remote Tech,Morning Lark,24,YouTube,100,1,67,40,33.3,7.61,20.4,17.9,1,1.2,Mild Deficit
USR-07781,31,Female,Student,Intermediate,27,Streaming (Netflix/Hulu),48,1,53,48,19.2,7.73,23.2,17.5,2,1.0,Mild Deficit
USR-07782,19,Male,Remote Tech,Night Owl,92,Streaming (Netflix/Hulu),56,0,0,70,49.0,5.31,23.1,20.3,3,5.3,Moderate Debt
USR-07783,50,Male,Student,Intermediate,33,Instagram / Reddit,54,1,43,68,24.8,6.07,23.1,17.7,2,1.7,Moderate Debt
USR-07784,18,Female,Corporate 9-to-5,Night Owl,14,TikTok / Reels,89,0,0,18,15.5,6.75,16.6,16.6,2,1.0,Mild Deficit
USR-07785,57,Female,Corporate 9-to-5,Morning Lark,71,Streaming (Netflix/Hulu),49,0,76,29,37.5,6.68,24.8,18.5,1,2.5,Moderate Debt
USR-07786,32,Male,Remote Tech,Night Owl,89,TikTok / Reels,19,0,95,0,66.2,4.76,20.7,17.0,5,7.9,Moderate Debt
USR-07787,28,Non-Binary,Remote Tech,Intermediate,13,TikTok / Reels,76,1,45,11,18.3,7.55,16.9,16.2,2,1.4,Mild Deficit
USR-07788,55,Male,Student,Morning Lark,36,Messaging / Chat,34,1,218,35,37.4,7.81,14.6,14.9,2,2.1,Optimal Recovery
USR-07789,18,Female,Remote Tech,Morning Lark,33,TikTok / Reels,25,1,30,77,37.2,7.98,24.3,18.5,1,1.0,Optimal Recovery
USR-07790,35,Female,Corporate 9-to-5,Intermediate,53,Messaging / Chat,86,0,24,2,30.8,5.62,20.5,19.5,3,3.7,Moderate Debt
USR-07791,34,Female,Corporate 9-to-5,Night Owl,33,YouTube,70,1,0,62,33.0,5.58,27.2,24.2,2,2.0,Moderate Debt
USR-07792,25,Female,Corporate 9-to-5,Intermediate,48,YouTube,48,0,61,31,55.4,7.11,21.4,20.2,2,3.3,Mild Deficit
USR-07793,30,Male,Student,Night Owl,60,Instagram / Reddit,78,0,0,51,41.2,5.11,26.3,19.8,4,4.6,Moderate Debt
USR-07794,38,Male,Remote Tech,Intermediate,13,Streaming (Netflix/Hulu),75,0,0,31,16.7,8.92,21.9,20.0,1,1.0,Optimal Recovery
USR-07795,41,Female,Student,Night Owl,44,Messaging / Chat,41,1,142,46,38.7,5.36,21.9,16.9,3,5.9,Moderate Debt
USR-07796,18,Female,Remote Tech,Intermediate,38,Streaming (Netflix/Hulu),59,0,93,18,30.4,7.42,15.3,19.4,1,1.0,Mild Deficit
USR-07797,56,Female,Healthcare / Shift Worker,Morning Lark,44,Instagram / Reddit,53,0,0,0,31.8,6.52,23.0,20.8,2,2.1,Moderate Debt
USR-07798,23,Male,Freelance / Creative,Morning Lark,44,TikTok / Reels,42,0,59,46,41.1,8.74,24.8,15.8,2,1.0,Optimal Recovery
USR-07799,25,Female,Student,Night Owl,11,YouTube,56,1,0,61,23.3,5.73,24.6,18.9,3,3.4,Moderate Debt
USR-07800,26,Male,Healthcare / Shift Worker,Intermediate,140,TikTok / Reels,70,0,0,43,87.9,3.2,19.7,18.1,7,10.0,Severe Sleep Debt
USR-07801,19,Female,Remote Tech,Morning Lark,55,TikTok / Reels,36,0,0,67,46.5,7.51,22.0,19.0,2,2.1,Mild Deficit
USR-07802,22,Male,Freelance / Creative,Morning Lark,94,TikTok / Reels,71,0,0,12,61.8,6.05,20.5,17.5,5,6.0,Moderate Debt
USR-07803,63,Female,Healthcare / Shift Worker,Intermediate,27,YouTube,18,0,140,52,33.0,5.49,25.2,17.5,4,4.1,Moderate Debt
USR-07804,27,Female,Freelance / Creative,Night Owl,109,TikTok / Reels,59,1,0,29,70.3,3.81,18.4,18.4,6,9.6,Severe Sleep Debt
USR-07805,21,Male,Student,Intermediate,54,TikTok / Reels,40,1,147,80,43.9,6.51,19.5,17.2,3,4.5,Moderate Debt
USR-07806,21,Male,Student,Intermediate,76,YouTube,87,1,96,4,42.0,5.49,19.4,18.6,4,5.5,Moderate Debt
USR-07807,41,Female,Remote Tech,Night Owl,16,TikTok / Reels,23,1,41,40,18.0,6.03,19.7,19.1,2,2.2,Moderate Debt
USR-07808,48,Female,Corporate 9-to-5,Intermediate,39,YouTube,50,1,103,23,33.2,7.89,21.8,20.2,1,1.0,Optimal Recovery
USR-07809,26,Female,Remote Tech,Night Owl,57,YouTube,38,0,0,13,34.2,5.35,19.6,20.4,3,4.7,Moderate Debt
USR-07810,18,Female,Healthcare / Shift Worker,Intermediate,141,TikTok / Reels,44,1,0,63,77.2,4.1,21.2,17.2,6,8.4,Moderate Debt
USR-07811,25,Male,Corporate 9-to-5,Night Owl,70,TikTok / Reels,32,1,27,0,44.4,4.51,24.6,18.7,4,6.2,Moderate Debt
USR-07812,20,Male,Remote Tech,Morning Lark,22,YouTube,58,1,49,22,32.6,7.31,23.1,17.6,2,1.0,Mild Deficit
USR-07813,21,Female,Remote Tech,Night Owl,24,YouTube,60,1,70,30,33.2,4.05,23.6,17.7,5,7.2,Moderate Debt
USR-07814,30,Female,Remote Tech,Intermediate,14,News / Reading,20,0,0,25,10.1,8.11,27.1,24.8,0,1.0,Optimal Recovery
USR-07815,25,Female,Healthcare / Shift Worker,Morning Lark,29,TikTok / Reels,67,1,0,44,37.8,6.35,22.3,15.5,2,2.7,Moderate Debt
USR-07816,33,Female,Healthcare / Shift Worker,Intermediate,110,Streaming (Netflix/Hulu),23,0,0,31,52.8,3.9,20.0,22.7,6,9.0,Severe Sleep Debt
USR-07817,25,Female,Remote Tech,Intermediate,67,TikTok / Reels,56,1,0,24,36.7,7.72,24.6,16.3,1,1.0,Mild Deficit
USR-07818,56,Male,Corporate 9-to-5,Morning Lark,76,TikTok / Reels,90,0,153,56,77.2,8.18,20.2,16.1,4,3.6,Optimal Recovery
USR-07819,53,Female,Remote Tech,Intermediate,110,YouTube,38,0,27,33,60.7,5.41,18.7,21.4,3,7.3,Moderate Debt
USR-07820,35,Male,Remote Tech,Night Owl,77,Instagram / Reddit,49,0,0,46,33.9,4.1,20.8,14.9,5,6.8,Moderate Debt
USR-07821,28,Male,Remote Tech,Intermediate,18,TikTok / Reels,39,0,0,2,13.4,7.9,20.3,17.2,2,1.0,Optimal Recovery
USR-07822,29,Male,Corporate 9-to-5,Intermediate,88,Instagram / Reddit,42,0,0,22,49.1,4.75,27.2,18.1,4,6.0,Moderate Debt
USR-07823,29,Male,Remote Tech,Morning Lark,159,Streaming (Netflix/Hulu),61,0,0,27,66.9,4.83,19.7,19.1,5,8.3,Moderate Debt
USR-07824,41,Male,Corporate 9-to-5,Morning Lark,18,TikTok / Reels,87,0,0,64,20.0,8.96,22.0,18.4,1,1.0,Optimal Recovery
USR-07825,31,Male,Student,Intermediate,61,TikTok / Reels,54,0,0,51,66.1,6.54,18.1,16.0,3,4.9,Moderate Debt
USR-07826,49,Female,Corporate 9-to-5,Night Owl,108,Instagram / Reddit,79,1,0,0,63.0,4.48,20.8,20.2,4,7.2,Moderate Debt
USR-07827,57,Female,Remote Tech,Night Owl,92,YouTube,40,1,0,47,50.0,3.66,23.0,21.4,5,8.0,Moderate Debt
USR-07828,28,Female,Corporate 9-to-5,Intermediate,160,Streaming (Netflix/Hulu),77,0,0,78,72.7,4.47,23.2,19.0,4,7.8,Moderate Debt
USR-07829,34,Male,Freelance / Creative,Intermediate,111,News / Reading,88,0,82,48,53.0,5.02,19.7,17.9,3,7.3,Moderate Debt
USR-07830,21,Male,Remote Tech,Intermediate,32,TikTok / Reels,79,1,0,12,26.6,8.68,16.3,18.5,1,1.0,Optimal Recovery
USR-07831,24,Female,Corporate 9-to-5,Intermediate,99,Instagram / Reddit,70,1,0,30,56.5,5.08,26.1,19.4,6,7.0,Moderate Debt
USR-07832,30,Male,Remote Tech,Intermediate,51,Streaming (Netflix/Hulu),68,0,60,46,29.3,6.06,20.6,19.9,3,3.8,Moderate Debt
USR-07833,24,Male,Healthcare / Shift Worker,Night Owl,43,Instagram / Reddit,40,1,0,17,32.1,3.2,19.3,21.4,3,7.4,Moderate Debt
USR-07834,50,Male,Student,Morning Lark,33,YouTube,25,1,0,39,28.5,7.56,25.4,18.1,0,1.0,Mild Deficit
USR-07835,23,Male,Student,Night Owl,101,TikTok / Reels,68,1,20,64,57.8,4.22,20.3,15.9,5,9.2,Severe Sleep Debt
USR-07836,31,Non-Binary,Corporate 9-to-5,Morning Lark,20,Instagram / Reddit,39,0,22,47,22.4,8.23,20.0,21.8,1,1.0,Optimal Recovery
USR-07837,36,Female,Student,Intermediate,59,Streaming (Netflix/Hulu),41,1,0,23,33.6,6.53,20.7,17.1,2,2.4,Moderate Debt
USR-07838,39,Female,Student,Night Owl,33,News / Reading,25,1,96,68,28.0,5.87,25.4,17.0,3,3.6,Moderate Debt
USR-07839,29,Male,Remote Tech,Intermediate,53,Instagram / Reddit,44,1,0,11,31.3,6.87,19.8,20.5,1,1.0,Mild Deficit
USR-07840,50,Female,Healthcare / Shift Worker,Morning Lark,46,Instagram / Reddit,77,1,0,42,35.6,5.19,20.5,16.8,3,5.2,Moderate Debt
USR-07841,35,Female,Corporate 9-to-5,Morning Lark,55,News / Reading,74,1,0,0,44.3,7.27,25.1,22.1,2,1.6,Mild Deficit
USR-07842,30,Male,Corporate 9-to-5,Intermediate,67,YouTube,29,0,0,9,28.7,7.25,25.8,21.3,1,1.0,Mild Deficit
USR-07843,20,Male,Healthcare / Shift Worker,Morning Lark,30,TikTok / Reels,36,0,0,19,29.8,7.01,23.6,20.0,1,1.0,Mild Deficit
USR-07844,31,Male,Student,Intermediate,20,Streaming (Netflix/Hulu),19,0,25,49,17.8,7.84,23.1,20.3,1,1.0,Optimal Recovery
USR-07845,46,Female,Corporate 9-to-5,Intermediate,29,YouTube,62,0,102,44,40.5,6.67,18.2,15.4,4,4.1,Moderate Debt
USR-07846,36,Male,Remote Tech,Night Owl,59,News / Reading,59,1,0,31,36.9,6.1,23.0,18.3,3,3.3,Moderate Debt
USR-07847,47,Female,Healthcare / Shift Worker,Morning Lark,54,Instagram / Reddit,60,0,0,58,44.3,5.86,22.2,24.0,2,3.2,Moderate Debt
USR-07848,32,Female,Corporate 9-to-5,Intermediate,30,TikTok / Reels,46,0,70,36,29.8,6.67,20.7,18.6,1,1.9,Moderate Debt
USR-07849,22,Male,Corporate 9-to-5,Intermediate,58,TikTok / Reels,68,1,0,55,31.8,6.77,26.6,19.7,4,2.8,Mild Deficit
USR-07850,18,Female,Corporate 9-to-5,Intermediate,105,Instagram / Reddit,49,0,56,63,58.1,5.08,18.5,17.7,4,7.7,Moderate Debt
USR-07851,27,Female,Freelance / Creative,Morning Lark,54,TikTok / Reels,74,1,65,19,49.0,6.44,20.1,17.5,4,4.8,Moderate Debt
USR-07852,40,Male,Freelance / Creative,Intermediate,28,YouTube,33,0,196,21,42.7,6.44,19.6,10.3,1,3.7,Moderate Debt
USR-07853,44,Female,Remote Tech,Intermediate,17,Streaming (Netflix/Hulu),72,1,39,0,22.7,7.48,21.1,20.5,1,1.0,Mild Deficit
USR-07854,27,Male,Remote Tech,Morning Lark,53,TikTok / Reels,64,0,0,34,48.5,7.52,19.4,16.4,3,2.2,Mild Deficit
USR-07855,32,Male,Corporate 9-to-5,Night Owl,26,TikTok / Reels,68,1,0,67,25.2,5.84,24.5,17.2,3,2.8,Moderate Debt
USR-07856,30,Non-Binary,Corporate 9-to-5,Night Owl,41,Streaming (Netflix/Hulu),49,1,0,44,24.7,5.5,19.8,19.1,3,2.9,Moderate Debt
USR-07857,29,Female,Healthcare / Shift Worker,Morning Lark,68,TikTok / Reels,90,1,136,43,70.4,5.85,23.0,16.7,3,5.9,Moderate Debt
USR-07858,25,Male,Corporate 9-to-5,Intermediate,64,Messaging / Chat,41,0,0,57,37.2,7.9,25.3,21.0,2,1.1,Optimal Recovery
USR-07859,22,Female,Remote Tech,Intermediate,107,TikTok / Reels,100,1,0,70,69.0,5.56,21.4,20.4,6,7.8,Moderate Debt
USR-07860,24,Male,Student,Morning Lark,12,YouTube,64,0,55,46,24.2,8.01,19.4,21.6,1,1.0,Optimal Recovery
USR-07861,19,Female,Corporate 9-to-5,Intermediate,45,TikTok / Reels,78,0,78,50,36.6,5.91,22.2,21.6,3,3.6,Moderate Debt
USR-07862,24,Female,Remote Tech,Night Owl,46,TikTok / Reels,84,1,0,34,39.3,5.13,25.3,16.3,2,4.4,Moderate Debt
USR-07863,18,Male,Remote Tech,Intermediate,59,Streaming (Netflix/Hulu),71,1,0,43,40.0,5.26,17.9,20.2,3,5.6,Moderate Debt
USR-07864,37,Female,Student,Night Owl,22,Streaming (Netflix/Hulu),93,0,0,57,27.8,6.62,27.7,17.4,2,2.4,Moderate Debt
USR-07865,27,Female,Corporate 9-to-5,Intermediate,32,TikTok / Reels,74,0,0,24,37.3,6.44,20.5,21.3,2,1.7,Moderate Debt
USR-07866,61,Female,Corporate 9-to-5,Morning Lark,20,YouTube,70,1,177,34,27.7,8.34,19.6,16.2,1,1.0,Optimal Recovery
USR-07867,24,Male,Remote Tech,Morning Lark,62,TikTok / Reels,64,0,0,22,47.5,7.03,21.1,21.8,3,3.7,Mild Deficit
USR-07868,28,Female,Freelance / Creative,Night Owl,30,YouTube,63,1,0,50,32.7,6.3,24.3,22.7,1,1.0,Moderate Debt
USR-07869,28,Female,Corporate 9-to-5,Intermediate,91,Instagram / Reddit,77,1,51,32,53.9,5.57,20.8,19.3,5,6.0,Moderate Debt
USR-07870,18,Female,Freelance / Creative,Morning Lark,83,TikTok / Reels,38,1,102,43,58.3,6.27,21.4,14.4,4,4.6,Moderate Debt
USR-07871,47,Male,Student,Intermediate,98,YouTube,52,0,0,0,49.3,6.22,17.2,18.7,2,4.7,Moderate Debt
USR-07872,19,Male,Healthcare / Shift Worker,Night Owl,38,Instagram / Reddit,65,1,0,2,25.2,4.51,18.6,21.3,3,5.8,Moderate Debt
USR-07873,56,Female,Corporate 9-to-5,Night Owl,39,Streaming (Netflix/Hulu),40,0,64,54,28.5,4.75,24.5,20.0,3,5.5,Moderate Debt
USR-07874,52,Female,Corporate 9-to-5,Morning Lark,41,YouTube,74,1,0,17,29.7,6.95,24.6,23.3,2,2.4,Mild Deficit
USR-07875,33,Female,Corporate 9-to-5,Intermediate,28,YouTube,51,1,146,13,42.3,6.61,16.5,16.3,3,4.1,Moderate Debt
USR-07876,34,Female,Remote Tech,Night Owl,19,Messaging / Chat,29,0,0,16,17.6,5.99,24.2,20.4,0,1.0,Moderate Debt
USR-07877,38,Female,Freelance / Creative,Night Owl,25,Streaming (Netflix/Hulu),43,0,0,39,27.9,5.38,21.1,21.2,4,4.5,Moderate Debt
USR-07878,29,Female,Corporate 9-to-5,Intermediate,122,TikTok / Reels,74,0,96,25,89.1,5.61,19.2,20.5,7,9.2,Moderate Debt
USR-07879,38,Male,Remote Tech,Night Owl,36,YouTube,34,1,30,25,27.0,4.02,22.0,19.3,4,6.9,Moderate Debt
USR-07880,19,Male,Corporate 9-to-5,Morning Lark,141,News / Reading,36,0,0,21,60.5,5.99,24.6,21.2,2,4.3,Moderate Debt
USR-07881,19,Female,Student,Morning Lark,34,YouTube,65,0,83,51,36.7,7.25,21.0,15.3,2,2.6,Mild Deficit
USR-07882,31,Male,Corporate 9-to-5,Morning Lark,58,Streaming (Netflix/Hulu),29,0,0,26,37.8,7.12,28.0,24.3,2,1.0,Mild Deficit
USR-07883,34,Male,Corporate 9-to-5,Morning Lark,64,TikTok / Reels,66,0,0,28,43.5,6.63,19.5,20.5,1,2.2,Moderate Debt
USR-07884,51,Male,Corporate 9-to-5,Night Owl,52,Messaging / Chat,14,0,24,18,38.5,5.2,19.1,18.6,3,3.7,Moderate Debt
USR-07885,21,Male,Student,Intermediate,34,Instagram / Reddit,65,0,0,45,21.1,7.97,23.2,17.7,0,1.0,Optimal Recovery
USR-07886,46,Female,Corporate 9-to-5,Intermediate,10,TikTok / Reels,53,1,0,74,14.9,8.79,23.5,18.0,1,1.0,Optimal Recovery
USR-07887,24,Female,Corporate 9-to-5,Night Owl,49,YouTube,88,1,20,48,30.8,5.09,19.9,15.5,3,4.6,Moderate Debt
USR-07888,29,Male,Corporate 9-to-5,Night Owl,28,TikTok / Reels,16,1,0,48,9.2,6.76,21.6,24.4,1,1.0,Mild Deficit
USR-07889,27,Female,Freelance / Creative,Morning Lark,35,Instagram / Reddit,42,0,0,57,33.1,8.01,26.0,16.9,1,1.0,Optimal Recovery
USR-07890,29,Female,Remote Tech,Intermediate,34,Instagram / Reddit,65,1,62,26,22.4,7.24,24.6,19.2,1,1.0,Mild Deficit
USR-07891,23,Female,Student,Night Owl,122,YouTube,54,1,0,31,56.5,4.65,22.1,21.1,4,5.4,Moderate Debt
USR-07892,32,Female,Student,Night Owl,24,Instagram / Reddit,45,0,0,0,29.1,6.46,23.3,19.9,2,1.1,Moderate Debt
USR-07893,45,Male,Corporate 9-to-5,Night Owl,139,Instagram / Reddit,20,1,0,46,69.7,3.2,25.7,17.8,6,8.8,Severe Sleep Debt
USR-07894,30,Female,Remote Tech,Morning Lark,158,TikTok / Reels,63,1,25,35,91.8,4.18,17.6,20.6,7,10.0,Severe Sleep Debt
USR-07895,32,Female,Corporate 9-to-5,Intermediate,89,YouTube,100,0,0,21,62.0,6.88,15.1,18.6,3,4.6,Mild Deficit
USR-07896,48,Female,Remote Tech,Night Owl,5,TikTok / Reels,40,1,0,39,24.9,5.65,24.8,16.3,4,2.3,Moderate Debt
USR-07897,40,Female,Remote Tech,Night Owl,18,YouTube,57,0,90,75,43.3,5.85,22.4,19.5,3,3.6,Moderate Debt
USR-07898,32,Non-Binary,Remote Tech,Intermediate,101,News / Reading,62,1,0,36,33.1,6.58,22.8,22.7,3,3.9,Moderate Debt
USR-07899,26,Female,Corporate 9-to-5,Morning Lark,23,TikTok / Reels,47,1,0,39,21.9,9.8,25.5,17.3,1,1.0,Optimal Recovery
USR-07900,51,Male,Corporate 9-to-5,Night Owl,55,Instagram / Reddit,54,1,106,75,42.3,4.8,20.7,14.7,4,7.4,Moderate Debt
USR-07901,35,Male,Healthcare / Shift Worker,Intermediate,34,Messaging / Chat,34,0,0,61,14.5,5.42,25.9,23.1,3,2.6,Moderate Debt
USR-07902,25,Male,Student,Intermediate,106,YouTube,27,0,0,55,42.2,6.52,23.5,19.6,2,1.3,Moderate Debt
USR-07903,26,Female,Corporate 9-to-5,Intermediate,53,YouTube,85,1,0,76,45.0,8.11,24.0,21.5,2,1.0,Optimal Recovery
USR-07904,45,Female,Corporate 9-to-5,Intermediate,58,TikTok / Reels,53,0,0,16,44.2,6.12,18.1,18.3,2,4.7,Moderate Debt
USR-07905,19,Male,Healthcare / Shift Worker,Intermediate,180,TikTok / Reels,66,1,0,80,109.6,3.2,21.5,18.2,7,10.0,Severe Sleep Debt
USR-07906,64,Male,Student,Intermediate,141,Instagram / Reddit,64,1,0,57,73.8,3.86,17.9,24.1,4,8.8,Severe Sleep Debt
USR-07907,22,Female,Freelance / Creative,Morning Lark,53,TikTok / Reels,36,1,0,63,34.8,7.98,22.5,17.7,0,1.0,Optimal Recovery
USR-07908,44,Female,Corporate 9-to-5,Night Owl,8,TikTok / Reels,29,0,28,50,20.0,5.94,23.4,18.3,2,3.9,Moderate Debt
USR-07909,29,Female,Remote Tech,Night Owl,80,YouTube,43,1,0,17,46.4,3.9,18.5,17.5,5,7.5,Moderate Debt
USR-07910,32,Male,Corporate 9-to-5,Night Owl,171,Messaging / Chat,59,0,25,0,79.4,3.2,19.0,21.6,6,10.0,Severe Sleep Debt
USR-07911,51,Female,Student,Night Owl,10,TikTok / Reels,38,0,56,44,22.5,5.47,24.2,19.0,2,3.2,Moderate Debt
USR-07912,30,Male,Corporate 9-to-5,Intermediate,86,TikTok / Reels,46,0,0,22,60.7,6.24,18.8,18.6,4,5.3,Moderate Debt
USR-07913,34,Male,Corporate 9-to-5,Morning Lark,110,TikTok / Reels,15,0,250,19,80.8,6.01,19.0,12.7,4,7.2,Moderate Debt
USR-07914,19,Male,Corporate 9-to-5,Morning Lark,53,Instagram / Reddit,54,0,0,26,34.5,7.36,23.3,21.7,1,1.0,Mild Deficit
USR-07915,18,Male,Student,Morning Lark,56,Instagram / Reddit,57,1,0,0,40.4,8.64,24.9,19.1,2,1.0,Optimal Recovery
USR-07916,25,Female,Remote Tech,Intermediate,53,TikTok / Reels,55,1,44,13,47.1,7.36,18.8,20.2,1,1.4,Mild Deficit
USR-07917,39,Male,Student,Intermediate,21,Messaging / Chat,35,0,0,2,26.7,7.92,22.8,19.5,2,1.0,Optimal Recovery
USR-07918,22,Male,Healthcare / Shift Worker,Night Owl,180,Instagram / Reddit,35,0,46,8,100.9,3.2,15.7,19.8,7,10.0,Severe Sleep Debt
USR-07919,21,Male,Student,Intermediate,15,YouTube,33,1,0,17,10.7,7.56,16.2,19.4,0,1.0,Mild Deficit
USR-07920,29,Female,Remote Tech,Intermediate,87,TikTok / Reels,47,1,0,32,51.6,4.86,21.4,16.4,4,6.0,Moderate Debt
USR-07921,38,Male,Freelance / Creative,Intermediate,83,YouTube,41,0,0,46,31.4,6.54,22.0,18.2,2,2.6,Moderate Debt
USR-07922,40,Female,Remote Tech,Morning Lark,23,News / Reading,83,1,0,75,19.1,9.24,23.6,20.9,1,1.0,Optimal Recovery
USR-07923,23,Female,Corporate 9-to-5,Night Owl,56,Messaging / Chat,91,1,0,5,55.5,5.57,21.3,19.5,3,5.2,Moderate Debt
USR-07924,20,Male,Freelance / Creative,Intermediate,19,Instagram / Reddit,73,1,0,61,26.1,7.54,25.2,19.7,1,1.0,Mild Deficit
USR-07925,56,Male,Corporate 9-to-5,Intermediate,72,Instagram / Reddit,57,1,45,27,43.2,6.11,15.5,21.2,4,4.4,Moderate Debt
USR-07926,26,Male,Remote Tech,Night Owl,114,TikTok / Reels,49,1,0,0,69.2,4.83,20.6,15.1,5,8.4,Moderate Debt
USR-07927,48,Female,Corporate 9-to-5,Intermediate,57,News / Reading,38,0,73,14,39.1,6.9,22.9,21.1,2,2.8,Mild Deficit
USR-07928,49,Male,Remote Tech,Intermediate,84,Streaming (Netflix/Hulu),56,1,0,51,36.9,6.84,24.2,19.6,2,1.7,Mild Deficit
USR-07929,43,Female,Remote Tech,Intermediate,25,YouTube,52,0,0,38,23.6,6.34,25.1,21.2,2,1.9,Moderate Debt
USR-07930,23,Male,Corporate 9-to-5,Night Owl,25,Streaming (Netflix/Hulu),34,0,0,0,26.2,5.16,24.3,21.7,4,4.6,Moderate Debt
USR-07931,46,Female,Remote Tech,Morning Lark,54,YouTube,39,0,0,43,29.4,8.09,19.3,22.1,1,1.0,Optimal Recovery
USR-07932,43,Male,Student,Night Owl,18,YouTube,16,0,20,11,17.1,5.89,22.9,19.7,2,2.9,Moderate Debt
USR-07933,36,Male,Corporate 9-to-5,Night Owl,23,Messaging / Chat,35,0,0,22,21.6,5.9,19.4,20.8,2,2.7,Moderate Debt
USR-07934,28,Female,Remote Tech,Intermediate,33,YouTube,63,1,0,28,31.3,8.15,22.3,17.9,1,1.0,Optimal Recovery
USR-07935,26,Female,Corporate 9-to-5,Intermediate,72,YouTube,76,0,88,37,45.4,6.85,17.1,18.0,2,4.3,Mild Deficit
USR-07936,22,Male,Healthcare / Shift Worker,Night Owl,25,YouTube,66,0,76,49,65.3,3.78,18.1,16.0,5,9.6,Severe Sleep Debt
USR-07937,33,Male,Student,Intermediate,51,TikTok / Reels,45,1,0,42,38.0,6.78,26.9,20.3,1,1.0,Mild Deficit
USR-07938,35,Male,Healthcare / Shift Worker,Night Owl,86,YouTube,22,1,101,57,57.9,3.2,23.0,16.6,7,9.4,Severe Sleep Debt
USR-07939,28,Male,Corporate 9-to-5,Intermediate,36,YouTube,31,0,49,45,22.2,6.62,23.0,17.4,4,3.3,Moderate Debt
USR-07940,31,Female,Corporate 9-to-5,Intermediate,37,YouTube,64,1,0,40,44.6,6.91,24.9,21.7,2,3.2,Mild Deficit
USR-07941,28,Female,Corporate 9-to-5,Intermediate,73,YouTube,63,1,20,27,33.5,7.22,20.1,18.2,2,2.8,Mild Deficit
USR-07942,37,Female,Corporate 9-to-5,Intermediate,59,Instagram / Reddit,42,0,0,19,45.1,6.43,17.4,21.7,2,3.5,Moderate Debt
USR-07943,52,Female,Remote Tech,Morning Lark,39,News / Reading,47,1,174,61,54.3,7.35,22.0,17.8,2,3.9,Mild Deficit
USR-07944,23,Male,Freelance / Creative,Night Owl,28,TikTok / Reels,94,1,0,22,25.2,6.0,18.1,18.3,2,4.4,Moderate Debt
USR-07945,29,Female,Remote Tech,Intermediate,32,YouTube,20,0,0,74,16.6,7.58,25.0,22.4,0,1.0,Mild Deficit
USR-07946,22,Male,Freelance / Creative,Night Owl,87,News / Reading,55,1,28,56,42.0,5.27,20.7,18.0,3,4.3,Moderate Debt
USR-07947,37,Male,Corporate 9-to-5,Morning Lark,36,YouTube,31,0,75,59,28.4,8.49,22.9,15.7,0,1.0,Optimal Recovery
USR-07948,41,Male,Freelance / Creative,Intermediate,180,Messaging / Chat,32,0,0,19,81.9,3.99,19.0,20.7,5,8.4,Moderate Debt
USR-07949,55,Male,Corporate 9-to-5,Night Owl,30,TikTok / Reels,63,0,0,56,23.0,7.04,22.6,16.6,3,1.0,Mild Deficit
USR-07950,26,Female,Freelance / Creative,Night Owl,77,Streaming (Netflix/Hulu),89,0,0,77,39.9,5.52,23.4,21.0,2,4.3,Moderate Debt
USR-07951,58,Male,Corporate 9-to-5,Night Owl,79,Instagram / Reddit,67,0,0,60,53.8,4.22,20.0,18.8,4,7.2,Moderate Debt
USR-07952,20,Female,Freelance / Creative,Night Owl,66,News / Reading,86,0,121,83,50.8,3.51,18.8,18.1,4,9.2,Severe Sleep Debt
USR-07953,36,Female,Corporate 9-to-5,Morning Lark,17,TikTok / Reels,16,0,0,47,19.0,8.95,20.9,20.7,0,1.0,Optimal Recovery
USR-07954,20,Male,Corporate 9-to-5,Night Owl,98,Instagram / Reddit,65,0,30,66,65.3,5.07,13.7,15.6,6,9.1,Severe Sleep Debt
USR-07955,52,Female,Remote Tech,Morning Lark,50,Streaming (Netflix/Hulu),73,1,116,48,32.6,7.56,19.7,18.4,0,1.4,Mild Deficit
USR-07956,33,Non-Binary,Remote Tech,Morning Lark,118,Streaming (Netflix/Hulu),50,1,0,4,56.1,6.23,22.0,27.0,3,3.6,Moderate Debt
USR-07957,39,Male,Student,Morning Lark,42,TikTok / Reels,72,0,0,61,32.5,9.0,23.4,18.5,0,1.0,Optimal Recovery
USR-07958,47,Male,Freelance / Creative,Night Owl,41,YouTube,100,1,0,19,39.2,5.93,26.0,19.6,2,2.7,Moderate Debt
USR-07959,23,Female,Student,Morning Lark,69,TikTok / Reels,58,1,161,4,57.0,7.51,18.0,14.6,3,3.7,Mild Deficit
USR-07960,19,Male,Student,Morning Lark,50,TikTok / Reels,47,0,0,28,41.2,8.78,21.7,18.8,1,1.0,Optimal Recovery
USR-07961,50,Female,Corporate 9-to-5,Morning Lark,18,Streaming (Netflix/Hulu),78,1,0,44,16.7,7.59,25.2,21.9,2,1.0,Mild Deficit
USR-07962,27,Male,Student,Intermediate,87,TikTok / Reels,77,1,33,23,67.2,6.39,20.7,18.3,3,4.4,Moderate Debt
USR-07963,22,Female,Remote Tech,Night Owl,15,Instagram / Reddit,50,1,20,61,14.5,5.89,24.4,17.2,2,1.3,Moderate Debt
USR-07964,31,Male,Healthcare / Shift Worker,Intermediate,97,Instagram / Reddit,44,0,161,16,67.6,4.3,17.4,14.2,6,7.8,Moderate Debt
USR-07965,36,Female,Remote Tech,Intermediate,26,TikTok / Reels,77,1,0,44,34.7,6.82,28.0,22.6,2,1.0,Mild Deficit
USR-07966,19,Female,Student,Morning Lark,163,TikTok / Reels,46,0,20,32,96.7,5.54,20.7,19.7,5,7.8,Moderate Debt
USR-07967,26,Female,Corporate 9-to-5,Intermediate,17,TikTok / Reels,54,0,0,32,21.7,7.99,23.7,20.4,1,1.0,Optimal Recovery
USR-07968,19,Female,Corporate 9-to-5,Morning Lark,19,YouTube,61,1,0,46,18.2,7.97,28.0,19.6,0,1.0,Optimal Recovery
USR-07969,30,Male,Remote Tech,Intermediate,25,Streaming (Netflix/Hulu),51,1,0,53,20.8,7.9,25.3,16.9,0,1.0,Optimal Recovery
USR-07970,52,Female,Corporate 9-to-5,Intermediate,95,Streaming (Netflix/Hulu),55,0,0,41,52.3,6.26,20.2,23.6,4,4.0,Moderate Debt
USR-07971,62,Female,Corporate 9-to-5,Intermediate,74,News / Reading,38,0,96,55,43.1,7.19,18.8,20.3,3,3.1,Mild Deficit
USR-07972,37,Male,Corporate 9-to-5,Night Owl,100,YouTube,66,0,0,44,60.7,4.26,18.9,18.0,7,7.8,Moderate Debt
USR-07973,23,Female,Healthcare / Shift Worker,Night Owl,78,Instagram / Reddit,47,1,0,83,44.3,4.39,26.9,14.6,4,5.8,Moderate Debt
USR-07974,53,Female,Corporate 9-to-5,Morning Lark,50,Streaming (Netflix/Hulu),86,0,22,0,33.2,8.02,22.6,20.2,2,1.0,Optimal Recovery
USR-07975,33,Male,Healthcare / Shift Worker,Morning Lark,113,TikTok / Reels,57,0,0,0,73.4,4.82,20.3,21.3,5,8.2,Moderate Debt
USR-07976,23,Female,Corporate 9-to-5,Night Owl,140,Messaging / Chat,76,0,0,45,77.2,4.19,18.3,19.1,4,9.6,Severe Sleep Debt
USR-07977,54,Female,Corporate 9-to-5,Morning Lark,23,News / Reading,68,0,0,4,18.3,8.16,22.1,24.5,0,1.0,Optimal Recovery
USR-07978,42,Female,Remote Tech,Intermediate,109,YouTube,77,0,102,39,68.4,5.24,16.5,18.7,4,7.9,Moderate Debt
USR-07979,41,Female,Remote Tech,Intermediate,108,Instagram / Reddit,46,0,0,40,56.4,6.07,22.2,19.3,4,5.2,Moderate Debt
USR-07980,40,Male,Remote Tech,Night Owl,27,Messaging / Chat,31,1,28,0,22.6,6.11,20.4,20.0,3,3.6,Moderate Debt
USR-07981,24,Female,Remote Tech,Intermediate,33,YouTube,37,1,59,45,22.4,7.38,24.1,20.5,2,1.0,Mild Deficit
USR-07982,24,Male,Corporate 9-to-5,Morning Lark,91,Instagram / Reddit,36,0,42,49,56.0,7.02,20.9,20.8,1,3.4,Mild Deficit
USR-07983,39,Female,Student,Morning Lark,36,TikTok / Reels,39,1,0,24,32.4,8.0,22.4,17.0,2,1.0,Optimal Recovery
USR-07984,25,Female,Remote Tech,Morning Lark,58,TikTok / Reels,32,1,93,65,54.9,7.57,24.0,14.2,1,2.7,Mild Deficit
USR-07985,30,Female,Corporate 9-to-5,Intermediate,61,TikTok / Reels,53,0,50,1,38.6,6.07,20.2,16.0,3,3.8,Moderate Debt
USR-07986,44,Male,Healthcare / Shift Worker,Intermediate,25,Instagram / Reddit,70,0,0,29,33.1,6.15,24.1,19.7,2,2.5,Moderate Debt
USR-07987,44,Male,Student,Night Owl,25,Messaging / Chat,29,1,64,54,27.5,6.21,26.0,21.4,2,2.6,Moderate Debt
USR-07988,31,Male,Remote Tech,Intermediate,22,Instagram / Reddit,42,1,0,56,22.3,7.51,22.3,19.1,0,1.0,Mild Deficit
USR-07989,44,Non-Binary,Healthcare / Shift Worker,Intermediate,75,Instagram / Reddit,75,1,57,49,50.0,5.07,18.8,18.0,5,7.7,Moderate Debt
USR-07990,47,Female,Freelance / Creative,Intermediate,17,YouTube,24,0,250,28,38.7,6.8,18.2,14.0,3,3.2,Mild Deficit
USR-07991,38,Female,Remote Tech,Morning Lark,96,TikTok / Reels,55,1,61,0,57.5,7.43,20.7,19.7,1,2.0,Mild Deficit
USR-07992,25,Female,Corporate 9-to-5,Night Owl,35,Instagram / Reddit,67,1,52,17,30.9,4.15,18.0,17.7,5,7.8,Moderate Debt
USR-07993,26,Female,Freelance / Creative,Morning Lark,58,YouTube,97,1,0,49,34.7,8.54,22.3,22.9,2,1.0,Optimal Recovery
USR-07994,27,Female,Corporate 9-to-5,Intermediate,21,Messaging / Chat,10,1,34,64,18.8,6.97,25.5,19.1,1,1.0,Mild Deficit
USR-07995,21,Female,Corporate 9-to-5,Morning Lark,165,YouTube,29,0,49,60,79.4,4.77,21.6,17.7,5,8.9,Severe Sleep Debt
USR-07996,26,Female,Corporate 9-to-5,Intermediate,79,YouTube,61,0,0,69,33.3,5.24,21.4,17.6,3,4.4,Moderate Debt
USR-07997,24,Female,Student,Night Owl,77,News / Reading,48,1,0,79,32.9,4.36,21.9,24.7,6,5.4,Moderate Debt
USR-07998,31,Female,Freelance / Creative,Morning Lark,82,TikTok / Reels,10,0,20,36,50.3,6.89,22.0,16.6,1,2.1,Mild Deficit
USR-07999,53,Female,Student,Intermediate,73,YouTube,46,1,131,40,56.5,6.32,19.9,18.1,3,4.1,Moderate Debt
USR-08000,21,Male,Freelance / Creative,Morning Lark,23,YouTube,37,0,0,26,35.2,8.1,24.4,23.1,0,1.0,Optimal Recovery
USR-08001,41,Female,Corporate 9-to-5,Night Owl,28,Instagram / Reddit,22,0,0,21,28.5,6.06,20.3,18.0,3,3.1,Moderate Debt
USR-08002,39,Male,Corporate 9-to-5,Intermediate,49,Instagram / Reddit,47,1,82,16,38.2,6.87,19.7,19.1,3,4.1,Mild Deficit
USR-08003,21,Male,Student,Intermediate,75,TikTok / Reels,28,1,0,20,46.3,6.17,18.0,18.3,1,3.9,Moderate Debt
USR-08004,54,Female,Freelance / Creative,Intermediate,87,News / Reading,38,0,156,36,42.6,6.21,19.7,18.7,2,4.5,Moderate Debt
USR-08005,35,Female,Remote Tech,Night Owl,30,Streaming (Netflix/Hulu),81,0,0,60,20.2,5.77,24.8,22.4,2,3.0,Moderate Debt
USR-08006,28,Female,Corporate 9-to-5,Intermediate,46,TikTok / Reels,92,0,0,42,38.1,8.16,23.3,21.5,0,1.0,Optimal Recovery
USR-08007,42,Male,Corporate 9-to-5,Intermediate,131,YouTube,37,1,148,35,66.1,4.73,20.7,20.0,5,7.5,Moderate Debt
USR-08008,26,Female,Corporate 9-to-5,Intermediate,146,Streaming (Netflix/Hulu),57,0,216,34,93.8,3.85,20.5,17.2,7,10.0,Severe Sleep Debt
USR-08009,40,Female,Corporate 9-to-5,Intermediate,41,YouTube,67,0,0,23,25.0,7.13,18.7,21.0,1,1.6,Mild Deficit
USR-08010,19,Female,Corporate 9-to-5,Morning Lark,99,YouTube,38,0,135,27,60.7,7.37,19.7,19.0,2,3.6,Mild Deficit
USR-08011,47,Male,Freelance / Creative,Intermediate,15,TikTok / Reels,36,0,67,4,31.6,7.15,19.6,15.2,1,1.4,Mild Deficit
USR-08012,31,Female,Remote Tech,Morning Lark,41,YouTube,68,1,0,31,30.2,8.57,21.5,17.6,1,1.0,Optimal Recovery
USR-08013,37,Male,Student,Intermediate,109,Instagram / Reddit,50,0,0,31,63.5,5.43,22.2,21.9,4,5.0,Moderate Debt
USR-08014,25,Female,Corporate 9-to-5,Intermediate,124,Instagram / Reddit,51,0,0,22,73.3,5.23,18.1,16.4,6,7.2,Moderate Debt
USR-08015,39,Male,Corporate 9-to-5,Morning Lark,69,YouTube,32,0,65,27,58.3,7.07,23.7,18.7,2,2.7,Mild Deficit
USR-08016,43,Male,Remote Tech,Intermediate,9,News / Reading,35,1,0,68,11.0,7.34,23.2,18.5,0,1.0,Mild Deficit
USR-08017,31,Female,Healthcare / Shift Worker,Night Owl,8,YouTube,56,0,0,31,18.1,5.57,24.6,19.7,2,2.3,Moderate Debt
USR-08018,36,Male,Remote Tech,Intermediate,65,Streaming (Netflix/Hulu),46,1,0,0,34.1,7.35,22.1,20.3,2,2.2,Mild Deficit
USR-08019,31,Male,Healthcare / Shift Worker,Morning Lark,69,YouTube,57,0,0,47,37.5,5.59,24.6,20.1,4,4.3,Moderate Debt
USR-08020,52,Female,Healthcare / Shift Worker,Night Owl,174,Messaging / Chat,74,1,0,61,82.0,3.2,22.7,22.1,6,10.0,Severe Sleep Debt
USR-08021,32,Female,Corporate 9-to-5,Intermediate,31,News / Reading,58,0,0,73,23.4,7.62,23.9,17.7,0,1.0,Mild Deficit
USR-08022,47,Male,Corporate 9-to-5,Morning Lark,20,YouTube,42,0,0,0,25.7,9.54,25.4,21.7,0,1.0,Optimal Recovery
USR-08023,45,Male,Student,Intermediate,47,Instagram / Reddit,73,0,0,59,41.3,6.94,24.5,18.5,3,2.2,Mild Deficit
USR-08024,29,Male,Remote Tech,Intermediate,39,TikTok / Reels,54,0,20,38,32.2,7.36,22.4,15.6,2,1.3,Mild Deficit
USR-08025,25,Male,Corporate 9-to-5,Intermediate,80,Instagram / Reddit,81,0,23,58,65.5,6.43,21.9,18.7,3,5.1,Moderate Debt
USR-08026,29,Male,Remote Tech,Intermediate,89,Streaming (Netflix/Hulu),41,0,0,7,49.4,6.01,22.2,20.8,4,4.4,Moderate Debt
USR-08027,46,Female,Remote Tech,Intermediate,46,YouTube,53,0,72,79,36.8,7.08,21.9,22.6,3,2.6,Mild Deficit
USR-08028,25,Male,Freelance / Creative,Night Owl,86,YouTube,48,1,0,19,36.6,3.62,20.4,13.5,5,7.9,Moderate Debt
USR-08029,33,Female,Corporate 9-to-5,Intermediate,25,YouTube,57,1,20,19,33.9,6.96,20.4,17.0,2,2.8,Mild Deficit
USR-08030,45,Male,Corporate 9-to-5,Night Owl,62,YouTube,60,1,0,33,35.1,5.68,25.1,19.5,3,2.9,Moderate Debt
USR-08031,28,Male,Remote Tech,Night Owl,5,TikTok / Reels,55,0,0,51,18.3,6.68,24.0,21.3,3,1.6,Moderate Debt
USR-08032,37,Male,Student,Intermediate,31,TikTok / Reels,71,1,0,30,26.3,7.12,25.1,19.2,2,1.0,Mild Deficit
USR-08033,25,Female,Student,Night Owl,76,TikTok / Reels,63,0,78,59,63.5,4.68,19.9,19.0,4,8.0,Moderate Debt
USR-08034,21,Female,Freelance / Creative,Morning Lark,142,Messaging / Chat,100,1,0,26,65.8,5.0,16.6,19.4,6,9.6,Severe Sleep Debt
USR-08035,44,Female,Healthcare / Shift Worker,Intermediate,27,YouTube,100,0,73,34,36.7,4.97,24.8,21.2,3,5.5,Moderate Debt
USR-08036,21,Male,Remote Tech,Night Owl,63,TikTok / Reels,41,1,35,11,48.5,4.48,18.5,16.7,4,6.7,Moderate Debt
USR-08037,26,Male,Corporate 9-to-5,Morning Lark,27,YouTube,44,1,0,32,24.2,9.67,20.4,16.9,0,1.0,Optimal Recovery
USR-08038,48,Female,Remote Tech,Morning Lark,40,News / Reading,29,1,71,84,33.5,8.11,23.2,18.3,1,1.0,Optimal Recovery
USR-08039,28,Male,Student,Intermediate,71,Instagram / Reddit,87,0,78,52,47.7,6.06,16.6,18.7,1,5.0,Moderate Debt
USR-08040,61,Male,Healthcare / Shift Worker,Intermediate,23,YouTube,46,1,0,108,18.6,6.0,25.0,21.1,2,1.9,Moderate Debt
USR-08041,62,Female,Freelance / Creative,Intermediate,40,Streaming (Netflix/Hulu),60,1,100,67,33.0,7.33,25.5,19.8,1,1.1,Mild Deficit
USR-08042,26,Female,Student,Morning Lark,59,Instagram / Reddit,31,0,105,42,50.9,7.27,19.7,12.3,3,3.0,Mild Deficit
USR-08043,19,Male,Remote Tech,Morning Lark,62,Messaging / Chat,57,1,0,10,37.0,7.04,18.8,21.9,3,2.5,Mild Deficit
USR-08044,40,Male,Corporate 9-to-5,Intermediate,55,Messaging / Chat,20,0,83,63,35.5,7.28,24.4,17.6,2,1.6,Mild Deficit
USR-08045,31,Male,Corporate 9-to-5,Intermediate,59,TikTok / Reels,79,0,134,16,54.7,6.44,17.3,17.0,5,5.8,Moderate Debt
USR-08046,21,Male,Corporate 9-to-5,Intermediate,32,YouTube,92,0,0,11,34.4,7.33,23.7,16.2,2,1.0,Mild Deficit
USR-08047,40,Non-Binary,Corporate 9-to-5,Intermediate,28,Streaming (Netflix/Hulu),69,0,207,31,49.9,7.62,19.1,13.3,2,2.4,Mild Deficit
USR-08048,19,Female,Remote Tech,Intermediate,23,News / Reading,36,1,0,17,19.8,8.18,21.1,20.6,1,1.0,Optimal Recovery
USR-08049,50,Female,Corporate 9-to-5,Morning Lark,26,TikTok / Reels,66,0,0,63,36.4,8.92,21.2,20.1,0,1.0,Optimal Recovery
USR-08050,22,Female,Student,Night Owl,24,TikTok / Reels,59,0,0,21,38.3,5.27,24.4,18.9,5,4.1,Moderate Debt
USR-08051,22,Female,Remote Tech,Morning Lark,55,YouTube,83,0,0,65,49.4,8.31,21.6,19.0,2,1.0,Optimal Recovery
USR-08052,23,Female,Remote Tech,Morning Lark,27,YouTube,72,0,23,42,22.6,8.63,25.0,15.5,1,1.0,Optimal Recovery
USR-08053,59,Female,Remote Tech,Night Owl,59,Instagram / Reddit,34,1,129,29,49.2,5.32,19.1,17.1,4,5.0,Moderate Debt
USR-08054,40,Male,Corporate 9-to-5,Intermediate,47,YouTube,78,0,93,32,48.7,7.11,14.6,17.4,2,3.3,Mild Deficit
USR-08055,45,Male,Freelance / Creative,Intermediate,66,News / Reading,53,1,0,24,34.6,6.62,20.1,21.4,1,2.2,Moderate Debt
USR-08056,29,Female,Corporate 9-to-5,Intermediate,53,Streaming (Netflix/Hulu),81,1,24,51,29.0,6.69,27.9,20.4,3,1.6,Moderate Debt
USR-08057,28,Male,Freelance / Creative,Intermediate,49,Instagram / Reddit,24,1,0,42,28.8,7.56,21.8,13.8,2,1.0,Mild Deficit
USR-08058,25,Male,Corporate 9-to-5,Intermediate,96,YouTube,66,1,0,12,38.1,4.95,19.7,17.6,4,6.3,Moderate Debt
USR-08059,32,Male,Remote Tech,Night Owl,90,Messaging / Chat,49,0,27,16,42.7,4.49,18.6,18.9,5,6.8,Moderate Debt
USR-08060,34,Male,Corporate 9-to-5,Intermediate,63,TikTok / Reels,57,1,0,12,41.5,6.39,20.9,21.1,3,2.6,Moderate Debt
USR-08061,37,Female,Corporate 9-to-5,Intermediate,89,TikTok / Reels,41,1,0,52,54.6,5.41,20.5,17.9,5,6.0,Moderate Debt
USR-08062,26,Male,Remote Tech,Night Owl,26,Messaging / Chat,65,1,53,68,17.7,6.65,23.4,21.0,2,1.3,Moderate Debt
USR-08063,57,Male,Student,Intermediate,40,Instagram / Reddit,36,1,0,61,22.6,7.5,21.4,18.6,1,1.0,Mild Deficit
USR-08064,23,Female,Corporate 9-to-5,Intermediate,41,TikTok / Reels,24,0,0,44,34.4,7.52,18.3,19.1,1,1.3,Mild Deficit
USR-08065,60,Male,Remote Tech,Intermediate,60,News / Reading,40,0,0,63,38.3,6.55,26.9,22.8,2,2.3,Moderate Debt
USR-08066,18,Male,Corporate 9-to-5,Intermediate,16,News / Reading,40,0,0,40,24.5,7.79,19.7,22.8,2,1.0,Optimal Recovery
USR-08067,32,Male,Remote Tech,Night Owl,62,Messaging / Chat,49,0,0,46,43.5,4.48,21.9,19.6,4,6.5,Moderate Debt
USR-08068,28,Male,Freelance / Creative,Morning Lark,75,TikTok / Reels,69,1,62,24,42.8,5.87,21.8,17.1,4,4.3,Moderate Debt
USR-08069,31,Non-Binary,Healthcare / Shift Worker,Night Owl,73,YouTube,36,0,0,24,38.6,3.74,23.4,20.0,3,6.2,Moderate Debt
USR-08070,35,Female,Remote Tech,Intermediate,15,Instagram / Reddit,71,0,0,38,23.9,6.57,22.3,20.3,2,1.8,Moderate Debt
USR-08071,30,Female,Corporate 9-to-5,Night Owl,17,Instagram / Reddit,67,1,38,72,21.7,5.55,21.2,15.8,3,5.2,Moderate Debt
USR-08072,30,Female,Corporate 9-to-5,Morning Lark,31,News / Reading,75,0,0,70,25.2,8.65,25.5,21.0,0,1.0,Optimal Recovery
USR-08073,41,Male,Freelance / Creative,Night Owl,144,News / Reading,48,1,55,48,64.6,3.2,21.3,15.5,6,10.0,Severe Sleep Debt
USR-08074,39,Male,Corporate 9-to-5,Morning Lark,63,News / Reading,86,1,0,28,28.4,7.81,28.0,19.5,1,1.0,Optimal Recovery
USR-08075,47,Female,Healthcare / Shift Worker,Night Owl,18,TikTok / Reels,49,0,123,14,24.2,3.78,23.6,14.2,4,6.4,Moderate Debt
USR-08076,25,Non-Binary,Remote Tech,Intermediate,66,Instagram / Reddit,73,1,120,46,49.6,6.41,23.7,19.6,3,4.2,Moderate Debt
USR-08077,36,Male,Freelance / Creative,Intermediate,55,Messaging / Chat,88,1,141,99,45.3,6.58,21.5,15.9,2,3.4,Moderate Debt
USR-08078,35,Male,Remote Tech,Intermediate,72,YouTube,79,1,80,18,49.8,6.19,14.3,18.6,4,5.7,Moderate Debt
USR-08079,28,Female,Remote Tech,Morning Lark,49,TikTok / Reels,53,1,0,30,47.9,8.05,24.4,20.3,2,1.0,Optimal Recovery
USR-08080,32,Female,Student,Intermediate,50,Streaming (Netflix/Hulu),33,1,0,54,41.0,6.56,23.8,20.9,2,1.1,Moderate Debt
USR-08081,27,Male,Freelance / Creative,Intermediate,31,TikTok / Reels,36,0,0,71,41.6,7.21,23.7,19.7,2,1.9,Mild Deficit
USR-08082,22,Male,Freelance / Creative,Intermediate,167,Messaging / Chat,35,1,138,51,78.6,3.33,19.7,17.0,7,10.0,Severe Sleep Debt
USR-08083,24,Male,Student,Night Owl,39,TikTok / Reels,41,0,0,32,35.1,5.19,20.5,19.1,5,6.1,Moderate Debt
USR-08084,21,Male,Student,Morning Lark,45,YouTube,54,0,0,20,29.6,7.05,21.3,22.1,2,1.0,Mild Deficit
USR-08085,39,Female,Remote Tech,Intermediate,35,News / Reading,68,0,122,64,34.0,6.53,20.8,23.1,2,3.5,Moderate Debt
USR-08086,38,Male,Student,Intermediate,8,News / Reading,71,1,0,9,21.4,7.99,19.2,16.7,1,1.1,Optimal Recovery
USR-08087,58,Female,Healthcare / Shift Worker,Intermediate,16,Streaming (Netflix/Hulu),74,0,0,0,22.1,6.35,22.8,20.5,0,1.4,Moderate Debt
USR-08088,41,Female,Remote Tech,Night Owl,56,Messaging / Chat,73,1,0,74,34.5,4.39,24.5,16.0,4,5.4,Moderate Debt
USR-08089,19,Female,Student,Intermediate,38,Messaging / Chat,53,1,0,56,27.8,7.33,24.0,22.9,3,1.0,Mild Deficit
USR-08090,51,Female,Remote Tech,Morning Lark,13,News / Reading,68,0,69,2,17.5,9.03,19.6,16.1,0,1.0,Optimal Recovery
USR-08091,49,Female,Remote Tech,Morning Lark,78,Streaming (Netflix/Hulu),50,1,0,52,34.5,7.49,21.4,16.3,1,1.0,Mild Deficit
USR-08092,30,Male,Healthcare / Shift Worker,Intermediate,77,Streaming (Netflix/Hulu),61,0,50,25,40.9,5.32,25.0,27.0,3,4.9,Moderate Debt
USR-08093,35,Male,Remote Tech,Intermediate,69,Streaming (Netflix/Hulu),50,0,0,6,37.4,6.98,24.7,20.3,3,1.4,Mild Deficit
USR-08094,61,Female,Corporate 9-to-5,Morning Lark,53,Instagram / Reddit,55,1,70,41,34.1,6.29,16.7,19.0,3,3.5,Moderate Debt
USR-08095,33,Male,Remote Tech,Morning Lark,128,Messaging / Chat,48,1,180,17,66.5,5.87,18.8,22.2,3,4.9,Moderate Debt
USR-08096,53,Female,Corporate 9-to-5,Intermediate,36,Streaming (Netflix/Hulu),19,0,0,19,23.8,6.48,22.4,23.5,3,2.4,Moderate Debt
USR-08097,20,Female,Remote Tech,Intermediate,53,Streaming (Netflix/Hulu),50,0,0,11,37.5,6.72,25.2,22.4,2,1.5,Moderate Debt
USR-08098,24,Male,Freelance / Creative,Morning Lark,21,TikTok / Reels,67,1,42,40,23.5,8.31,24.2,19.7,1,1.0,Optimal Recovery
USR-08099,30,Male,Student,Intermediate,15,Instagram / Reddit,74,1,0,60,14.0,8.94,23.8,18.1,1,1.0,Optimal Recovery
USR-08100,35,Male,Healthcare / Shift Worker,Night Owl,117,YouTube,65,1,86,13,64.5,3.2,22.5,16.6,7,10.0,Severe Sleep Debt
USR-08101,45,Female,Corporate 9-to-5,Night Owl,69,Instagram / Reddit,36,0,110,45,53.2,4.98,18.8,13.4,4,6.5,Moderate Debt
USR-08102,63,Male,Freelance / Creative,Night Owl,63,Streaming (Netflix/Hulu),45,0,0,44,36.5,4.09,25.1,21.8,3,5.4,Moderate Debt
USR-08103,29,Male,Student,Night Owl,162,Streaming (Netflix/Hulu),23,0,0,7,61.8,3.88,18.5,21.5,5,8.0,Moderate Debt
USR-08104,19,Male,Corporate 9-to-5,Morning Lark,12,TikTok / Reels,69,0,0,37,21.8,8.92,24.0,20.8,0,1.0,Optimal Recovery
USR-08105,45,Female,Student,Morning Lark,18,TikTok / Reels,37,0,76,54,20.4,9.0,24.2,17.3,1,1.0,Optimal Recovery
USR-08106,36,Male,Freelance / Creative,Intermediate,145,News / Reading,62,1,0,60,43.7,5.87,25.7,19.5,3,4.3,Moderate Debt
USR-08107,24,Male,Corporate 9-to-5,Intermediate,54,Messaging / Chat,64,0,0,33,35.3,5.66,19.5,20.5,3,6.1,Moderate Debt
USR-08108,32,Non-Binary,Remote Tech,Night Owl,54,TikTok / Reels,37,1,0,11,33.1,4.77,21.5,19.5,4,5.0,Moderate Debt
USR-08109,42,Female,Freelance / Creative,Morning Lark,40,YouTube,60,1,0,39,20.8,8.0,26.4,17.1,0,1.0,Optimal Recovery
USR-08110,43,Male,Corporate 9-to-5,Intermediate,52,TikTok / Reels,91,1,0,42,48.8,6.27,22.6,20.6,4,5.3,Moderate Debt
USR-08111,32,Female,Student,Intermediate,66,Streaming (Netflix/Hulu),48,0,30,18,31.5,6.96,16.4,19.8,2,2.7,Mild Deficit
USR-08112,27,Male,Remote Tech,Intermediate,111,Instagram / Reddit,77,0,250,0,74.2,3.35,11.1,15.2,6,10.0,Severe Sleep Debt
USR-08113,61,Female,Corporate 9-to-5,Intermediate,132,Instagram / Reddit,60,0,0,53,91.2,5.22,21.3,21.4,6,8.3,Moderate Debt
USR-08114,38,Female,Student,Morning Lark,84,Streaming (Netflix/Hulu),61,0,129,41,61.2,6.77,19.9,17.4,5,6.0,Mild Deficit
USR-08115,29,Male,Corporate 9-to-5,Night Owl,162,YouTube,53,0,0,9,79.3,3.2,16.3,18.9,6,10.0,Severe Sleep Debt
USR-08116,26,Female,Student,Intermediate,31,TikTok / Reels,74,1,0,71,33.1,7.42,23.4,26.5,1,1.0,Mild Deficit
USR-08117,41,Female,Corporate 9-to-5,Intermediate,97,Streaming (Netflix/Hulu),52,0,0,44,52.8,6.54,25.2,23.0,1,2.0,Moderate Debt
USR-08118,25,Female,Corporate 9-to-5,Morning Lark,66,Instagram / Reddit,67,0,61,0,49.1,7.2,20.3,17.1,2,2.5,Mild Deficit
USR-08119,23,Female,Remote Tech,Intermediate,62,Streaming (Netflix/Hulu),74,1,0,48,39.3,5.63,24.5,20.4,4,4.2,Moderate Debt
USR-08120,33,Male,Remote Tech,Intermediate,33,News / Reading,75,0,0,65,32.9,6.92,26.4,21.6,2,2.0,Mild Deficit
USR-08121,26,Male,Corporate 9-to-5,Morning Lark,49,Instagram / Reddit,66,1,0,29,32.0,6.97,23.1,17.8,2,1.6,Mild Deficit
USR-08122,37,Male,Healthcare / Shift Worker,Intermediate,37,TikTok / Reels,70,0,0,76,31.1,6.31,24.0,16.1,1,2.2,Moderate Debt
USR-08123,22,Female,Freelance / Creative,Morning Lark,8,TikTok / Reels,56,1,63,32,16.0,9.33,23.0,16.7,0,1.0,Optimal Recovery
USR-08124,38,Male,Healthcare / Shift Worker,Intermediate,61,Streaming (Netflix/Hulu),47,0,0,60,33.5,6.32,22.8,23.2,2,3.1,Moderate Debt
USR-08125,26,Female,Remote Tech,Intermediate,147,TikTok / Reels,62,0,75,0,95.7,4.53,13.2,17.2,6,10.0,Severe Sleep Debt
USR-08126,18,Male,Healthcare / Shift Worker,Night Owl,32,TikTok / Reels,62,1,0,35,27.6,5.02,22.7,17.9,4,3.8,Moderate Debt
USR-08127,22,Female,Freelance / Creative,Morning Lark,63,TikTok / Reels,62,0,0,63,46.2,6.64,18.2,18.5,3,3.7,Moderate Debt
USR-08128,56,Male,Remote Tech,Morning Lark,24,News / Reading,77,1,0,0,13.3,8.89,18.3,19.0,0,1.0,Optimal Recovery
USR-08129,49,Male,Corporate 9-to-5,Night Owl,90,YouTube,56,0,37,70,49.1,5.14,21.6,19.1,4,5.7,Moderate Debt
USR-08130,25,Female,Corporate 9-to-5,Morning Lark,113,TikTok / Reels,28,0,160,57,79.9,5.67,14.5,13.9,5,7.0,Moderate Debt
USR-08131,43,Female,Remote Tech,Morning Lark,10,News / Reading,14,1,0,54,19.8,9.17,25.7,20.2,0,1.0,Optimal Recovery
USR-08132,36,Male,Freelance / Creative,Morning Lark,45,Streaming (Netflix/Hulu),59,0,0,44,33.3,7.12,19.8,20.3,2,2.5,Mild Deficit
USR-08133,60,Female,Remote Tech,Night Owl,38,TikTok / Reels,76,1,0,12,27.2,5.68,21.6,18.7,1,3.5,Moderate Debt
USR-08134,29,Female,Student,Night Owl,44,Streaming (Netflix/Hulu),51,0,0,39,41.6,5.07,22.0,16.4,4,5.0,Moderate Debt
USR-08135,39,Female,Corporate 9-to-5,Intermediate,87,TikTok / Reels,93,0,91,40,89.8,6.16,18.8,17.7,4,7.1,Moderate Debt
USR-08136,20,Male,Corporate 9-to-5,Intermediate,44,Streaming (Netflix/Hulu),58,1,35,0,41.7,6.99,16.8,18.6,2,2.0,Mild Deficit
USR-08137,29,Male,Remote Tech,Intermediate,101,Instagram / Reddit,100,1,0,24,58.0,5.77,17.7,18.7,5,5.9,Moderate Debt
USR-08138,59,Female,Freelance / Creative,Night Owl,7,TikTok / Reels,53,1,42,31,23.4,6.73,25.6,20.0,2,1.3,Moderate Debt
USR-08139,34,Female,Remote Tech,Morning Lark,58,Streaming (Netflix/Hulu),87,1,65,47,49.6,7.46,21.7,16.0,2,2.7,Mild Deficit
USR-08140,26,Male,Healthcare / Shift Worker,Night Owl,62,YouTube,47,1,0,23,38.0,3.75,23.2,20.0,5,6.8,Moderate Debt
USR-08141,22,Male,Corporate 9-to-5,Morning Lark,20,Instagram / Reddit,76,0,98,25,34.2,7.5,20.0,19.9,2,2.6,Mild Deficit
USR-08142,40,Female,Student,Intermediate,136,Messaging / Chat,67,1,0,14,58.7,4.3,19.1,21.0,5,8.5,Moderate Debt
USR-08143,38,Male,Student,Morning Lark,40,YouTube,62,1,0,87,32.1,8.49,24.4,20.3,0,1.0,Optimal Recovery
USR-08144,29,Female,Healthcare / Shift Worker,Night Owl,78,TikTok / Reels,62,0,0,9,51.6,3.2,18.6,20.1,7,10.0,Severe Sleep Debt
USR-08145,58,Female,Corporate 9-to-5,Intermediate,30,News / Reading,84,1,0,3,24.4,7.41,19.9,21.4,1,1.0,Mild Deficit
USR-08146,18,Non-Binary,Corporate 9-to-5,Intermediate,26,YouTube,52,0,27,49,25.9,8.28,19.4,17.0,0,1.0,Optimal Recovery
USR-08147,27,Male,Corporate 9-to-5,Intermediate,85,YouTube,58,0,0,18,46.4,4.24,19.1,21.1,4,7.4,Moderate Debt
USR-08148,54,Female,Freelance / Creative,Intermediate,28,YouTube,100,0,0,4,23.9,9.09,17.2,23.3,0,1.0,Optimal Recovery
USR-08149,27,Female,Corporate 9-to-5,Night Owl,45,YouTube,66,1,0,30,55.1,5.9,24.6,14.9,4,4.1,Moderate Debt
USR-08150,25,Female,Corporate 9-to-5,Morning Lark,32,YouTube,80,0,0,34,22.8,8.7,20.7,18.8,0,1.0,Optimal Recovery
USR-08151,33,Female,Remote Tech,Intermediate,82,YouTube,50,0,0,47,42.1,5.3,22.8,19.6,3,4.7,Moderate Debt
USR-08152,46,Female,Remote Tech,Morning Lark,38,YouTube,45,1,0,40,34.6,8.14,23.7,16.9,1,1.0,Optimal Recovery
USR-08153,21,Female,Healthcare / Shift Worker,Intermediate,22,Instagram / Reddit,71,1,0,37,27.8,5.67,20.5,18.3,3,3.2,Moderate Debt
USR-08154,57,Male,Freelance / Creative,Night Owl,66,YouTube,60,0,70,46,58.8,3.95,22.2,23.2,5,7.8,Moderate Debt
USR-08155,44,Male,Remote Tech,Intermediate,127,Instagram / Reddit,51,1,0,53,64.1,5.63,22.7,16.0,4,5.1,Moderate Debt
USR-08156,23,Male,Freelance / Creative,Night Owl,90,Instagram / Reddit,22,1,0,22,54.5,4.76,22.2,18.7,3,4.7,Moderate Debt
USR-08157,40,Male,Student,Intermediate,91,YouTube,20,1,0,23,45.2,6.22,23.3,20.4,3,3.4,Moderate Debt
USR-08158,29,Female,Corporate 9-to-5,Intermediate,33,Instagram / Reddit,17,1,174,51,45.0,7.34,20.3,14.4,2,2.7,Mild Deficit
USR-08159,29,Female,Freelance / Creative,Intermediate,59,TikTok / Reels,62,0,52,29,52.6,5.91,23.8,18.9,3,4.4,Moderate Debt
USR-08160,44,Female,Student,Night Owl,40,News / Reading,34,1,0,18,29.6,5.38,22.8,21.0,3,3.1,Moderate Debt
USR-08161,59,Male,Remote Tech,Intermediate,23,News / Reading,20,1,134,20,16.0,7.73,24.6,18.7,0,1.2,Mild Deficit
USR-08162,22,Female,Student,Intermediate,67,Instagram / Reddit,38,0,0,3,44.4,6.03,21.0,20.4,3,3.4,Moderate Debt
USR-08163,30,Male,Remote Tech,Night Owl,63,YouTube,17,0,136,44,43.5,4.85,23.7,19.1,5,6.9,Moderate Debt
USR-08164,32,Male,Corporate 9-to-5,Night Owl,47,News / Reading,43,1,0,75,25.0,5.51,26.0,20.5,3,3.0,Moderate Debt
USR-08165,29,Female,Student,Intermediate,107,News / Reading,42,1,0,56,40.1,7.21,23.0,19.9,4,1.3,Mild Deficit
USR-08166,28,Female,Healthcare / Shift Worker,Intermediate,15,YouTube,65,0,83,21,19.4,7.06,20.6,20.6,3,1.7,Mild Deficit
USR-08167,19,Male,Student,Intermediate,76,Instagram / Reddit,58,0,50,0,51.3,6.68,15.7,14.1,3,4.5,Moderate Debt
USR-08168,39,Male,Corporate 9-to-5,Intermediate,68,TikTok / Reels,45,0,0,12,63.6,6.28,20.8,23.0,5,5.2,Moderate Debt
USR-08169,30,Male,Freelance / Creative,Intermediate,11,TikTok / Reels,68,0,71,33,30.0,7.03,21.2,17.4,0,1.2,Mild Deficit
USR-08170,24,Female,Corporate 9-to-5,Night Owl,67,YouTube,30,0,35,52,40.4,5.08,24.8,17.5,5,5.7,Moderate Debt
USR-08171,45,Male,Corporate 9-to-5,Morning Lark,14,Streaming (Netflix/Hulu),45,1,0,52,20.9,8.36,26.9,17.1,1,1.0,Optimal Recovery
USR-08172,45,Female,Corporate 9-to-5,Intermediate,38,YouTube,39,0,0,26,26.4,6.76,21.2,21.0,3,3.1,Mild Deficit
USR-08173,32,Non-Binary,Corporate 9-to-5,Night Owl,42,TikTok / Reels,54,0,0,34,40.3,5.69,24.8,13.6,5,3.5,Moderate Debt
USR-08174,27,Male,Remote Tech,Morning Lark,31,Instagram / Reddit,14,0,0,22,22.9,8.88,28.0,17.9,0,1.0,Optimal Recovery
USR-08175,37,Male,Student,Intermediate,30,Instagram / Reddit,100,0,0,24,23.6,8.67,20.9,19.5,0,1.0,Optimal Recovery
USR-08176,26,Female,Healthcare / Shift Worker,Night Owl,32,Instagram / Reddit,62,0,33,40,51.2,4.69,19.2,17.0,4,5.3,Moderate Debt
USR-08177,25,Male,Freelance / Creative,Night Owl,56,Instagram / Reddit,63,0,26,24,36.0,5.53,17.8,15.4,2,4.3,Moderate Debt
USR-08178,41,Female,Healthcare / Shift Worker,Intermediate,99,Instagram / Reddit,14,1,0,7,50.8,3.31,22.2,20.6,6,8.5,Moderate Debt
USR-08179,19,Female,Remote Tech,Morning Lark,71,TikTok / Reels,59,1,157,37,63.6,7.32,15.5,12.8,2,4.3,Mild Deficit
USR-08180,21,Female,Student,Morning Lark,81,Instagram / Reddit,51,1,48,48,50.5,7.9,21.1,16.9,1,1.0,Optimal Recovery
USR-08181,18,Male,Healthcare / Shift Worker,Intermediate,122,TikTok / Reels,77,0,0,24,85.9,4.54,18.3,23.0,5,8.1,Moderate Debt
USR-08182,23,Male,Remote Tech,Morning Lark,108,Streaming (Netflix/Hulu),49,0,0,88,44.2,6.32,27.7,20.4,3,4.6,Moderate Debt
USR-08183,20,Female,Healthcare / Shift Worker,Morning Lark,80,TikTok / Reels,48,0,60,33,68.5,5.22,22.7,13.2,5,6.4,Moderate Debt
USR-08184,65,Male,Remote Tech,Night Owl,18,YouTube,54,0,0,17,18.6,5.72,24.4,18.4,2,2.0,Moderate Debt
USR-08185,26,Female,Remote Tech,Night Owl,38,YouTube,83,1,0,75,33.6,6.19,23.7,23.5,2,1.1,Moderate Debt
USR-08186,22,Female,Remote Tech,Night Owl,10,Instagram / Reddit,24,0,54,66,10.2,5.71,25.5,19.7,3,1.0,Moderate Debt
USR-08187,25,Female,Student,Morning Lark,17,Instagram / Reddit,20,1,0,88,26.4,8.87,24.0,17.0,0,1.0,Optimal Recovery
USR-08188,56,Male,Student,Morning Lark,41,YouTube,10,1,0,34,21.6,9.44,24.2,24.5,0,1.0,Optimal Recovery
USR-08189,33,Male,Remote Tech,Night Owl,54,Instagram / Reddit,77,1,0,27,27.3,7.26,23.5,19.9,1,1.0,Mild Deficit
USR-08190,28,Female,Remote Tech,Night Owl,99,TikTok / Reels,74,1,0,33,62.5,3.82,20.5,18.3,5,8.4,Moderate Debt
USR-08191,50,Male,Freelance / Creative,Night Owl,82,Streaming (Netflix/Hulu),31,1,160,49,56.1,4.08,23.4,15.1,5,6.8,Moderate Debt
USR-08192,29,Female,Freelance / Creative,Night Owl,116,TikTok / Reels,27,0,80,62,82.3,3.5,23.8,16.2,7,10.0,Severe Sleep Debt
USR-08193,28,Male,Corporate 9-to-5,Night Owl,24,Streaming (Netflix/Hulu),74,0,142,57,29.5,7.86,23.4,16.4,2,1.0,Optimal Recovery
USR-08194,24,Female,Corporate 9-to-5,Intermediate,114,Messaging / Chat,26,0,0,35,46.9,6.29,20.2,23.2,3,3.1,Moderate Debt
USR-08195,29,Male,Student,Intermediate,70,News / Reading,49,0,0,51,44.4,7.66,25.9,23.8,2,1.0,Mild Deficit
USR-08196,27,Male,Remote Tech,Intermediate,90,Streaming (Netflix/Hulu),44,1,0,14,31.8,6.21,22.9,20.9,2,2.9,Moderate Debt
USR-08197,39,Male,Corporate 9-to-5,Intermediate,60,YouTube,100,0,118,15,45.7,6.44,16.4,17.7,3,4.8,Moderate Debt
USR-08198,26,Female,Corporate 9-to-5,Intermediate,69,YouTube,52,1,71,38,38.2,5.59,24.5,17.0,4,4.8,Moderate Debt
USR-08199,35,Male,Healthcare / Shift Worker,Night Owl,53,TikTok / Reels,80,0,0,0,41.5,3.57,18.9,16.7,6,7.9,Moderate Debt
USR-08200,20,Female,Healthcare / Shift Worker,Morning Lark,43,TikTok / Reels,64,0,0,35,40.1,6.4,20.1,15.6,1,1.6,Moderate Debt
USR-08201,24,Male,Remote Tech,Night Owl,56,TikTok / Reels,46,1,0,56,47.1,4.19,25.5,22.8,5,7.5,Moderate Debt
USR-08202,29,Female,Remote Tech,Morning Lark,67,Instagram / Reddit,43,0,0,44,39.6,7.48,24.1,19.7,1,1.1,Mild Deficit
USR-08203,56,Female,Remote Tech,Intermediate,140,Instagram / Reddit,57,1,0,66,74.5,3.87,21.2,16.1,6,9.9,Severe Sleep Debt
USR-08204,29,Male,Corporate 9-to-5,Night Owl,32,Messaging / Chat,57,0,0,26,29.9,3.74,20.8,17.5,5,6.7,Moderate Debt
USR-08205,38,Male,Remote Tech,Morning Lark,33,Instagram / Reddit,45,0,68,3,32.4,8.18,17.7,16.3,0,1.0,Optimal Recovery
USR-08206,25,Female,Corporate 9-to-5,Intermediate,39,Instagram / Reddit,66,0,0,18,38.0,6.67,23.8,21.7,2,1.0,Moderate Debt
USR-08207,22,Male,Remote Tech,Morning Lark,120,YouTube,56,1,0,37,60.7,6.8,20.0,19.9,3,3.8,Mild Deficit
USR-08208,20,Non-Binary,Corporate 9-to-5,Night Owl,100,Streaming (Netflix/Hulu),41,1,0,72,39.9,4.94,23.6,21.3,4,5.3,Moderate Debt
USR-08209,27,Male,Student,Night Owl,61,Messaging / Chat,48,0,0,77,40.2,6.33,27.8,19.9,1,2.7,Moderate Debt
USR-08210,23,Female,Student,Night Owl,49,YouTube,65,1,0,0,38.3,4.45,18.7,24.0,4,6.1,Moderate Debt
USR-08211,23,Male,Remote Tech,Night Owl,25,TikTok / Reels,34,0,42,30,27.0,6.66,23.5,18.4,2,1.2,Moderate Debt
USR-08212,43,Female,Corporate 9-to-5,Night Owl,15,TikTok / Reels,34,0,0,18,27.3,6.16,25.3,23.0,2,2.0,Moderate Debt
USR-08213,18,Female,Corporate 9-to-5,Morning Lark,44,Instagram / Reddit,29,0,20,21,25.3,8.56,24.8,18.8,1,1.0,Optimal Recovery
USR-08214,34,Male,Student,Intermediate,23,YouTube,48,1,0,30,15.5,7.15,23.6,22.4,1,1.0,Mild Deficit
USR-08215,29,Male,Corporate 9-to-5,Intermediate,96,Instagram / Reddit,50,1,0,18,55.7,5.75,20.8,17.7,4,5.6,Moderate Debt
USR-08216,33,Male,Corporate 9-to-5,Intermediate,58,Streaming (Netflix/Hulu),33,0,22,48,36.1,6.77,24.8,19.7,1,1.5,Mild Deficit
USR-08217,34,Female,Student,Night Owl,51,Streaming (Netflix/Hulu),55,1,0,71,33.2,4.87,24.0,18.7,4,4.7,Moderate Debt
USR-08218,27,Female,Student,Morning Lark,20,Streaming (Netflix/Hulu),55,1,0,70,24.4,8.03,22.0,22.9,1,1.0,Optimal Recovery
USR-08219,27,Female,Corporate 9-to-5,Morning Lark,39,Instagram / Reddit,74,1,81,18,29.9,8.9,19.5,19.5,0,1.0,Optimal Recovery
USR-08220,41,Female,Remote Tech,Intermediate,52,Streaming (Netflix/Hulu),73,1,52,32,31.7,6.04,20.9,20.8,2,3.3,Moderate Debt
USR-08221,50,Female,Freelance / Creative,Morning Lark,121,TikTok / Reels,15,1,0,70,75.7,6.95,24.8,19.1,4,2.6,Mild Deficit
USR-08222,24,Female,Freelance / Creative,Intermediate,54,YouTube,61,0,76,46,40.8,6.37,21.6,18.9,4,5.1,Moderate Debt
USR-08223,21,Male,Corporate 9-to-5,Intermediate,73,YouTube,16,1,0,63,47.6,6.77,28.0,17.3,3,2.3,Mild Deficit
USR-08224,52,Male,Healthcare / Shift Worker,Night Owl,30,News / Reading,66,0,0,49,23.4,4.6,21.7,20.1,4,5.0,Moderate Debt
USR-08225,28,Male,Remote Tech,Morning Lark,47,Instagram / Reddit,66,1,0,57,47.1,8.23,24.6,18.1,2,1.0,Optimal Recovery
USR-08226,34,Male,Freelance / Creative,Night Owl,18,Instagram / Reddit,35,0,118,24,25.2,5.37,25.7,15.1,3,3.3,Moderate Debt
USR-08227,28,Female,Remote Tech,Morning Lark,108,YouTube,62,0,0,21,65.3,5.69,19.2,18.4,4,7.1,Moderate Debt
USR-08228,22,Female,Student,Intermediate,94,TikTok / Reels,34,1,0,0,51.4,7.41,19.3,17.7,2,2.0,Mild Deficit
USR-08229,35,Male,Student,Intermediate,137,Instagram / Reddit,52,0,0,9,74.9,3.98,19.0,20.5,7,10.0,Severe Sleep Debt
USR-08230,33,Male,Remote Tech,Morning Lark,52,TikTok / Reels,57,1,0,27,41.5,7.73,18.1,15.9,3,1.7,Mild Deficit
USR-08231,24,Male,Healthcare / Shift Worker,Morning Lark,11,TikTok / Reels,50,0,0,0,16.1,7.83,20.8,17.5,1,1.0,Optimal Recovery
USR-08232,31,Female,Corporate 9-to-5,Morning Lark,48,YouTube,70,0,25,55,34.3,6.53,18.9,19.0,1,2.4,Moderate Debt
USR-08233,44,Female,Corporate 9-to-5,Intermediate,31,Streaming (Netflix/Hulu),39,1,0,36,22.4,7.1,21.3,18.5,2,1.0,Mild Deficit
USR-08234,35,Male,Remote Tech,Night Owl,58,Messaging / Chat,65,1,0,29,34.5,5.59,24.7,20.1,3,3.7,Moderate Debt
USR-08235,21,Male,Freelance / Creative,Intermediate,53,Streaming (Netflix/Hulu),30,0,0,32,31.5,6.24,20.9,22.0,3,2.7,Moderate Debt
USR-08236,34,Male,Remote Tech,Intermediate,44,YouTube,13,1,0,60,19.1,7.02,24.6,22.1,1,1.0,Mild Deficit
USR-08237,40,Female,Student,Intermediate,29,TikTok / Reels,21,1,0,13,33.9,7.72,23.9,18.8,1,1.0,Mild Deficit
USR-08238,44,Male,Student,Morning Lark,95,Instagram / Reddit,35,1,0,8,40.6,7.97,21.2,18.3,2,1.0,Optimal Recovery
USR-08239,37,Male,Corporate 9-to-5,Morning Lark,26,YouTube,68,0,144,25,46.7,7.58,18.2,17.3,2,2.8,Mild Deficit
USR-08240,23,Male,Remote Tech,Night Owl,59,TikTok / Reels,66,1,155,68,49.2,4.29,18.3,16.0,4,9.1,Severe Sleep Debt
USR-08241,40,Male,Student,Morning Lark,130,Instagram / Reddit,51,1,20,18,67.7,5.59,19.3,16.9,6,6.6,Moderate Debt
USR-08242,39,Male,Freelance / Creative,Night Owl,91,TikTok / Reels,13,1,72,41,61.6,3.72,19.7,18.4,5,8.4,Moderate Debt
USR-08243,18,Male,Corporate 9-to-5,Morning Lark,28,TikTok / Reels,91,1,56,22,33.5,8.59,23.0,16.1,0,1.0,Optimal Recovery
USR-08244,29,Male,Remote Tech,Intermediate,62,YouTube,25,0,0,0,28.5,6.55,23.4,16.8,3,3.1,Moderate Debt
USR-08245,28,Female,Corporate 9-to-5,Night Owl,17,YouTube,62,0,118,11,25.3,5.88,15.0,12.5,2,3.5,Moderate Debt
USR-08246,39,Male,Corporate 9-to-5,Intermediate,25,Streaming (Netflix/Hulu),47,0,0,11,23.1,7.43,16.7,20.4,2,1.0,Mild Deficit
USR-08247,24,Male,Remote Tech,Night Owl,42,TikTok / Reels,63,0,20,41,34.3,5.31,26.1,18.1,5,3.7,Moderate Debt
USR-08248,35,Female,Remote Tech,Intermediate,46,TikTok / Reels,81,0,84,52,48.6,6.61,19.2,12.8,2,2.2,Moderate Debt
USR-08249,54,Male,Corporate 9-to-5,Intermediate,87,YouTube,59,1,0,0,35.8,6.52,23.4,20.2,2,2.4,Moderate Debt
USR-08250,44,Female,Corporate 9-to-5,Morning Lark,45,TikTok / Reels,69,1,0,33,32.3,6.68,22.5,17.6,3,2.0,Moderate Debt
USR-08251,54,Male,Student,Night Owl,52,YouTube,100,1,85,31,43.6,3.87,22.7,19.2,6,9.0,Severe Sleep Debt
USR-08252,61,Male,Freelance / Creative,Intermediate,85,TikTok / Reels,75,0,146,80,68.5,5.23,18.8,15.0,5,7.5,Moderate Debt
USR-08253,18,Female,Corporate 9-to-5,Intermediate,29,YouTube,22,0,99,34,25.7,7.21,19.8,14.7,3,3.1,Mild Deficit
USR-08254,37,Female,Student,Night Owl,128,Streaming (Netflix/Hulu),10,1,0,57,66.3,3.49,28.0,22.5,5,7.7,Moderate Debt
USR-08255,29,Male,Corporate 9-to-5,Intermediate,112,TikTok / Reels,66,1,20,2,77.8,5.17,19.7,16.1,4,7.6,Moderate Debt
USR-08256,49,Male,Freelance / Creative,Intermediate,56,TikTok / Reels,46,0,29,26,51.2,6.18,21.9,19.6,3,3.9,Moderate Debt
USR-08257,25,Female,Student,Night Owl,80,YouTube,71,1,0,0,43.6,5.48,22.7,18.3,3,3.7,Moderate Debt
USR-08258,62,Male,Healthcare / Shift Worker,Intermediate,56,Streaming (Netflix/Hulu),10,1,0,24,30.4,5.64,21.9,20.5,3,3.3,Moderate Debt
USR-08259,36,Male,Corporate 9-to-5,Intermediate,49,YouTube,78,0,0,33,50.2,7.04,19.2,21.2,3,2.1,Mild Deficit
USR-08260,44,Female,Remote Tech,Night Owl,63,YouTube,53,0,0,0,34.6,5.33,22.6,21.3,4,4.9,Moderate Debt
USR-08261,20,Female,Remote Tech,Intermediate,96,YouTube,97,1,93,54,65.6,6.56,19.4,18.6,4,5.8,Moderate Debt
USR-08262,23,Male,Corporate 9-to-5,Morning Lark,90,TikTok / Reels,55,0,0,47,59.3,7.8,23.0,21.0,2,2.3,Optimal Recovery
USR-08263,42,Female,Corporate 9-to-5,Intermediate,32,Streaming (Netflix/Hulu),66,0,0,54,24.9,6.8,27.8,19.7,1,2.2,Mild Deficit
USR-08264,18,Male,Remote Tech,Night Owl,51,Instagram / Reddit,47,0,69,39,36.0,5.2,19.6,20.8,4,5.3,Moderate Debt
USR-08265,46,Male,Student,Morning Lark,21,Streaming (Netflix/Hulu),46,1,0,11,15.9,8.59,25.0,18.0,0,1.0,Optimal Recovery
USR-08266,18,Female,Corporate 9-to-5,Intermediate,74,TikTok / Reels,61,0,106,55,57.4,7.13,20.3,18.1,3,3.4,Mild Deficit
USR-08267,38,Male,Remote Tech,Intermediate,81,Messaging / Chat,49,1,90,14,45.1,7.09,21.6,16.6,2,2.1,Mild Deficit
USR-08268,28,Female,Corporate 9-to-5,Morning Lark,70,Messaging / Chat,43,0,143,1,43.6,6.81,12.1,17.4,3,4.2,Mild Deficit
USR-08269,36,Male,Corporate 9-to-5,Intermediate,180,YouTube,62,0,0,24,85.4,4.22,18.3,21.0,7,10.0,Severe Sleep Debt
USR-08270,40,Male,Student,Intermediate,59,YouTube,43,0,70,30,43.8,7.5,22.6,16.8,2,2.7,Mild Deficit
USR-08271,28,Male,Corporate 9-to-5,Intermediate,10,Instagram / Reddit,63,0,89,38,26.0,6.47,22.0,22.9,2,3.1,Moderate Debt
USR-08272,21,Male,Remote Tech,Intermediate,53,Instagram / Reddit,24,1,0,14,20.7,8.31,21.9,16.9,1,1.0,Optimal Recovery
USR-08273,20,Male,Remote Tech,Morning Lark,27,YouTube,55,1,0,69,13.4,8.71,22.6,23.2,0,1.0,Optimal Recovery
USR-08274,35,Male,Student,Intermediate,86,News / Reading,51,0,75,46,49.3,6.53,16.6,20.8,1,3.7,Moderate Debt
USR-08275,33,Male,Remote Tech,Morning Lark,97,TikTok / Reels,10,0,0,50,59.1,7.3,26.5,16.2,2,2.3,Mild Deficit
USR-08276,42,Female,Freelance / Creative,Morning Lark,44,Instagram / Reddit,30,0,0,59,23.4,7.62,22.9,15.7,2,1.0,Mild Deficit
USR-08277,33,Male,Remote Tech,Intermediate,53,TikTok / Reels,10,1,0,41,40.2,6.01,24.8,17.2,3,3.1,Moderate Debt
USR-08278,30,Male,Student,Intermediate,64,TikTok / Reels,57,0,0,42,40.6,6.1,20.6,20.3,4,3.0,Moderate Debt
USR-08279,29,Female,Corporate 9-to-5,Morning Lark,63,TikTok / Reels,39,1,0,31,46.7,6.91,27.3,18.7,1,1.1,Mild Deficit
USR-08280,18,Female,Remote Tech,Intermediate,98,YouTube,49,1,70,32,53.2,6.53,20.1,17.0,3,4.0,Moderate Debt
USR-08281,28,Female,Remote Tech,Night Owl,61,YouTube,82,1,92,48,45.8,5.17,15.7,17.6,3,6.4,Moderate Debt
USR-08282,61,Female,Corporate 9-to-5,Morning Lark,51,TikTok / Reels,55,0,0,8,35.8,8.77,21.4,17.0,0,1.0,Optimal Recovery
USR-08283,50,Female,Remote Tech,Intermediate,44,Streaming (Netflix/Hulu),61,0,0,12,21.5,7.16,19.5,19.0,2,1.0,Mild Deficit
USR-08284,27,Female,Corporate 9-to-5,Night Owl,19,YouTube,45,1,41,81,19.8,6.8,24.9,16.3,3,2.1,Mild Deficit
USR-08285,35,Female,Corporate 9-to-5,Morning Lark,26,YouTube,40,0,0,30,18.5,9.72,21.8,21.0,0,1.0,Optimal Recovery
USR-08286,48,Male,Corporate 9-to-5,Night Owl,24,TikTok / Reels,26,0,80,107,26.7,5.93,22.8,16.7,2,3.4,Moderate Debt
USR-08287,30,Female,Student,Night Owl,180,TikTok / Reels,69,0,0,53,104.0,3.2,17.1,19.6,7,10.0,Severe Sleep Debt
USR-08288,18,Male,Student,Morning Lark,50,Instagram / Reddit,86,1,148,47,53.2,6.89,22.1,19.7,3,3.5,Mild Deficit
USR-08289,20,Male,Corporate 9-to-5,Night Owl,80,Instagram / Reddit,78,0,0,17,49.5,4.52,18.3,19.4,4,6.6,Moderate Debt
USR-08290,33,Male,Remote Tech,Intermediate,74,Streaming (Netflix/Hulu),31,1,0,29,35.7,6.55,24.0,18.4,0,1.0,Moderate Debt
USR-08291,60,Male,Corporate 9-to-5,Morning Lark,11,TikTok / Reels,80,0,0,0,19.2,8.63,23.8,17.5,0,1.0,Optimal Recovery
USR-08292,40,Female,Corporate 9-to-5,Intermediate,46,News / Reading,52,0,0,37,22.2,7.61,20.7,21.4,1,1.0,Mild Deficit
USR-08293,20,Male,Student,Morning Lark,69,YouTube,84,0,250,17,65.5,6.71,9.6,14.7,6,8.6,Moderate Debt
USR-08294,24,Male,Student,Intermediate,8,Instagram / Reddit,63,0,57,25,23.4,9.26,21.6,19.2,0,1.0,Optimal Recovery
USR-08295,43,Female,Corporate 9-to-5,Morning Lark,46,TikTok / Reels,61,1,0,23,45.1,8.61,23.3,17.3,1,1.0,Optimal Recovery
USR-08296,47,Female,Corporate 9-to-5,Night Owl,85,Instagram / Reddit,62,1,0,11,43.6,4.24,22.7,19.9,6,6.6,Moderate Debt
USR-08297,36,Female,Healthcare / Shift Worker,Intermediate,41,Instagram / Reddit,21,1,112,0,46.2,5.11,20.5,17.8,4,5.9,Moderate Debt
USR-08298,38,Female,Corporate 9-to-5,Intermediate,77,Streaming (Netflix/Hulu),30,0,0,32,42.9,5.9,26.5,21.8,3,3.9,Moderate Debt
USR-08299,19,Female,Corporate 9-to-5,Morning Lark,28,Instagram / Reddit,42,0,0,31,27.1,7.73,26.9,19.8,2,1.0,Mild Deficit
USR-08300,46,Male,Student,Intermediate,39,YouTube,48,0,0,0,27.8,6.94,22.8,17.8,1,1.0,Mild Deficit
USR-08301,44,Male,Remote Tech,Morning Lark,80,YouTube,57,1,61,22,45.8,8.1,20.5,18.0,1,1.2,Optimal Recovery
USR-08302,26,Male,Remote Tech,Night Owl,47,News / Reading,46,1,0,27,28.4,5.36,23.8,24.4,5,4.2,Moderate Debt
USR-08303,40,Male,Healthcare / Shift Worker,Morning Lark,21,YouTube,45,0,0,44,20.0,7.23,26.7,18.1,1,1.0,Mild Deficit
USR-08304,24,Male,Corporate 9-to-5,Intermediate,85,TikTok / Reels,80,0,0,20,64.2,6.67,21.3,19.6,4,5.1,Moderate Debt
USR-08305,19,Male,Student,Intermediate,62,TikTok / Reels,82,0,46,43,48.4,5.65,22.9,16.6,5,5.6,Moderate Debt
USR-08306,24,Male,Corporate 9-to-5,Intermediate,29,TikTok / Reels,67,0,135,55,35.2,6.31,20.6,15.5,2,2.9,Moderate Debt
USR-08307,23,Female,Student,Intermediate,79,TikTok / Reels,41,0,0,16,60.0,5.39,21.9,13.8,4,6.1,Moderate Debt
USR-08308,28,Male,Healthcare / Shift Worker,Intermediate,43,Instagram / Reddit,63,0,106,10,56.4,4.11,13.3,14.8,5,8.5,Moderate Debt
USR-08309,30,Male,Remote Tech,Intermediate,113,Streaming (Netflix/Hulu),81,0,31,8,82.5,5.0,11.7,18.6,5,9.1,Severe Sleep Debt
USR-08310,33,Female,Student,Intermediate,97,YouTube,50,1,75,46,49.2,6.75,20.7,21.9,3,3.3,Mild Deficit
USR-08311,32,Male,Healthcare / Shift Worker,Night Owl,53,News / Reading,82,0,79,27,36.0,3.63,18.1,18.2,4,8.6,Severe Sleep Debt
USR-08312,26,Male,Corporate 9-to-5,Night Owl,71,Instagram / Reddit,94,0,0,26,52.2,4.19,21.1,13.5,4,7.5,Moderate Debt
USR-08313,19,Male,Student,Intermediate,109,Instagram / Reddit,75,1,0,38,56.2,5.66,20.6,22.6,4,5.5,Moderate Debt
USR-08314,36,Female,Freelance / Creative,Night Owl,53,Instagram / Reddit,67,0,86,0,53.8,4.92,21.8,19.5,4,6.8,Moderate Debt
USR-08315,29,Male,Remote Tech,Night Owl,10,YouTube,62,0,0,46,11.4,8.1,21.4,19.0,1,1.0,Optimal Recovery
USR-08316,27,Female,Corporate 9-to-5,Intermediate,71,TikTok / Reels,68,1,44,24,62.6,6.57,24.4,18.5,2,4.5,Moderate Debt
USR-08317,49,Female,Corporate 9-to-5,Morning Lark,87,Streaming (Netflix/Hulu),63,0,0,19,40.3,5.8,23.1,18.5,5,4.3,Moderate Debt
USR-08318,42,Female,Corporate 9-to-5,Intermediate,89,News / Reading,31,0,0,29,40.2,5.0,23.0,19.9,3,5.1,Moderate Debt
USR-08319,49,Male,Corporate 9-to-5,Intermediate,27,TikTok / Reels,82,1,0,42,20.4,7.92,23.7,19.3,2,1.0,Optimal Recovery
USR-08320,32,Male,Remote Tech,Intermediate,114,Messaging / Chat,57,1,70,25,67.2,5.59,18.3,20.0,5,6.4,Moderate Debt
USR-08321,22,Female,Corporate 9-to-5,Intermediate,180,YouTube,100,0,0,15,89.3,3.2,16.2,19.4,6,10.0,Severe Sleep Debt
USR-08322,40,Male,Corporate 9-to-5,Intermediate,88,YouTube,100,0,0,58,50.3,6.59,19.9,23.1,3,3.5,Moderate Debt
USR-08323,24,Female,Remote Tech,Intermediate,42,Messaging / Chat,50,0,0,16,35.9,6.14,21.9,18.0,2,2.9,Moderate Debt
USR-08324,30,Female,Remote Tech,Intermediate,65,TikTok / Reels,59,1,63,7,43.5,6.55,22.0,19.3,2,3.8,Moderate Debt
USR-08325,20,Male,Remote Tech,Morning Lark,77,TikTok / Reels,46,0,52,24,52.3,7.0,16.7,15.5,3,3.2,Mild Deficit
USR-08326,46,Female,Student,Morning Lark,82,Messaging / Chat,36,0,118,35,54.4,6.42,19.7,17.5,3,4.3,Moderate Debt
USR-08327,22,Male,Corporate 9-to-5,Intermediate,59,YouTube,54,1,20,9,41.7,5.78,20.9,21.9,3,3.2,Moderate Debt
USR-08328,53,Female,Corporate 9-to-5,Intermediate,24,Streaming (Netflix/Hulu),56,0,66,32,29.4,7.91,23.4,17.9,1,1.0,Optimal Recovery
USR-08329,49,Female,Corporate 9-to-5,Night Owl,81,Streaming (Netflix/Hulu),29,0,46,48,34.5,4.33,24.3,18.0,3,5.7,Moderate Debt
USR-08330,31,Male,Remote Tech,Morning Lark,33,TikTok / Reels,33,0,0,58,26.0,9.01,24.9,18.0,1,1.0,Optimal Recovery
USR-08331,42,Male,Corporate 9-to-5,Morning Lark,42,YouTube,10,1,0,1,23.7,8.44,22.5,18.8,0,1.0,Optimal Recovery
USR-08332,37,Female,Student,Intermediate,29,News / Reading,32,0,0,47,26.6,7.15,23.9,18.6,3,1.5,Mild Deficit
USR-08333,45,Male,Corporate 9-to-5,Intermediate,22,YouTube,72,1,20,26,15.5,7.92,25.5,19.3,1,1.0,Optimal Recovery
USR-08334,30,Male,Freelance / Creative,Intermediate,41,Instagram / Reddit,84,1,0,38,36.8,6.81,23.8,20.4,3,2.2,Mild Deficit
USR-08335,44,Male,Remote Tech,Intermediate,63,YouTube,16,1,0,16,43.4,6.73,23.7,18.1,3,3.4,Moderate Debt
USR-08336,31,Female,Remote Tech,Morning Lark,36,Messaging / Chat,28,0,0,17,27.8,8.63,20.7,20.7,1,1.0,Optimal Recovery
USR-08337,56,Male,Healthcare / Shift Worker,Morning Lark,28,News / Reading,80,0,0,28,24.4,6.89,22.9,21.6,2,1.7,Mild Deficit
USR-08338,32,Male,Student,Morning Lark,52,TikTok / Reels,38,1,0,21,44.9,7.77,26.1,20.2,3,1.6,Optimal Recovery
USR-08339,31,Female,Student,Intermediate,12,Streaming (Netflix/Hulu),46,1,54,17,16.9,8.65,21.0,19.9,1,1.0,Optimal Recovery
USR-08340,44,Male,Freelance / Creative,Night Owl,6,Messaging / Chat,41,1,20,12,11.0,6.13,22.2,22.1,3,1.8,Moderate Debt
USR-08341,46,Male,Remote Tech,Intermediate,91,Messaging / Chat,73,0,20,36,47.5,5.61,19.2,19.1,3,5.9,Moderate Debt
USR-08342,34,Male,Healthcare / Shift Worker,Morning Lark,19,Instagram / Reddit,88,0,0,26,26.5,6.79,27.2,18.3,1,1.0,Mild Deficit
USR-08343,23,Male,Remote Tech,Night Owl,55,TikTok / Reels,56,1,0,2,38.6,5.28,17.6,16.4,4,5.2,Moderate Debt
USR-08344,31,Male,Healthcare / Shift Worker,Night Owl,92,YouTube,46,0,48,15,47.9,4.08,22.6,21.7,4,7.9,Moderate Debt
USR-08345,60,Male,Corporate 9-to-5,Morning Lark,56,Streaming (Netflix/Hulu),51,1,0,53,38.3,7.79,22.5,22.4,2,1.0,Optimal Recovery
USR-08346,42,Male,Corporate 9-to-5,Intermediate,30,News / Reading,73,0,33,5,38.5,6.42,14.3,21.8,1,2.9,Moderate Debt
USR-08347,45,Male,Student,Morning Lark,53,Instagram / Reddit,66,0,38,53,40.3,6.28,23.5,16.3,2,3.0,Moderate Debt
USR-08348,19,Male,Corporate 9-to-5,Morning Lark,33,TikTok / Reels,50,0,0,23,40.6,7.88,28.0,17.7,1,1.0,Optimal Recovery
USR-08349,31,Female,Corporate 9-to-5,Intermediate,40,TikTok / Reels,54,0,0,55,33.4,6.88,25.4,20.7,3,1.0,Mild Deficit
USR-08350,38,Female,Corporate 9-to-5,Night Owl,15,News / Reading,41,0,134,23,28.3,5.48,16.6,17.7,1,3.7,Moderate Debt
USR-08351,46,Male,Student,Intermediate,6,Instagram / Reddit,42,0,21,56,32.0,7.71,25.0,20.2,2,1.0,Mild Deficit
USR-08352,19,Female,Healthcare / Shift Worker,Night Owl,38,Instagram / Reddit,27,0,64,67,49.3,3.71,22.9,20.6,5,7.0,Moderate Debt
USR-08353,48,Male,Student,Intermediate,21,Streaming (Netflix/Hulu),78,1,0,40,22.4,6.78,25.6,20.7,3,1.9,Mild Deficit
USR-08354,34,Male,Healthcare / Shift Worker,Night Owl,70,Messaging / Chat,10,1,28,36,24.3,3.97,21.3,21.3,3,5.7,Moderate Debt
USR-08355,24,Male,Remote Tech,Morning Lark,51,TikTok / Reels,61,0,40,56,51.4,6.81,21.2,18.3,2,2.0,Mild Deficit
USR-08356,27,Non-Binary,Corporate 9-to-5,Morning Lark,40,YouTube,54,0,0,34,37.0,8.85,17.5,25.8,0,1.0,Optimal Recovery
USR-08357,26,Male,Corporate 9-to-5,Night Owl,135,Messaging / Chat,53,0,69,13,67.1,4.95,12.0,18.5,4,8.3,Moderate Debt
USR-08358,33,Female,Remote Tech,Intermediate,62,Streaming (Netflix/Hulu),43,1,0,9,37.1,5.69,25.9,21.2,2,2.9,Moderate Debt
USR-08359,19,Male,Corporate 9-to-5,Intermediate,57,TikTok / Reels,49,0,60,40,43.4,6.99,18.7,18.7,1,2.4,Mild Deficit
USR-08360,23,Female,Corporate 9-to-5,Intermediate,111,TikTok / Reels,90,0,20,25,66.5,5.61,17.5,14.5,6,7.5,Moderate Debt
USR-08361,45,Female,Remote Tech,Intermediate,26,YouTube,56,1,0,42,26.3,6.91,24.0,21.8,2,1.9,Mild Deficit
USR-08362,22,Female,Student,Intermediate,35,News / Reading,58,1,59,39,35.2,6.41,21.1,20.4,2,1.4,Moderate Debt
USR-08363,25,Female,Remote Tech,Intermediate,23,TikTok / Reels,59,0,0,15,24.5,7.71,20.7,18.2,1,1.0,Mild Deficit
USR-08364,31,Female,Healthcare / Shift Worker,Night Owl,50,Messaging / Chat,41,1,33,43,40.1,3.79,23.2,17.7,7,8.7,Severe Sleep Debt
USR-08365,33,Female,Student,Intermediate,159,TikTok / Reels,44,0,84,60,91.3,4.11,21.0,16.3,5,9.6,Severe Sleep Debt
USR-08366,43,Male,Student,Intermediate,36,YouTube,66,1,0,33,21.9,7.7,24.9,21.5,0,1.0,Mild Deficit
USR-08367,31,Male,Freelance / Creative,Morning Lark,47,Messaging / Chat,38,1,66,22,30.2,7.98,25.5,14.9,0,1.0,Optimal Recovery
USR-08368,44,Female,Corporate 9-to-5,Night Owl,18,Messaging / Chat,53,0,0,14,22.0,5.43,21.9,17.3,2,2.6,Moderate Debt
USR-08369,36,Female,Student,Intermediate,92,TikTok / Reels,78,1,0,55,66.9,5.73,22.6,21.2,5,6.1,Moderate Debt
USR-08370,21,Male,Healthcare / Shift Worker,Morning Lark,124,TikTok / Reels,42,0,0,16,72.1,4.29,20.3,19.9,7,10.0,Severe Sleep Debt
USR-08371,23,Male,Remote Tech,Morning Lark,36,YouTube,53,1,0,70,27.2,7.52,28.0,21.9,1,1.0,Mild Deficit
USR-08372,30,Male,Healthcare / Shift Worker,Intermediate,180,TikTok / Reels,49,1,0,35,107.2,3.2,21.8,20.2,7,10.0,Severe Sleep Debt
USR-08373,29,Female,Remote Tech,Intermediate,11,Messaging / Chat,65,0,62,47,27.9,7.71,20.8,18.3,2,1.9,Mild Deficit
USR-08374,42,Male,Remote Tech,Intermediate,44,YouTube,58,0,0,26,31.0,7.18,21.7,22.7,3,1.5,Mild Deficit
USR-08375,35,Male,Corporate 9-to-5,Intermediate,35,Instagram / Reddit,41,1,101,56,31.7,5.94,22.5,20.1,3,4.3,Moderate Debt
USR-08376,29,Male,Freelance / Creative,Intermediate,53,TikTok / Reels,44,0,20,16,49.0,6.22,24.9,16.4,3,2.4,Moderate Debt
USR-08377,23,Female,Healthcare / Shift Worker,Night Owl,83,TikTok / Reels,42,1,0,61,49.3,3.2,21.7,20.6,5,8.2,Moderate Debt
USR-08378,25,Female,Healthcare / Shift Worker,Morning Lark,120,YouTube,41,0,58,17,66.2,4.18,20.0,16.4,6,9.3,Severe Sleep Debt
USR-08379,35,Female,Student,Intermediate,32,TikTok / Reels,20,0,0,23,23.5,8.08,28.0,21.1,1,1.0,Optimal Recovery
USR-08380,30,Female,Corporate 9-to-5,Intermediate,63,Streaming (Netflix/Hulu),59,0,65,28,40.5,6.38,17.1,17.3,2,3.2,Moderate Debt
USR-08381,33,Female,Corporate 9-to-5,Intermediate,58,Messaging / Chat,42,1,0,84,34.8,6.11,25.2,17.9,2,2.4,Moderate Debt
USR-08382,23,Male,Healthcare / Shift Worker,Morning Lark,90,TikTok / Reels,65,0,86,24,82.2,5.23,16.1,18.4,7,9.6,Severe Sleep Debt
USR-08383,38,Male,Remote Tech,Morning Lark,39,Streaming (Netflix/Hulu),57,1,0,32,23.8,8.23,18.1,19.0,1,1.0,Optimal Recovery
USR-08384,48,Male,Corporate 9-to-5,Morning Lark,30,Messaging / Chat,47,0,0,63,21.6,8.24,27.8,24.2,1,1.0,Optimal Recovery
USR-08385,26,Male,Remote Tech,Intermediate,33,YouTube,46,1,148,59,35.2,7.32,16.6,17.7,2,2.0,Mild Deficit
USR-08386,32,Female,Remote Tech,Intermediate,76,News / Reading,29,0,0,60,42.4,6.19,26.6,19.1,3,5.6,Moderate Debt
USR-08387,61,Non-Binary,Student,Morning Lark,14,TikTok / Reels,58,0,0,7,22.0,9.25,17.2,16.1,0,1.0,Optimal Recovery
USR-08388,28,Male,Remote Tech,Intermediate,34,TikTok / Reels,53,1,0,28,35.6,7.9,23.0,17.5,1,1.0,Optimal Recovery
USR-08389,36,Female,Student,Intermediate,47,YouTube,43,1,20,53,32.9,6.58,23.7,17.2,2,2.5,Moderate Debt
USR-08390,21,Female,Healthcare / Shift Worker,Night Owl,62,News / Reading,15,0,0,52,35.4,5.15,22.3,19.1,5,5.4,Moderate Debt
USR-08391,36,Male,Corporate 9-to-5,Morning Lark,60,YouTube,51,0,56,46,59.0,7.53,23.3,18.7,3,3.4,Mild Deficit
USR-08392,21,Male,Corporate 9-to-5,Intermediate,24,YouTube,52,1,0,9,22.0,6.34,23.2,19.0,2,1.0,Moderate Debt
USR-08393,59,Female,Remote Tech,Night Owl,18,Messaging / Chat,77,1,46,30,28.4,5.36,23.8,17.7,3,3.6,Moderate Debt
USR-08394,41,Male,Freelance / Creative,Night Owl,66,News / Reading,56,1,0,6,42.7,4.24,19.0,24.0,5,6.4,Moderate Debt
USR-08395,44,Male,Remote Tech,Intermediate,32,News / Reading,79,0,82,37,36.8,6.87,20.0,18.0,1,2.4,Mild Deficit
USR-08396,40,Male,Remote Tech,Intermediate,47,Instagram / Reddit,42,1,20,34,27.8,7.16,27.4,19.9,2,1.0,Mild Deficit
USR-08397,35,Female,Student,Night Owl,27,Streaming (Netflix/Hulu),50,0,75,30,33.3,7.09,19.0,14.1,2,3.5,Mild Deficit
USR-08398,31,Female,Remote Tech,Night Owl,26,YouTube,35,1,0,44,19.3,6.14,28.0,19.7,2,1.9,Moderate Debt
USR-08399,49,Male,Freelance / Creative,Night Owl,71,Streaming (Netflix/Hulu),50,0,0,34,38.3,4.71,18.1,19.8,4,6.1,Moderate Debt
USR-08400,58,Male,Healthcare / Shift Worker,Morning Lark,55,YouTube,72,0,0,29,44.6,5.02,19.7,21.7,4,4.8,Moderate Debt
USR-08401,32,Female,Remote Tech,Morning Lark,42,Streaming (Netflix/Hulu),72,1,82,28,30.5,8.55,27.5,20.6,0,1.0,Optimal Recovery
USR-08402,55,Female,Student,Intermediate,50,YouTube,59,0,62,45,31.6,7.04,17.5,21.9,2,2.5,Mild Deficit
USR-08403,35,Female,Corporate 9-to-5,Night Owl,36,Messaging / Chat,28,0,0,44,42.0,5.94,25.6,19.1,2,2.0,Moderate Debt
USR-08404,34,Female,Student,Night Owl,52,TikTok / Reels,27,0,66,22,46.6,5.22,20.9,13.4,3,4.6,Moderate Debt
USR-08405,31,Male,Student,Night Owl,41,Instagram / Reddit,50,1,0,8,37.8,4.67,22.2,17.2,4,4.6,Moderate Debt
USR-08406,24,Male,Remote Tech,Intermediate,121,YouTube,41,1,46,40,52.2,5.45,23.1,17.9,4,5.5,Moderate Debt
USR-08407,18,Female,Corporate 9-to-5,Intermediate,34,TikTok / Reels,68,0,0,51,23.8,7.22,25.0,17.0,3,1.5,Mild Deficit
USR-08408,25,Female,Freelance / Creative,Intermediate,28,TikTok / Reels,64,1,84,43,27.7,6.98,18.8,21.1,2,1.5,Mild Deficit
USR-08409,33,Male,Remote Tech,Night Owl,97,TikTok / Reels,62,0,0,43,66.6,3.85,19.8,18.8,5,7.7,Moderate Debt
USR-08410,29,Female,Student,Intermediate,43,Messaging / Chat,44,0,0,19,37.8,6.78,16.1,20.1,1,2.7,Mild Deficit
USR-08411,31,Male,Corporate 9-to-5,Night Owl,102,News / Reading,58,1,0,36,43.9,4.92,22.0,21.2,4,5.0,Moderate Debt
USR-08412,62,Male,Remote Tech,Intermediate,72,TikTok / Reels,62,1,0,25,69.5,5.53,23.8,18.1,4,5.4,Moderate Debt
USR-08413,28,Male,Healthcare / Shift Worker,Morning Lark,26,TikTok / Reels,48,1,0,36,30.8,6.57,23.3,15.3,3,2.6,Moderate Debt
USR-08414,31,Female,Remote Tech,Night Owl,53,Instagram / Reddit,50,1,0,17,29.1,5.76,26.4,22.4,3,2.0,Moderate Debt
USR-08415,22,Female,Student,Morning Lark,21,YouTube,61,1,0,27,12.3,8.23,26.4,24.3,0,1.0,Optimal Recovery
USR-08416,19,Female,Corporate 9-to-5,Intermediate,115,TikTok / Reels,33,0,59,16,62.7,5.97,19.4,15.3,3,4.4,Moderate Debt
USR-08417,43,Female,Remote Tech,Night Owl,28,News / Reading,43,1,33,31,22.4,6.32,26.6,21.3,4,2.3,Moderate Debt
USR-08418,35,Female,Freelance / Creative,Intermediate,5,News / Reading,42,0,0,26,13.1,7.8,20.9,20.6,0,1.0,Optimal Recovery
USR-08419,43,Male,Remote Tech,Night Owl,23,TikTok / Reels,75,1,129,33,34.7,5.87,24.5,19.7,3,3.9,Moderate Debt
USR-08420,22,Male,Freelance / Creative,Intermediate,131,Instagram / Reddit,44,0,0,15,65.8,5.29,24.5,22.0,3,4.7,Moderate Debt
USR-08421,35,Male,Freelance / Creative,Night Owl,64,TikTok / Reels,56,0,40,0,43.0,3.53,17.3,16.9,6,9.8,Severe Sleep Debt
USR-08422,25,Female,Freelance / Creative,Morning Lark,53,YouTube,68,0,0,53,33.6,7.52,24.7,22.6,1,1.0,Mild Deficit
USR-08423,25,Male,Healthcare / Shift Worker,Intermediate,13,Streaming (Netflix/Hulu),40,0,20,1,18.8,6.0,16.0,21.4,2,2.8,Moderate Debt
USR-08424,18,Male,Corporate 9-to-5,Intermediate,137,Instagram / Reddit,73,0,20,54,85.2,5.28,21.4,17.8,5,7.2,Moderate Debt
USR-08425,22,Female,Freelance / Creative,Intermediate,106,YouTube,74,0,0,20,55.6,4.88,16.1,17.8,6,8.0,Moderate Debt
USR-08426,27,Male,Corporate 9-to-5,Intermediate,23,Messaging / Chat,13,1,0,58,17.5,8.91,26.1,22.9,0,1.0,Optimal Recovery
USR-08427,21,Female,Corporate 9-to-5,Night Owl,12,Instagram / Reddit,62,1,99,50,26.5,6.44,20.7,16.3,2,2.5,Moderate Debt
USR-08428,63,Female,Corporate 9-to-5,Night Owl,80,YouTube,76,1,81,25,54.9,5.99,18.7,18.9,3,4.3,Moderate Debt
USR-08429,27,Female,Corporate 9-to-5,Night Owl,92,YouTube,47,1,182,13,55.1,3.27,15.5,18.9,6,10.0,Severe Sleep Debt
USR-08430,22,Male,Student,Intermediate,66,Instagram / Reddit,66,1,0,49,39.0,6.89,24.6,19.9,4,3.3,Mild Deficit
USR-08431,24,Male,Remote Tech,Intermediate,105,TikTok / Reels,29,1,0,14,59.6,5.19,17.8,17.4,4,6.3,Moderate Debt
USR-08432,35,Female,Corporate 9-to-5,Intermediate,59,TikTok / Reels,23,1,0,10,43.5,6.99,26.1,21.1,3,2.6,Mild Deficit
USR-08433,20,Female,Remote Tech,Night Owl,32,Streaming (Netflix/Hulu),47,1,0,41,26.8,6.24,19.3,22.4,3,3.2,Moderate Debt
USR-08434,49,Female,Remote Tech,Morning Lark,111,TikTok / Reels,35,1,0,64,60.3,5.9,22.4,23.0,4,4.3,Moderate Debt
USR-08435,59,Female,Student,Intermediate,31,Streaming (Netflix/Hulu),62,1,240,0,46.5,6.15,14.0,17.6,3,6.9,Moderate Debt
USR-08436,25,Female,Corporate 9-to-5,Intermediate,50,TikTok / Reels,61,0,0,29,44.8,4.98,16.5,18.2,3,6.9,Moderate Debt
USR-08437,31,Female,Corporate 9-to-5,Intermediate,65,Messaging / Chat,90,0,91,18,36.4,6.8,15.7,19.4,2,4.0,Mild Deficit
USR-08438,18,Female,Corporate 9-to-5,Night Owl,47,Streaming (Netflix/Hulu),71,0,21,0,38.8,5.13,13.9,22.3,3,5.7,Moderate Debt
USR-08439,37,Male,Corporate 9-to-5,Intermediate,118,News / Reading,43,0,70,32,48.3,5.98,25.4,20.9,3,4.9,Moderate Debt
USR-08440,30,Male,Remote Tech,Night Owl,100,TikTok / Reels,56,1,93,46,65.1,5.59,21.6,15.7,3,6.8,Moderate Debt
USR-08441,26,Male,Remote Tech,Intermediate,32,YouTube,59,1,105,44,28.4,6.91,23.2,16.6,2,1.0,Mild Deficit
USR-08442,24,Female,Corporate 9-to-5,Night Owl,118,YouTube,66,0,0,29,65.4,4.13,17.3,22.1,5,7.7,Moderate Debt
USR-08443,38,Female,Remote Tech,Intermediate,12,News / Reading,13,0,0,85,18.2,7.27,28.0,23.5,1,1.0,Mild Deficit
USR-08444,30,Female,Remote Tech,Intermediate,12,YouTube,46,1,0,42,14.8,8.3,23.1,21.7,1,1.0,Optimal Recovery
USR-08445,23,Female,Freelance / Creative,Intermediate,180,TikTok / Reels,76,1,43,50,114.9,3.2,17.2,18.3,7,10.0,Severe Sleep Debt
USR-08446,39,Female,Corporate 9-to-5,Intermediate,100,YouTube,63,0,0,32,55.5,4.93,20.1,20.3,5,7.0,Moderate Debt
USR-08447,35,Male,Healthcare / Shift Worker,Intermediate,22,Instagram / Reddit,56,0,155,75,34.9,6.52,23.3,15.6,3,5.2,Moderate Debt
USR-08448,49,Male,Student,Intermediate,43,Streaming (Netflix/Hulu),45,0,0,40,21.4,7.37,19.6,22.7,2,1.0,Mild Deficit
USR-08449,21,Female,Corporate 9-to-5,Morning Lark,43,Instagram / Reddit,52,1,36,26,34.4,7.38,23.9,17.9,2,2.4,Mild Deficit
USR-08450,44,Female,Freelance / Creative,Intermediate,89,TikTok / Reels,56,0,32,26,58.7,6.51,18.7,17.9,3,6.0,Moderate Debt
USR-08451,39,Male,Student,Intermediate,76,Streaming (Netflix/Hulu),37,1,0,10,39.0,5.87,24.9,19.8,4,4.9,Moderate Debt
USR-08452,21,Female,Student,Intermediate,113,Instagram / Reddit,60,1,54,55,71.0,5.27,22.7,19.0,5,7.3,Moderate Debt
USR-08453,40,Male,Remote Tech,Night Owl,30,Instagram / Reddit,56,1,0,35,39.0,6.19,24.9,18.5,3,2.2,Moderate Debt
USR-08454,30,Non-Binary,Remote Tech,Night Owl,93,Instagram / Reddit,47,1,114,50,65.1,4.9,20.0,18.8,5,7.4,Moderate Debt
USR-08455,57,Non-Binary,Corporate 9-to-5,Intermediate,28,Streaming (Netflix/Hulu),47,0,0,50,23.9,7.89,22.7,23.5,0,1.0,Optimal Recovery
USR-08456,22,Female,Corporate 9-to-5,Intermediate,66,TikTok / Reels,30,0,0,0,48.8,6.72,18.6,21.1,1,2.5,Moderate Debt
USR-08457,37,Female,Healthcare / Shift Worker,Morning Lark,66,News / Reading,77,0,0,44,45.6,4.84,19.0,20.4,3,5.9,Moderate Debt
USR-08458,29,Female,Healthcare / Shift Worker,Intermediate,47,TikTok / Reels,65,0,46,29,32.8,5.12,19.2,20.5,3,5.0,Moderate Debt
USR-08459,58,Male,Corporate 9-to-5,Night Owl,28,News / Reading,61,0,0,28,21.6,5.3,25.5,18.6,5,4.4,Moderate Debt
USR-08460,27,Male,Healthcare / Shift Worker,Morning Lark,70,Instagram / Reddit,66,1,0,46,43.7,5.71,26.1,18.1,2,3.4,Moderate Debt
USR-08461,59,Male,Student,Morning Lark,92,Streaming (Netflix/Hulu),10,1,0,34,39.9,5.74,23.9,22.0,4,4.5,Moderate Debt
USR-08462,52,Male,Corporate 9-to-5,Intermediate,176,TikTok / Reels,89,1,124,57,117.6,4.5,17.0,15.3,6,10.0,Severe Sleep Debt
USR-08463,26,Male,Remote Tech,Night Owl,49,Messaging / Chat,10,1,83,41,34.1,5.6,21.1,17.2,3,4.1,Moderate Debt
USR-08464,45,Male,Remote Tech,Intermediate,44,YouTube,73,1,0,22,33.3,6.62,20.6,19.1,2,3.2,Moderate Debt
USR-08465,65,Male,Student,Night Owl,115,Streaming (Netflix/Hulu),57,0,121,4,64.6,4.42,18.0,18.0,4,8.7,Severe Sleep Debt
USR-08466,25,Male,Healthcare / Shift Worker,Night Owl,110,Streaming (Netflix/Hulu),34,1,43,29,52.0,3.2,19.5,17.8,6,10.0,Severe Sleep Debt
USR-08467,30,Male,Corporate 9-to-5,Morning Lark,16,YouTube,57,1,0,38,21.0,9.08,24.3,19.5,0,1.0,Optimal Recovery
USR-08468,33,Female,Remote Tech,Morning Lark,94,News / Reading,65,1,0,46,32.2,6.68,22.4,23.4,3,1.9,Moderate Debt
USR-08469,27,Male,Student,Intermediate,87,Instagram / Reddit,45,1,0,0,39.3,5.67,25.5,18.7,4,5.0,Moderate Debt
USR-08470,18,Female,Healthcare / Shift Worker,Intermediate,46,Instagram / Reddit,79,1,119,22,38.6,4.89,22.1,21.4,4,5.4,Moderate Debt
USR-08471,25,Female,Corporate 9-to-5,Intermediate,59,Messaging / Chat,25,1,0,74,30.0,6.81,24.8,18.1,0,1.0,Mild Deficit
USR-08472,26,Male,Remote Tech,Morning Lark,17,YouTube,34,0,178,40,26.4,8.48,17.7,14.3,1,1.0,Optimal Recovery
USR-08473,30,Male,Healthcare / Shift Worker,Morning Lark,92,Instagram / Reddit,30,1,0,58,50.1,5.68,23.2,19.8,3,4.5,Moderate Debt
USR-08474,23,Male,Corporate 9-to-5,Morning Lark,81,Instagram / Reddit,26,1,38,7,43.8,7.36,19.4,19.2,2,1.1,Mild Deficit
USR-08475,50,Female,Remote Tech,Night Owl,120,Instagram / Reddit,58,0,69,54,72.2,3.2,17.8,19.6,6,10.0,Severe Sleep Debt
USR-08476,40,Male,Healthcare / Shift Worker,Night Owl,30,TikTok / Reels,87,1,0,29,29.8,4.32,19.0,13.4,4,5.9,Moderate Debt
USR-08477,20,Female,Corporate 9-to-5,Morning Lark,34,TikTok / Reels,72,0,0,33,32.7,7.79,21.6,20.5,1,1.0,Optimal Recovery
USR-08478,38,Male,Healthcare / Shift Worker,Morning Lark,48,TikTok / Reels,49,1,20,12,35.4,6.39,20.1,16.2,2,2.2,Moderate Debt
USR-08479,38,Female,Corporate 9-to-5,Morning Lark,14,TikTok / Reels,83,0,0,38,14.8,7.83,18.1,17.0,1,1.3,Optimal Recovery
USR-08480,58,Male,Corporate 9-to-5,Night Owl,40,Streaming (Netflix/Hulu),76,0,0,57,31.8,6.23,23.6,20.2,3,2.5,Moderate Debt
USR-08481,18,Male,Corporate 9-to-5,Night Owl,112,TikTok / Reels,42,1,0,4,54.3,5.79,24.2,20.3,4,4.6,Moderate Debt
USR-08482,25,Female,Corporate 9-to-5,Intermediate,69,TikTok / Reels,49,0,0,19,51.2,5.83,22.3,18.0,4,5.1,Moderate Debt
USR-08483,55,Male,Corporate 9-to-5,Intermediate,14,Instagram / Reddit,61,0,24,33,17.0,8.79,21.6,15.9,0,1.0,Optimal Recovery
USR-08484,55,Male,Student,Intermediate,31,News / Reading,39,0,0,74,15.8,7.18,25.7,25.1,1,1.0,Mild Deficit
USR-08485,41,Female,Corporate 9-to-5,Intermediate,30,YouTube,35,0,195,28,44.9,6.65,19.0,18.3,3,3.9,Moderate Debt
USR-08486,43,Female,Freelance / Creative,Intermediate,136,Messaging / Chat,70,0,0,19,67.5,4.41,16.4,22.3,5,7.7,Moderate Debt
USR-08487,21,Female,Remote Tech,Intermediate,76,YouTube,74,0,49,55,45.0,5.94,19.7,16.2,3,5.2,Moderate Debt
USR-08488,33,Female,Remote Tech,Night Owl,113,TikTok / Reels,35,1,0,42,65.3,4.3,20.4,14.3,6,8.9,Severe Sleep Debt
USR-08489,25,Male,Remote Tech,Morning Lark,11,TikTok / Reels,62,1,0,17,20.5,8.47,23.6,15.9,0,1.0,Optimal Recovery
USR-08490,23,Male,Student,Night Owl,50,YouTube,62,1,0,54,40.1,4.73,23.5,18.7,4,5.2,Moderate Debt
USR-08491,45,Female,Remote Tech,Intermediate,30,TikTok / Reels,33,1,0,51,24.1,6.98,27.7,22.5,2,1.7,Mild Deficit
USR-08492,22,Female,Corporate 9-to-5,Intermediate,34,YouTube,61,0,0,15,18.0,7.84,19.8,18.2,0,1.0,Optimal Recovery
USR-08493,31,Male,Healthcare / Shift Worker,Night Owl,41,Instagram / Reddit,65,0,38,74,45.0,3.39,25.5,18.7,6,8.0,Moderate Debt
USR-08494,56,Female,Remote Tech,Night Owl,45,Streaming (Netflix/Hulu),66,1,53,39,33.8,6.14,20.4,23.5,3,3.2,Moderate Debt
USR-08495,24,Female,Corporate 9-to-5,Night Owl,40,TikTok / Reels,49,1,0,13,26.0,6.03,16.9,18.6,1,2.5,Moderate Debt
USR-08496,61,Female,Remote Tech,Night Owl,18,Streaming (Netflix/Hulu),61,1,60,74,21.0,5.57,26.5,18.1,3,3.2,Moderate Debt
USR-08497,64,Male,Student,Night Owl,138,TikTok / Reels,58,1,0,58,84.3,3.99,20.4,19.4,7,10.0,Severe Sleep Debt
USR-08498,34,Male,Corporate 9-to-5,Intermediate,56,Streaming (Netflix/Hulu),56,0,94,33,40.6,7.58,17.4,20.7,2,3.7,Mild Deficit
USR-08499,23,Male,Healthcare / Shift Worker,Night Owl,165,TikTok / Reels,72,0,0,52,123.3,3.2,14.2,15.8,7,10.0,Severe Sleep Debt
USR-08500,27,Female,Student,Night Owl,108,Instagram / Reddit,35,1,0,23,55.7,4.04,27.3,18.7,5,6.7,Moderate Debt
